node_id,x,y,z,scalar_flux,angular_flux_0,direction_cosine_0,angular_flux_1,direction_cosine_1,angular_flux_2,direction_cosine_2,angular_flux_3,direction_cosine_3,angular_flux_4,direction_cosine_4,angular_flux_5,direction_cosine_5,angular_flux_6,direction_cosine_6,angular_flux_7,direction_cosine_7,angular_flux_8,direction_cosine_8,angular_flux_9,direction_cosine_9,angular_flux_10,direction_cosine_10,angular_flux_11,direction_cosine_11
0,1,0,0,-4.4720703039133819e-09,-1.966723500540184e-12,-0.98156063424671924,2.8323271988463503e-12,-0.9041172563704748,1.187245031089012e-12,-0.76990267419430469,2.5602297168395597e-13,-0.58731795428661759,-1.7781493119173217e-14,-0.36783149899818013,1.4983517444455836e-17,-0.12523340851146897,-5.1268247973718116e-10,0.12523340851146886,-6.788236911762823e-10,0.36783149899818024,-7.815563176215021e-10,0.58731795428661748,-8.3680988129227357e-10,0.76990267419430469,-8.6113684870121551e-10,0.9041172563704748,-8.7196458657926223e-10,0.98156063424671924
1,0.99994355597294937,0,0,3.7259748371317403e-08,1.2504433516035955e-08,-0.98156063424671924,9.6225163442118782e-09,-0.9041172563704748,5.8710689422583006e-09,-0.76990267419430469,2.7064081359476471e-09,-0.58731795428661759,8.2585125297174549e-10,-0.36783149899818013,7.9813859533619465e-11,-0.12523340851146897,-4.3261891856960387e-10,0.12523340851146886,1.4707941274165148e-10,0.36783149899818024,1.9245973917117178e-09,0.58731795428661748,5.0330649337905773e-09,0.76990267419430469,8.7585382811038341e-09,0.9041172563704748,1.163442619486995e-08,0.98156063424671924
2,0.99981081585468701,0,0,4.6431623407777283e-07,1.4048379995900111e-07,-0.98156063424671924,1.0806191228945345e-07,-0.9041172563704748,6.5938501089047603e-08,-0.76990267419430469,3.0399280561052922e-08,-0.58731795428661759,9.2779913075147648e-09,-0.36783149899818013,8.9936098857194376e-10,-0.12523340851146897,3.8751473810577931e-10,0.12523340851146886,8.5992996455537555e-09,0.36783149899818024,2.9617473650475976e-08,0.58731795428661748,6.5100480972223042e-08,0.76990267419430469,1.0719791339868321e-07,0.9041172563704748,1.3961377046545351e-07,0.98156063424671924
3,0.99960228318596389,0,0,2.0671149856562817e-06,6.2080508132089405e-07,-0.98156063424671924,4.7751636082178431e-07,-0.9041172563704748,2.9137867017832076e-07,-0.76990267419430469,1.3433415487998676e-07,-0.58731795428661759,4.1000451591753831e-08,-0.36783149899818013,3.9770409030429754e-09,-0.12523340851146897,3.4661140021419546e-09,0.12523340851146886,4.0321886048944911e-08,0.36783149899818024,1.3355235421699138e-07,0.58731795428661748,2.9054062497199206e-07,0.76990267419430469,4.7665232941633422e-07,0.9041172563704748,6.1993501719398225e-07,0.98156063424671924
4,0.99931810070542715,0,0,6.0841994713234493e-06,1.8246296652032051e-06,-0.98156063424671924,1.4034765342355588e-06,-0.9041172563704748,8.5639734108617328e-07,-0.76990267419430469,3.9482540474885193e-07,-0.58731795428661759,1.2050664647869982e-07,-0.36783149899818013,1.1692102979972023e-08,-0.12523340851146897,1.1182424869325327e-08,0.12523340851146886,1.1982825312158443e-07,0.36783149899818024,3.9404361304145869e-07,0.58731795428661748,8.5555926211367366e-07,0.76990267419430469,1.4026124589231577e-06,0.9041172563704748,1.8237595542700058e-06,0.98156063424671924
5,0.99895844378909837,0,0,1.419767745584855e-05,4.2560443828378941e-06,-0.98156063424671924,3.2736769683655722e-06,-0.9041172563704748,1.9975892538041066e-06,-0.76990267419430469,9.2095069681989648e-07,-0.58731795428661759,2.8108907290607422e-07,-0.36783149899818013,2.7275886115603466e-08,-0.12523340851146897,2.6767781744250454e-08,0.12523340851146886,2.8041089798092972e-07,0.36783149899818024,9.2016891717464898e-07,0.58731795428661748,1.9967511327989895e-06,0.76990267419430469,3.2728128381504784e-06,0.9041172563704748,4.2551742133128396e-06,0.98156063424671924
6,0.99852353159601226,0,0,2.8526966407727139e-05,8.5501871594969335e-06,-0.98156063424671924,6.5766543465536117e-06,-0.9041172563704748,4.0130583915705776e-06,-0.76990267419430469,1.8501454065053632e-06,-0.58731795428661759,5.6469551867825095e-07,-0.36783149899818013,5.4799803672236682e-08,-0.12523340851146897,5.4293592367434037e-08,0.12523340851146886,5.6401760865509364e-07,0.36783149899818024,1.8493636425283962e-06,0.58731795428661748,4.0122202207811122e-06,0.76990267419430469,6.5757901509378068e-06,0.9041172563704748,8.5493169200807383e-06,0.98156063424671924
7,0.99801362846112707,0,0,5.1620907093276737e-05,1.5470883650234154e-05,-0.98156063424671924,1.1899929642314186e-05,-0.9041172563704748,7.2613087284237102e-06,-0.76990267419430469,3.3476912174786413e-06,-0.58731795428661759,1.0217729736946687e-06,-0.36783149899818013,9.9160193637386808e-08,-0.12523340851146897,9.8656188007430941e-08,0.12523340851146886,1.0210953753070121e-06,0.36783149899818024,3.3469094733733861e-06,0.58731795428661748,7.2604705007146827e-06,0.76990267419430469,1.1899065371396226e-05,0.9041172563704748,1.5470013330210568e-05,0.98156063424671924
8,0.99742904407708211,0,0,8.6448274618195273e-05,2.5907803629574092e-05,-0.98156063424671924,1.9927820865362653e-05,-0.9041172563704748,1.2159909571757842e-05,-0.76990267419430469,5.6061008023343829e-06,-0.58731795428661759,1.711079823247943e-06,-0.36783149899818013,1.66060090261086e-07,-0.12523340851146897,1.6555859514087076e-07,0.12523340851146886,1.7104025835274058e-06,0.36783149899818024,5.6053190829946766e-06,0.58731795428661748,1.2159071280708449e-05,0.76990267419430469,1.9926956509932981e-05,0.9041172563704748,2.590693321890329e-05,0.98156063424671924
9,0.99677013340829501,0,0,0.00013638672007884283,4.0873147073064481e-05,-0.98156063424671924,3.1438894055072698e-05,-0.9041172563704748,1.9183940164276596e-05,-0.76990267419430469,8.8444007348407038e-06,-0.58731795428661759,2.6994669797438935e-06,-0.36783149899818013,2.6198798087946421e-07,-0.12523340851146897,2.6148929233005345e-07,0.12523340851146886,2.6987901460503891e-06,0.36783149899818024,8.84361904593945e-06,0.58731795428661748,1.9183101804274465e-05,0.76990267419430469,3.1438029606705501e-05,0.9041172563704748,4.0872276562473183e-05,0.98156063424671924
10,0.9960372965122648,0,0,0.00020521018124483454,6.1497871444708046e-05,-0.98156063424671924,4.7303061377737573e-05,-0.9041172563704748,2.8864218949482531e-05,-0.76990267419430469,1.3307315125263808e-05,-0.58731795428661759,4.0616287132901686e-06,-0.36783149899818013,3.9419362173814677e-07,-0.12523340851146897,3.9369802610257344e-07,0.12523340851146886,4.0609523333356482e-06,0.36783149899818024,1.3306533473335629e-05,0.58731795428661748,2.8863380515812572e-05,0.76990267419430469,4.7302196828877919e-05,0.9041172563704748,6.1497000825775196e-05,0.98156063424671924
11,0.99523097831189022,0,0,0.0002970748059752293,8.9027473286785224e-05,-0.98156063424671924,6.8478336401236325e-05,-0.9041172563704748,4.1785323647591705e-05,-0.76990267419430469,1.9264352812674553e-05,-0.58731795428661759,5.879824046113135e-06,-0.36783149899818013,5.7066099676386889e-07,-0.12523340851146897,5.7016876979004072e-07,0.12523340851146886,5.8791481679802078e-06,0.36783149899818024,1.9263571205193041e-05,0.58731795428661748,4.1784485136520188e-05,0.76990267419430469,6.8477471745282976e-05,0.9041172563704748,8.9026602552023546e-05,0.98156063424671924
12,0.99435166833230793,0,0,0.00041650343724589127,0.00012481733875949078,-0.98156063424671924,9.6007257813639839e-05,-0.9041172563704748,5.8583409016687908e-05,-0.76990267419430469,2.7008801283745054e-05,-0.58731795428661759,8.2435696781963791e-06,-0.36783149899818013,8.0007851318472323e-07,-0.12523340851146897,7.9958991921428801e-07,0.12523340851146886,8.242894350349299e-06,0.36783149899818024,2.700801972919277e-05,0.58731795428661748,5.8582570425540281e-05,0.76990267419430469,9.600639304502257e-05,0.9041172563704748,0.00012481646790242306,0.98156063424671924
13,0.99339990040715154,0,0,0.00056836871366399637,0.00017032767927570319,-0.98156063424671924,0.00013101299400444544,-0.9041172563704748,7.9943829876971873e-05,-0.76990267419430469,3.6856630811665416e-05,-0.58731795428661759,1.1249305510458689e-05,-0.36783149899818013,1.0918065374890569e-06,-0.12523340851146897,1.0913218287236588e-06,0.12523340851146886,1.1248630781748824e-05,0.36783149899818024,3.6855849319598021e-05,0.58731795428661748,7.9942991204205168e-05,0.76990267419430469,0.00013101212911869719,0.9041172563704748,0.0001703268082909338,0.98156063424671924
14,0.9923762523562889,0,0,0.00075787484418215513,0.00022711806982558835,-0.98156063424671924,0.00017469514204196941,-0.9041172563704748,0.000106598577656235,-0.76990267419430469,4.9145312622441299e-05,-0.58731795428661759,1.5000033927519096e-05,-0.36783149899818013,1.4558423845183296e-06,-0.12523340851146897,1.4553618003585778e-06,0.12523340851146886,1.4999359847181802e-05,0.36783149899818024,4.9144531203543293e-05,0.58731795428661748,0.00010659773890150316,0.76990267419430469,0.00017469427703579221,0.9041172563704748,0.00022711719870886819,0.98156063424671924
15,0.99128134563605041,0,0,0.00099053812033686266,0.00029684160896791396,-0.98156063424671924,0.00022832523564356868,-0.9041172563704748,0.0001393235393634134,-0.76990267419430469,6.4232555194913051e-05,-0.58731795428661759,1.9604934093376728e-05,-0.36783149899818013,1.9027828813329357e-06,-0.12523340851146897,1.9023066478021744e-06,0.12523340851146886,1.96042607110227e-05,0.36783149899818024,6.4231773861046941e-05,0.58731795428661748,0.00013932270052762668,0.76990267419430469,0.00022832437051489434,0.9041172563704748,0.00029684073771620115,0.98156063424671924
16,0.9901158449625419,0,0,0.0012721662337572355,0.00038123872078989381,-0.98156063424671924,0.00029324197775448813,-0.9041172563704748,0.00017893558851894481,-0.76990267419430469,8.2494963087541344e-05,-0.58731795428661759,2.5178952600845792e-05,-0.36783149899818013,2.443784636001813e-06,-0.12523340851146897,2.4433129652463374e-06,0.12523340851146886,2.5178279966443148e-05,0.36783149899818024,8.249418185178786e-05,0.58731795428661748,0.00017893474960432146,0.76990267419430469,0.00029324111250253102,0.9041172563704748,0.0003812378494014077,0.98156063424671924
17,0.98888045790846169,0,0,0.0016088364708451573,0.00048213062038257988,-0.98156063424671924,0.00037084621430890995,-0.9041172563704748,0.00022628951815508995,-0.76990267419430469,0.0001043266229544441,-0.58731795428661759,3.1842371897818115e-05,-0.36783149899818013,3.0905221494280444e-06,-0.12523340851146897,3.0900552393064292e-06,0.12523340851146886,3.1841700061669254e-05,0.36783149899818024,0.0001043258418311359,0.58731795428661748,0.00022628867916520194,0.76990267419430469,0.00037084534893421493,0.9041172563704748,0.00048212974885684918,0.98156063424671924
18,0.98757593447376357,0,0,0.0020068728604673998,0.00060141246555937844,-0.98156063424671924,0.00046259566665485057,-0.9041172563704748,0.00028227482655347725,-0.76990267419430469,0.00013013762166863205,-0.58731795428661759,3.9720357991403956e-05,-0.36783149899818013,3.855143915913181e-06,-0.12523340851146897,3.8546819496626764e-06,0.12523340851146886,3.9719687004112856e-05,0.36783149899818024,0.00013013684067337796,0.58731795428661748,0.00028227398749328711,0.76990267419430469,0.00046259480115933298,0.9041172563704748,0.00060141159389728123,0.98156063424671924
19,0.98620306663048329,0,0,0.0024728223541354089,0.00074104621863462102,-0.98156063424671924,0.00056999944096246063,-0.9041172563704748,0.00034781236689842166,-0.76990267419430469,0.0001603525017061061,-0.58731795428661759,4.8942489002939419e-05,-0.36783149899818013,4.7502266651207694e-06,-0.12523340851146897,4.7497698111145871e-06,0.12523340851146886,4.8941818915374407e-05,0.36783149899818024,0.00016035172085580892,0.58731795428661748,0.00034781152777431384,0.76990267419430469,0.00056999857534944045,0.9041172563704748,0.0007410453468384209,0.98156063424671924
20,0.98476268784203302,0,0,0.003013430121543462,0.00090305324309653272,-0.98156063424671924,0.00069461233371785407,-0.9041172563704748,0.00042385087250209447,-0.76990267419430469,0.00019540865916463935,-0.58731795428661759,5.9642266214053347e-05,-0.36783149899818013,5.7887279046495351e-06,-0.12523340851146897,5.7882763162286347e-06,0.12523340851146886,5.9641597077300362e-05,0.36783149899818024,0.00019540787847750356,0.58731795428661748,0.00042385003332189795,0.76990267419430469,0.00069461146799208381,0.9041172563704748,0.00090305237116990622,0.98156063424671924
21,0.98325567255727619,0,0,0.0036356140473919572,0.0010895066609247525,-0.98156063424671924,0.00083802895310903082,-0.9041172563704748,0.00051136336968746275,-0.76990267419430469,0.00023575468998923124,-0.58731795428661759,7.1956609304462082e-05,-0.36783149899818013,6.9839369282662278e-06,-0.12523340851146897,6.9834907436608722e-06,0.12523340851146886,7.1955941169774302e-05,0.36783149899818024,0.00023575390948476496,0.58731795428661748,0.0005113625304604668,0.76990267419430469,0.00083802808727671558,0.9041172563704748,0.0010895057888728123,0.98156063424671924
22,0.98168293567969933,0,0,0.0043464385182196063,0.0013025234971407694,-0.98156063424671924,0.0010018776767551781,-0.9041172563704748,0.00061134349080832593,-0.76990267419430469,0.00028184869015760486,-0.58731795428661759,8.6025337537530062e-05,-0.36783149899818013,8.3494244602550953e-06,-0.12523340851146897,8.3489838025756414e-06,0.12523340851146886,8.6024670456268372e-05,0.36783149899818024,0.00028184790985661177,0.58731795428661748,0.0006113426515452886,0.76990267419430469,0.0010018768108239883,0.9041172563704748,0.0013025226249700796,0.98156063424671924
23,0.98004543201201022,0,0,0.0051530875903920102,0.00154425663890596,-0.98156063424671924,0.0011878144667893176,-0.9041172563704748,0.00072480170022668703,-0.76990267419430469,0.00033415651573627509,-0.58731795428661759,0.00010199063869759316,-0.36783149899818013,9.8989911109601421e-06,-0.12523340851146897,9.898556088273952e-06,0.12523340851146886,0.00010198997272116423,0.36783149899818024,0.00033415573566084164,0.58731795428661748,0.00072480086093983716,0.76990267419430469,0.0011878136007683999,0.9041172563704748,0.0015442557666245455,0.98156063424671924
24,0.97834415567650468,0,0,0.0060628376325448834,0.001816886637126449,-0.98156063424671924,0.0013975165638000287,-0.9041172563704748,0.00085276144637020474,-0.76990267419430469,0.00039315000885719746,-0.58731795428661759,0.00011999652762562237,-0.36783149899818013,1.1646614822767347e-05,-0.12523340851146897,1.1646185528237458e-05,0.12523340851146886,0.0001199958628054079,0.36783149899818024,0.00039314922903066946,0.58731795428661748,0.00085276060707323634,0.76990267419430469,0.0013975156977000015,0.9041172563704748,0.0018168857647437979,0.98156063424671924
25,0.97658013951155609,0,0,0.0070830295375262659,0.0021226133790472729,-0.98156063424671924,0.0016326760815404638,-0.9041172563704748,0.00099625525323806955,-0.76990267419430469,0.00045930519577821967,-0.58731795428661759,0.00014018829623435106,-0.36783149899818013,1.3606397489086072e-05,-0.12523340851146897,1.3605974001190139e-05,0.12523340851146886,0.00014018763262163629,0.36783149899818024,0.00045930441622517483,0.58731795428661748,0.00099625441394612935,0.76990267419430469,0.0016326752153734139,0.9041172563704748,0.0021226125065743335,0.98156063424671924
26,0.97475445444459563,0,0,0.0082210406003495103,0.0024636476607580774,-0.98156063424671924,0.0018949935246511138,-0.9041172563704748,0.0011563207649300453,-0.76990267419430469,0.00053310046328572782,-0.58731795428661759,0.00016271195691304718,-0.36783149899818013,1.5792510931752589e-05,-0.12523340851146897,1.579209331455432e-05,0.12523340851146886,0.00016271129455894137,0.36783149899818024,0.00053309968403193882,0.58731795428661748,0.0011563199256597136,0.76990267419430469,0.0018949926584305818,0.9041172563704748,0.0024636467882072511,0.98156063424671924
27,0.97286820884196645,0,0,0.0094842561596978295,0.0028422026888409724,-0.98156063424671924,0.0021861712518799867,-0.9041172563704748,0.0013339967569181519,-0.76990267419430469,0.00061501471976459481,-0.58731795428661759,0.00018771368125246188,-0.36783149899818013,1.8219142424207986e-05,-0.12523340851146897,1.8218730727701209e-05,0.12523340851146886,0.00018771302020781965,0.36783149899818024,0.00061501394083698945,0.58731795428661748,0.0013339959176874208,0.76990267419430469,0.0021861703856209517,0.9041172563704748,0.0028422018162260988,0.98156063424671924
28,0.97092254783604548,0,0,0.010880041101276779,0.0032604855406175564,-0.98156063424671924,0.0025079069074580161,-0.9041172563704748,0.0015303191278867511,-0.76990267419430469,0.00070552554730954581,-0.58731795428661759,0.00021533923603545891,-0.36783149899818013,2.0900439949303574e-05,-0.12523340851146897,2.0900034209798297e-05,0.12523340851146886,0.00021533857635079351,0.36783149899818024,0.00070552476873615678,0.58731795428661748,0.0015303182887149885,0.76990267419430469,0.0025079060411768712,0.9041172563704748,0.0032604846679538855,0.98156063424671924
29,0.96891865263004429,0,0,0.012415711321599255,0.0037206886125385262,-0.98156063424671924,0.002861886843353964,-0.9041172563704748,0.0017463168860073046,-0.76990267419430469,0.00080510735127073375,-0.58731795428661759,0.00024573341844451367,-0.36783149899818013,2.3850457381089163e-05,-0.12523340851146897,2.3850057621661424e-05,0.12523340851146886,0.00024573276016991321,0.36783149899818024,0.00080510657308064759,0.58731795428661748,0.0017463160469152201,0.76990267419430469,0.002861885977068488,0.9041172563704748,0.0037206877398426987,0.98156063424671924
30,0.96685773978090905,0,0,0.014098505250806942,0.0042249810862650785,-0.98156063424671924,0.0032497795551375227,-0.9041172563704748,0.001983008143516833,-0.76990267419430469,0.00091422951362758503,-0.58731795428661759,0.00027903949243767269,-0.36783149899818013,2.7083099780030441e-05,-0.12523340851146897,2.7082706011002101e-05,0.12523340851146886,0.00027903883562271036,0.36783149899818024,0.00091422873585088099,0.58731795428661748,0.0019830073045264338,0.76990267419430469,0.0032497786888668477,0.9041172563704748,0.0042249802135550952,0.98156063424671924
31,0.96474106046075692,0,0,0.015935555532669784,0.0047755004418527256,-0.98156063424671924,0.0036732291540727585,-0.9041172563704748,0.0022413961334040492,-0.76990267419430469,0.001033354556554977,-0.58731795428661759,0.00031539862823539707,-0.36783149899818013,3.0612068990156223e-05,-0.12523340851146897,3.0611681209629485e-05,0.12523340851146886,0.00031539797292904563,0.36783149899818024,0.0010333537792226676,0.58731795428661748,0.0022413952945385994,0.76990267419430469,0.0036732282878373314,0.9041172563704748,0.0047754995691479101,0.98156063424671924
32,0.96256989969729745,0,0,0.0179338609591779,0.0053743440472303148,-0.98156063424671924,0.0041338488978964515,-0.9041172563704748,0.0025224652619048747,-0.76990267419430469,0.0011629363224986823,-0.58731795428661759,0.0003549493468463358,-0.36783149899818013,3.4450809725299869e-05,-0.12523340851146897,3.4450427919710643e-05,0.12523340851146886,0.00035494869309687552,0.36783149899818024,0.0011629355456426432,0.58731795428661748,0.002522464423188838,0.76990267419430469,0.0041338480317179788,0.9041172563704748,0.0053743431745512694,0.98156063424671924
33,0.96034557559369915,0,0,0.020100258755926807,0.0060235608528032402,-0.98156063424671924,0.0046332148024560583,-0.9041172563704748,0.0028271772103383281,-0.76990267419430469,0.001303418176998281,-0.58731795428661759,0.00039782697153604112,-0.36783149899818013,3.8612456329205911e-05,-0.12523340851146897,3.8612080473921e-05,0.12523340851146886,0.00039782631939097428,0.36783149899818024,0.0013034174006511831,0.58731795428661748,0.0028271763717973145,0.76990267419430469,0.0046332139363574731,0.9041172563704748,0.0060235599801718052,0.98156063424671924
34,0.95806943852837578,0,0,0.022441397313024566,0.0067251432195687844,-0.98156063424671924,0.0051728593560428299,-0.9041172563704748,0.0031564670996067573,-0.76990267419430469,0.0014552312404003212,-0.58731795428661759,0.00044416308811351792,-0.36783149899818013,4.3109780391507523e-05,-0.12523340851146897,4.310941045142822e-05,0.12523340851146886,0.00044416243761947826,0.36783149899818024,0.0014552304645955531,0.58731795428661748,0.0031564662612674618,0.76990267419430469,0.0051728584900482318,0.9041172563704748,0.0067251423470079848,0.98156063424671924
35,0.95574287033517868,0,0,0.024963709454299585,0.0074810189085470422,-0.98156063424671924,0.0057542653578059799,-0.9041172563704748,0.0035112397304100486,-0.76990267419430469,0.001618792654478018,-0.58731795428661759,0.00049408501587188162,-0.36783149899818013,4.7955139397768628e-05,-0.12523340851146897,4.7954775327971085e-05,0.12523340851146886,0.00049408436707455098,0.36783149899818024,0.0016187918792496118,0.58731795428661748,0.003511238892300188,0.76990267419430469,0.0057542644919405771,0.9041172563704748,0.0074810180360810417,0.98156063424671924
36,0.95336728346449173,0,0,0.027673386335390553,0.0082930432586725937,-0.98156063424671924,0.0063788599011274441,-0.9041172563704748,0.0038923659119144637,-0.76990267419430469,0.0017945038898313432,-0.58731795428661759,0.00054771529097593936,-0.36783149899818013,5.3160426587634865e-05,-0.12523340851146897,5.3160068334004477e-05,0.12523340851146886,0.00054771464391996122,0.36783149899818024,0.0017945031152138979,0.58731795428661748,0.0038923650740627157,0.76990267419430469,0.0063788590354174985,0.9041172563704748,0.0082930423863266378,0.98156063424671924
37,0.95094412012573937,0,0,0.030576352058628926,0.0091629915794914502,-0.98156063424671924,0.00704800852222103,-0.9041172563704748,0.0043006788912410294,-0.76990267419430469,0.0019827490997681102,-0.58731795428661759,0.00060517116403661876,-0.36783149899818013,5.8737022189931476e-05,-0.12523340851146897,5.8736669689823515e-05,0.12523340851146886,0.00060517051876551908,0.36783149899818024,0.0019827483257967124,0.58731795428661748,0.0043006780536769592,0.76990267419430469,0.0070480076566937942,0.9041172563704748,0.0091629907072918078,0.98156063424671924
38,0.94847485141182741,0,0,0.033678239089742219,0.010092551784144215,-0.98156063424671924,0.0077630095335554147,-0.9041172563704748,0.0047369708957330165,-0.76990267419430469,0.0021838935261797999,-0.58731795428661759,0.00066656411355514263,-0.36783149899818013,6.4695746198085015e-05,-0.12523340851146897,6.4695399380969624e-05,0.12523340851146886,0.00066656347011124844,0.36783149899818024,0.0021838927528899372,0.58731795428661748,0.0047369700584870052,0.76990267419430469,0.0077630086682390648,0.9041172563704748,0.010092550912118118,0.98156063424671924
39,0.94596097640604915,0,0,0.036984364558055233,0.011083317287112126,-0.98156063424671924,0.0085250885609279639,-0.9041172563704748,0.0052019897994906904,-0.76990267419430469,0.0023982819627085296,-0.58731795428661759,0.00073199937685350272,-0.36783149899818013,7.1046812842731041e-05,-0.12523340851146897,7.1046471630859242e-05,0.12523340851146886,0.00073199873527787058,0.36783149899818024,0.002398281190136008,0.58731795428661748,0.0052019889625938686,0.76990267419430469,0.0085250876958515402,0.9041172563704748,0.011083316415287705,0.98156063424671924
40,0.94340402127199852,0,0,0.040499707518336196,0.012136780190144764,-0.98156063424671924,0.0093353933022026717,-0.9041172563704748,0.0056964359251650406,-0.76990267419430469,0.0026262372802726922,-0.58731795428661759,0.0008015755000379465,-0.36783149899818013,7.7799786911671531e-05,-0.12523340851146897,7.7799451220712993e-05,0.12523340851146886,0.00080157486037028608,0.36783149899818024,0.0026262365084535567,0.58731795428661748,0.0056964350886491953,0.76990267419430469,0.0093353924373960027,0.9041172563704748,0.012136779318550969,0.98156063424671924
41,0.94080553832704217,0,0,0.044228887248458137,0.013254324778596296,-0.98156063424671924,0.010194988524808908,-0.9041172563704748,0.0062209589914427547,-0.76990267419430469,0.0028680590197608766,-0.58731795428661759,0.0008753839084634403,-0.36783149899818013,8.4963542059616953e-05,-0.12523340851146897,8.4963211799312185e-05,0.12523340851146886,0.00087538327074205213,0.36783149899818024,0.0028680582487313252,0.58731795428661748,0.0062209581553402272,0.76990267419430469,0.010194987660302537,0.9041172563704748,0.013254323907262847,0.98156063424671924
42,0.93816710509991441,0,0,0.04817614265293553,0.014437221349165802,-0.98156063424671924,0.011104851318150073,-0.9041172563704748,0.0067761552160766885,-0.76990267419430469,0.0031240220564371841,-0.58731795428661759,0.00095350849908577135,-0.36783149899818013,9.2546221242344423e-05,-0.12523340851146897,9.2545896317121899e-05,0.12523340851146886,0.00095350786334747958,0.36783149899818024,0.0031240212862334825,0.58731795428661748,0.0067761543804203727,0.76990267419430469,0.011104850453975183,0.9041172563704748,0.014437220478123094,0.98156063424671924
43,0.93549032337300608,0,0,0.052345312837850669,0.015686620388674556,-0.98156063424671924,0.012065866616023699,-0.9041172563704748,0.0073625645836767105,-0.76990267419430469,0.0033943753403062786,-0.58731795428661759,0.0010360252559979393,-0.36783149899818013,0.00010055519940107894,-0.12523340851146897,0.00010055487971068086,0.12523340851146886,0.0010360246222780392,0.36783149899818024,0.0033943745709646904,0.58731795428661748,0.0073625637484999399,0.76990267419430469,0.012065865752212055,0.9041172563704748,0.015686619517953575,0.98156063424671924
44,0.93277681820992897,0,0,0.056739818918066579,0.017003547122129661,-0.98156063424671924,0.013078823003089948,-0.9041172563704748,0.0079806682868262101,-0.76990267419430469,0.0036793407163870991,-0.58731795428661759,0.0011230018903561358,-0.36783149899818013,0.00010899704851412865,-0.12523340851146897,0.00010899673395419297,0.12523340851146886,0.001123001258688334,0.36783149899818024,0.0036793399479437892,0.58731795428661748,0.0079806674521626826,0.76990267419430469,0.013078822139673809,0.9041172563704748,0.017003546251761981,0.98156063424671924
45,0.93002823696894599,0,0,0.061362647112591727,0.018388896446815562,-0.98156063424671924,0.014144408818265711,-0.9041172563704748,0.0086308863483819786,-0.76990267419430469,0.0039791118285177922,-0.58731795428661759,0.0012144975058009802,-0.36783149899818013,0.00011787750512303861,-0.12523340851146897,0.00011787719558568774,0.12523340851146886,0.0012144968762173498,0.36783149899818024,0.0039791110610087506,0.58731795428661748,0.0086308855142656748,0.76990267419430469,0.014144407955277764,0.9041172563704748,0.018388895576833243,0.98156063424671924
46,0.92724624830286728,0,0,0.06621633317892095,0.01984342826764415,-0.98156063424671924,0.015263208566759749,-0.9041172563704748,0.0093135754321061193,-0.76990267419430469,0.0042938531099877067,-0.58731795428661759,0.0013105622903799594,-0.36783149899818013,0.00012720144043095122,-0.12523340851146897,0.00012720113580533271,0.12523340851146886,0.0013105616629108913,0.36783149899818024,0.0042938523434486687,0.58731795428661748,0.0093135745985712254,0.76990267419430469,0.015263207704233037,0.9041172563704748,0.019843427398079618,0.98156063424671924
47,0.92443254114601747,0,0,0.071302948231740479,0.021367763247365081,-0.98156063424671924,0.016435699651210837,-0.9041172563704748,0.010029026848013921,-0.76990267419430469,0.0046236988639395994,-0.58731795428661759,0.0014112372358693693,-0.36783149899818013,0.0001369728330603111,-0.12523340851146897,0.00013697253323313629,0.12523340851146886,0.0014112366105435386,0.36783149899818024,0.004623698098405969,0.58731795428661748,0.01002902601509474,0.76990267419430469,0.016435698789178659,0.9041172563704748,0.021367762378251012,0.98156063424671924
48,0.92158882368889061,0,0,0.076624085986023355,0.022962378983631345,-0.98156063424671924,0.017662249431155259,-0.9041172563704748,0.010777464758067561,-0.76990267419430469,0.0049687524361376181,-0.58731795428661759,0.0015165538852879906,-0.36783149899818013,0.00014719474454685078,-0.12523340851146897,0.00014719444940288829,0.12523340851146886,0.0015165532621323164,0.36783149899818024,0.0049687516716443872,0.58731795428661748,0.01077746392579843,0.76990267419430469,0.017662248569651113,0.9041172563704748,0.022962378115000751,0.98156063424671924
49,0.9187168223411144,0,0,0.082180851458802259,0.024627606623195165,-0.98156063424671924,0.01894311261872704,-0.9041172563704748,0.011559044587038214,-0.76990267419430469,0.0053290854823244173,-0.58731795428661759,0.0016265341092810864,-0.36783149899818013,0.00015786929763568123,-0.12523340851146897,0.00015786900705824344,0.12523340851146886,0.0016265334883207078,0.36783149899818024,0.0053290847189061017,0.58731795428661748,0.011559043755453451,0.76990267419430469,0.018943111757784539,0.9041172563704748,0.024627605755081262,0.98156063424671924
50,0.91581828068335402,0,0,0.087973851158309607,0.02636362792183148,-0.98156063424671924,0.02027842901720401,-0.9041172563704748,0.012373851642571989,-0.76990267419430469,0.0057047373320278389,-0.58731795428661759,0.0017411899119425768,-0.36783149899818013,0.00016899765743464155,-0.12523340851146897,0.00016899737130602059,0.12523340851146886,0.0017411892932008273,0.36783149899818024,0.0057047365697183959,0.58731795428661748,0.012373850811705799,0.76990267419430469,0.020278428156856796,0.9041172563704748,0.026363627054267588,0.98156063424671924
51,0.91289495840879142,0,0,0.094003184783259308,0.028170472756814391,-0.98156063424671924,0.021668221607649269,-0.9041172563704748,0.013221899947662822,-0.76990267419430469,0.0060957144502939778,-0.58731795428661759,0.0018605232665261341,-0.36783149899818013,0.00018058001546861232,-0.12523340851146897,0.00018057973367051116,0.12523340851146886,0.0018605226500245228,0.36783149899818024,0.0060957136891267496,0.58731795428661748,0.013221899117549252,0.76990267419430469,0.021668220747930955,0.9041172563704748,0.028170471889833834,0.98156063424671924
52,0.90994863025482209,0,0,0.10026843844931185,0.030048017097053296,-0.98156063424671924,0.023112394987576383,-0.9041172563704748,0.014103131287929591,-0.76990267419430469,0.0065019899984517238,-0.58731795428661759,0.0019845259813824874,-0.36783149899818013,0.00019261557666757631,-0.12523340851146897,0.0001926152990814877,0.12523340851146886,0.001984525367140682,0.36783149899818024,0.0065019892384593717,0.58731795428661748,0.014103130458602398,0.76990267419430469,0.023112394128520494,0.9041172563704748,0.030048016230689371,0.98156063424671924
53,0.90698108492561968,0,0,0.10676867945377716,0.031995981434201425,-0.98156063424671924,0.024610734164186309,-0.9041172563704748,0.015017414475251917,-0.76990267419430469,0.0069235034946255759,-0.58731795428661759,0.0021131795963417253,-0.36783149899818013,0.00020510254930961318,-0.12523340851146897,0.00020510227581719615,0.12523340851146886,0.0021131789843775459,0.36783149899818024,0.0069235027358399903,0.58731795428661748,0.015017413646744525,0.76990267419430469,0.02461073330582619,0.9041172563704748,0.031995980568487334,0.98156063424671924
54,0.90399412400622059,0,0,0.11350245258386846,0.034013929676329248,-0.98156063424671924,0.026162903703400811,-0.9041172563704748,0.015964544828512273,-0.76990267419430469,0.0073601605743413064,-0.58731795428661759,0.0022464553096457726,-0.36783149899818013,0.00021803813792908866,-0.12523340851146897,0.00021803786841248699,0.12523340851146886,0.0022464546999751813,0.36783149899818024,0.007360159816793564,0.58731795428661748,0.015964544000857707,0.76990267419430469,0.026162902845769543,0.9041172563704748,0.034013928811298,0.98156063424671924
55,0.90098956086878879,0,0,0.12046777796785937,0.036101268503968581,-0.98156063424671924,0.027768447234543071,-0.9041172563704748,0.016944243871353258,-0.76990267419430469,0.0078118328511824703,-0.58731795428661759,0.0023843139354182055,-0.36783149899818013,0.00023141853918873457,-0.12523340851146897,0.00023141827353089607,0.12523340851146886,0.0023843133280553089,0.36783149899818024,0.0078118320949027856,0.58731795428661748,0.016944243044584049,0.76990267419430469,0.027768446377673405,0.9041172563704748,0.036101267639652802,0.98156063424671924
56,0.89796921957172482,0,0,0.1276621504628721,0.038257247186647261,-0.98156063424671924,0.029426787309219656,-0.9041172563704748,0.017956159246067624,-0.76990267419430469,0.0082783578770910336,-0.58731795428661759,0.0025267058915472685,-0.36783149899818013,0.00024523894070362871,-0.12523340851146897,0.00024523867878857092,0.12523340851146886,0.0025267052865043152,0.36783149899818024,0.0082783571221086739,0.58731795428661748,0.017956158420215775,0.76990267419430469,0.029426786453143984,0.9041172563704748,0.038257246323079301,0.98156063424671924
57,0.89493493375228739,0,0,0.13508254056719993,0.040480957856290245,-0.98156063424671924,0.031137225611615565,-0.9041172563704748,0.018999864841919911,-0.76990267419430469,0.0087595392015276333,-0.58731795428661759,0.0026735712177426733,-0.36783149899818013,0.00025949352279378311,-0.12523340851146897,0.00025949326450685779,0.12523340851146886,0.0026735706150300643,0.36783149899818024,0.0087595384478708835,0.58731795428661748,0.018999864017016813,0.76990267419430469,0.031137224756365805,0.9041172563704748,0.040480956993502022,0.98156063424671924
58,0.89188854551339936,0,0,0.1427253968396614,0.042771336232241282,-0.98156063424671924,0.032898943516167997,-0.9041172563704748,0.020074861135437626,-0.76990267419430469,0.0092551465283566507,-0.58731795428661759,0.0028248396234197767,-0.36783149899818013,0.00027417546313176995,-0.12523340851146897,0.00027417520835987486,0.12523340851146886,0.002824839023046075,0.36783149899818024,0.0092551457760527492,0.58731795428661748,0.020074860311514005,0.76990267419430469,0.032898942661775482,0.9041172563704748,0.042771335370264313,0.98156063424671924
59,0.88883190430531422,0,0,0.15058664980291958,0.045127162790992749,-0.98156063424671924,0.034711002987301363,-0.9041172563704748,0.021180575739427644,-0.76990267419430469,0.0097649159689600952,-0.58731795428661759,0.0029804305649545689,-0.36783149899818013,0.00028927694424102065,-0.12523340851146897,0.00028927669287280962,0.12523340851146886,0.0029804299669265138,0.36783149899818024,0.0097649152180351861,0.58731795428661748,0.021180574916513484,0.76990267419430469,0.034711002133796881,0.9041172563704748,0.045127161929858058,0.98156063424671924
60,0.88576686580282238,0,0,0.15866171730260897,0.047547064372185886,-0.98156063424671924,0.03657234781473398,-0.9041172563704748,0.022316364156757473,-0.76990267419430469,0.01028855038975468,-0.58731795428661759,0.0031402533517522254,-0.36783149899818013,0.0003047891637907606,-0.12523340851146897,0.00030478891571680719,0.12523340851146886,0.0031402527560747328,0.36783149899818024,0.010288549640233782,0.58731795428661748,0.022316363334881975,0.76990267419430469,0.036572346962147659,0.9041172563704748,0.047547063511923872,0.98156063424671924
61,0.88269529077867859,0,0,0.16694551128891913,0.0500295162108867,-0.98156063424671924,0.03848180517666807,-0.9041172563704748,0.023481510734210287,-0.76990267419430469,0.01082571985194917,-0.58731795428661759,0.0033042072804690785,-0.36783149899818013,0.00032070234762346026,-0.12523340851146897,0.00032070210273642253,0.12523340851146886,0.0033042066871452739,0.36783149899818024,0.01082571910385613,0.58731795428661748,0.023481509913401827,0.76990267419430469,0.038481804325029276,0.9041172563704748,0.050029515351527006,0.98156063424671924
62,0.87961904397393353,0,0,0.17543244598260144,0.05257284438473963,-0.98156063424671924,0.040438087522096558,-0.9041172563704748,0.024675229811064292,-0.76990267419430469,0.01137606214107584,-0.58731795428661759,0.0034721817966352955,-0.36783149899818013,0.0003370057654417932,-0.12523340851146897,0.00033700552363652843,0.12523340851146886,0.0034721812056665267,0.36783149899818024,0.011376061394433283,0.58731795428661748,0.024675228991350304,0.76990267419430469,0.04043808667143392,0.9041172563704748,0.05257284352631126,0.98156063424671924
63,0.87653999296585772,0,0,0.1841164473826345,0.055175228663184035,-0.98156063424671924,0.042439794762369025,-0.9041172563704748,0.025896667056381398,-0.76990267419430469,0.011939183383522891,-0.58731795428661759,0.0036440566828318229,-0.36783149899818013,0.00035368774907289192,-0.12523340851146897,0.00035368751024658277,0.12523340851146886,0.0036440560942176932,0.36783149899818024,0.011939182638352183,0.58731795428661748,0.025896666237788364,0.76990267419430469,0.04243979391271039,0.9041172563704748,0.055175227805715328,0.98156063424671924
64,0.87346000703414228,0,0,0.19299096406861288,0.057834705744667807,-0.98156063424671924,0.044485416761198292,-0.9041172563704748,0.027144900988403529,-0.76990267419430469,0.012514658747024262,-0.58731795428661759,0.0038197022724926863,-0.36783149899818013,0.00037073571321980219,-0.12523340851146897,0.00037073547727203094,0.12523340851146886,0.0038197016862310672,0.36783149899818024,0.012514658003345469,0.58731795428661748,0.027144900170956925,0.76990267419430469,0.04448541591257061,0.9041172563704748,0.057834704888186123,0.98156063424671924
65,0.87038095602606647,0,0,0.20204897924672124,0.060549172866532983,-0.98156063424671924,0.046573336111319745,-0.9041172563704748,0.02841894466886391,-0.76990267419430469,0.013102033221790758,-0.58731795428661759,0.0039989796883204733,-0.36783149899818013,0.00038813617860183598,-0.12523340851146897,0.00038813594543467191,0.12523340851146886,0.0039989791044075422,0.36783149899818024,0.013102032479622633,0.58731795428661748,0.028418943852588138,0.76990267419430469,0.046573335263748926,0.9041172563704748,0.060549172011064772,0.98156063424671924
66,0.86730470922132141,0,0,0.21128302398458024,0.063316391771177594,-0.98156063424671924,0.048701831185191648,-0.9041172563704748,0.029717747564517567,-0.76990267419430469,0.013700822478734581,-0.58731795428661759,0.004181741104232143,-0.36783149899818013,0.0004058747973787807,-0.12523340851146897,0.00040587456689681717,0.12523340851146886,0.0041817405226623984,0.36783149899818024,0.013700821738094521,0.58731795428661748,0.029717746749435871,0.76990267419430469,0.048701830338702602,0.9041172563704748,0.063316390916748233,0.98156063424671924
67,0.86423313419717762,0,0,0.2206851915766444,0.06613399301101637,-0.98156063424671924,0.050869079446293791,-0.9041172563704748,0.031040197567688173,-0.76990267419430469,0.014310513801005389,-0.58731795428661759,0.0043678300296808425,-0.36783149899818013,0.00042393638074686955,-0.12523340851146897,0.00042393615285727152,0.12523340851146886,0.0043678294504471398,0.36783149899818024,0.014310513061909402,0.58731795428661748,0.03104019675382267,0.76990267419430469,0.050869078600910306,0.9041172563704748,0.066133992157650298,0.98156063424671924
68,0.86116809569468578,0,0,0.2302471529789179,0.068999480573890312,-0.98156063424671924,0.053073161006909134,-0.9041172563704748,0.032385123167218581,-0.76990267419430469,0.014930567084867214,-0.58731795428661759,0.0045570816151418352,-0.36783149899818013,0.00044230492858893987,-0.12523340851146897,0.00044230470320145732,0.12523340851146886,0.0045570810382354159,0.36783149899818024,0.014930566347329888,0.58731795428661748,0.032385122354590117,0.76990267419430469,0.053073160162653996,0.9041172563704748,0.06899947972161094,0.98156063424671924
69,0.85811145448660064,0,0,0.23996017324879829,0.071910236809688263,-0.98156063424671924,0.055312062417592726,-0.9041172563704748,0.033751295760796121,-0.76990267419430469,0.015560415905753702,-0.58731795428661759,0.0047493229774920121,-0.36783149899818013,0.00046096366105541554,-0.12523340851146897,0.00046096343808241182,0.12523340851146886,0.0047493224029025484,0.36783149899818024,0.0155604151697882,0.58731795428661748,0.033751294949424297,0.76990267419430469,0.055312061574487578,0.9041172563704748,0.071910235958517976,0.98156063424671924
70,0.85506506624771261,0,0,0.24981512892363564,0.074863527638279151,-0.98156063424671924,0.057583680673019756,-0.9041172563704748,0.035137432099311902,-0.76990267419430469,0.016199468645195132,-0.58731795428661759,0.0049443735439686281,-0.36783149899818013,0.00047989505194859705,-0.12523340851146897,0.00047989483130503205,0.12523340851146886,0.0049443729716842294,0.36783149899818024,0.016199467910813149,0.58731795428661748,0.035137431289215169,0.76990267419430469,0.057583679831085054,0.9041172563704748,0.074863526788239126,0.98156063424671924
71,0.85203078042827518,0,0,0.25980252626933581,0.077856508018174911,-0.98156063424671924,0.059885827418382831,-0.9041172563704748,0.036542196853595103,-0.76990267419430469,0.016847109674164119,-0.58731795428661759,0.0051420454133480342,-0.36783149899818013,0.00049908086377827682,-0.12523340851146897,0.0004990806453817069,0.12523340851146886,0.0051420448433552868,0.36783149899818024,0.016847108941375907,0.58731795428661748,0.036542196044790712,0.76990267419430469,0.059885826577637802,0.9041172563704748,0.077856507169284855,0.98156063424671924
72,0.84901043913121121,0,0,0.26991252032884488,0.080886227654898613,-0.98156063424671924,0.062216233340166065,-0.9041172563704748,0.037964205293653588,-0.76990267419430469,0.017502700588290353,-0.58731795428661759,0.0053421437329557739,-0.36783149899818013,0.00051850218435394997,-0.12523340851146897,0.00051850196812449538,0.12523340851146886,0.0053421431652397756,0.36783149899818024,0.017502699857104662,0.58731795428661748,0.037964204486157255,0.76990267419430469,0.062216232500628521,0.9041172563704748,0.080886226807177122,0.98156063424671924
73,0.84600587599377941,0,0,0.28013493469880291,0.083949636927567073,-0.98156063424671924,0.064572552724766114,-0.9041172563704748,0.039402026070333961,-0.76990267419430469,0.018165581490294083,-0.58731795428661759,0.0055444670900886778,-0.36783149899818013,0.00053813946477582219,-0.12523340851146897,0.0005381392506361442,0.12523340851146886,0.0055444665246330927,0.36783149899818024,0.018165580760718142,0.58731795428661748,0.039402025264159972,0.76990267419430469,0.064572551886452584,0.9041172563704748,0.083949636081031495,0.98156063424671924
74,0.84301891507438032,0,0,0.29045928196188375,0.087043593011966805,-0.98156063424671924,0.066952368168252049,-0.9041172563704748,0.040854184089206519,-0.76990267419430469,0.01883507231493799,-0.58731795428661759,0.0057488079164144286,-0.36783149899818013,0.00055797255868540751,-0.12523340851146897,0.00055797234656065756,0.12523340851146886,0.0057488073532015026,0.36783149899818024,0.018835071586977514,0.58731795428661748,0.040854183284367733,0.76990267419430469,0.066952367331177765,0.9041172563704748,0.087043592166633058,0.98156063424671924
75,0.84005136974517791,0,0,0.30087478470153167,0.090164866178160025,-0.98156063424671924,0.069353195420371022,-0.9041172563704748,0.042319163466366432,-0.76990267419430469,0.019510474191745189,-0.58731795428661759,0.005954952903897975,-0.36783149899818013,0.00057798076263489097,-0.12523340851146897,0.0005779805524526783,0.12523340851146886,0.0059549523429085725,0.36783149899818024,0.019510473465404396,0.58731795428661748,0.042319162662874311,0.76990267419430469,0.069353194584549846,0.9041172563704748,0.090164865334042804,0.98156063424671924
76,0.83710504159120858,0,0,0.31137039702573177,0.093310146240635938,-0.98156063424671924,0.071772488345888549,-0.9041172563704748,0.043795410555832574,-0.76990267419430469,0.020191070840725897,-0.58731795428661759,0.0061626834308028044,-0.36783149899818013,0.00059814285743437,-0.12523340851146897,0.00059814264912469624,0.12523340851146886,0.0061626828720164383,0.36783149899818024,0.020191070116007442,0.58731795428661748,0.043795409753697077,0.76990267419430469,0.071772487511332833,0.9041172563704748,0.093310145397748498,0.98156063424671924
77,0.83418171931664598,0,0,0.32193482652636196,0.096476049138994949,-0.98156063424671924,0.074207643986332616,-0.9041172563704748,0.045281337038212341,-0.76990267419430469,0.020876129996349805,-0.58731795428661759,0.0063717759963133058,-0.36783149899818013,0.00061843715033582344,-0.12523340851146897,0.00061843694383103859,0.12523340851146886,0.0063717754397081784,0.36783149899818024,0.020876129273254745,0.58731795428661748,0.045281336237441953,0.76990267419430469,0.074207643153053268,0.9041172563704748,0.096476048297349098,0.98156063424671924
78,0.8312831776588856,0,0,0.33255655660129785,0.099659123627341473,-0.98156063424671924,0.076656007705354454,-0.9041172563704748,0.046775323060389201,-0.76990267419430469,0.021564904855041214,-0.58731795428661759,0.0065820026623367965,-0.36783149899818013,0.00063884151791395447,-0.12523340851146897,0.00063884131314868246,0.12523340851146886,0.0065820021078898316,0.36783149899818024,0.021564904133569106,0.58731795428661748,0.046775322260990869,0.76990267419430469,0.076656006873360827,0.9041172563704748,0.099659122786947524,0.98156063424671924
79,0.82841117631110939,0,0,0.34322386906701152,0.10285585805073007,-0.98156063424671924,0.079114878401049332,-0.9041172563704748,0.048275720416069,-0.76990267419430469,0.022256635541511822,-0.58731795428661759,0.0067931315010550221,-0.36783149899818013,0.00065933344950504442,-0.12523340851146897,0.00065933324641613198,0.12523340851146886,0.0067931309487418903,0.36783149899818024,0.022256634821660699,0.58731795428661748,0.048275719618048177,0.76990267419430469,0.079114877570349282,0.9041172563704748,0.10285585721159689,0.98156063424671924
80,0.82556745885398253,0,0,0.35392486699070724,0.10606268718740217,-0.98156063424671924,0.081581513768882077,-0.9041172563704748,0.04978085575720536,-0.76990267419430469,0.02295055058932945,-0.58731795428661759,0.0070049270468207888,-0.36783149899818013,0.0006798900910675676,-0.12523340851146897,0.00067988988959399985,0.12523340851146886,0.0070049264966159444,0.36783149899818024,0.022950549871095783,0.58731795428661748,0.049780854960565973,0.76990267419430469,0.081581512939481945,0.9041172563704748,0.10606268634953694,0.98156063424671924
81,0.82275375169713272,0,0,0.36464749767219318,0.10927599913589459,-0.98156063424671924,0.084053135599127124,-0.9041172563704748,0.051289033826485683,-0.76990267419430469,0.023645868431196392,-0.58731795428661759,0.0072171507510181533,-0.36783149899818013,0.00070048828933041854,-0.12523340851146897,0.00070048808941325987,0.12523340851146886,0.0072171502028948687,0.36783149899818024,0.023645867714575098,0.58731795428661748,0.051289033031230086,0.76990267419430469,0.084053134771031671,0.9041172563704748,0.10927599829930291,0.98156063424671924
82,0.81997176303105412,0,0,0.37537957570762642,0.11249214222668398,-0.98156063424671924,0.086526935093181226,-0.9041172563704748,0.052798540701333149,-0.76990267419430469,0.024341798894537102,-0.58731795428661759,0.0074295614385431049,-0.36783149899818013,0.00072110463609844255,-0.12523340851146897,0.00072110443768075988,0.12523340851146886,0.0074295608924735126,0.36783149899818024,0.024341798179521559,0.58731795428661748,0.052798539907462139,0.76990267419430469,0.086526934266393712,0.9041172563704748,0.11249214139136982,0.98156063424671924
83,0.81722318179007103,0,0,0.38610880606897546,0.11570743193854031,-0.98156063424671924,0.089000078183498726,-0.9041172563704748,0.054307647040119103,-0.76990267419430469,0.025037544698104937,-0.58731795428661759,0.0076419157645952812,-0.36783149899818013,0.00074171551258814185,-0.12523340851146897,0.00074171531561493457,0.12523340851146886,0.0076419152205503818,0.36783149899818024,0.025037543984686998,0.58731795428661748,0.05430764624763193,0.76990267419430469,0.089000077358021012,0.9041172563704748,0.11570743110450621,0.98156063424671924
84,0.81450967662699392,0,0,0.39682280713546969,0.11891815780049339,-0.98156063424671924,0.091469710842460319,-0.9041172563704748,0.055814611321622819,-0.76990267419430469,0.025732302945475606,-0.58731795428661759,0.0078539686705194432,-0.36783149899818013,0.00076229713367116203,-0.12523340851146897,0.00076229693808928202,0.12523340851146886,0.0078539681284691531,0.36783149899818024,0.025732302233645556,0.58731795428661748,0.055814610530517068,0.76990267419430469,0.091469710018292266,0.9041172563704748,0.11891815696774045,0.98156063424671924
85,0.81183289490008559,0,0,0.4075091336155876,0.12212059026099585,-0.98156063424671924,0.093932964366008953,-0.9041172563704748,0.057317683069094461,-0.76990267419430469,0.026425266611442292,-0.58731795428661759,0.0080654738374804583,-0.36783149899818013,0.0007828255919074804,-0.12523340851146897,0.00078282539766557561,0.12523340851146886,0.0080654732973936376,0.36783149899818024,0.026425265901188908,0.58731795428661748,0.057317682279366157,0.76990267419430469,0.093932963543148951,0.9041172563704748,0.12212058942952361,0.98156063424671924
86,0.80919446167295783,0,0,0.41815529930091666,0.12531098750670236,-0.98156063424671924,0.09638696061853283,-0.9041172563704748,0.05881510605067073,-0.76990267419430469,0.027115626017508575,-0.58731795428661759,0.0082761841368106746,-0.36783149899818013,0.00080327690125565367,-0.12523340851146897,0.0008032767083040748,0.12523340851146886,0.0082761835986551544,0.36783149899818024,0.027115625308819096,0.58731795428661748,0.058815105262314281,0.76990267419430469,0.096386959796977825,0.9041172563704748,0.12531098667650878,0.98156063424671924
87,0.80659597872800148,0,0,0.42874879959594558,0.12848560221410069,-0.98156063424671924,0.09882881722609882,-0.9041172563704748,0.060305121448274074,-0.76990267419430469,0.027802570292851391,-0.58731795428661759,0.0084858520759225065,-0.36783149899818013,0.0008236270403525947,-0.12523340851146897,0.00082362684864333686,0.12523340851146886,0.0084858515396651051,0.36783149899818024,0.027802569585711562,0.58731795428661748,0.060305120661282359,0.76990267419430469,0.098828816405844136,0.9041172563704748,0.12848560138518209,0.98156063424671924
88,0.80403902359395085,0,0,0.43927713377103228,0.13164068821818603,-0.98156063424671924,0.10125565270587675,-0.9041172563704748,0.061785970987576141,-0.76990267419430469,0.028485288817333226,-0.58731795428661759,0.0086942302387421223,-0.36783149899818013,0.00084385199526160355,-0.12523340851146897,0.00084385180474821973,0.12523340851146886,0.0086942297043486761,0.36783149899818024,0.028485288111727274,0.58731795428661748,0.061785970201940439,0.76990267419430469,0.1012556518869161,0.9041172563704748,0.13164068739053719,0.98156063424671924
89,0.80152514858817259,0,0,0.4497278268887453,0.13477250708325217,-0.98156063424671924,0.1036645915202743,-0.9041172563704748,0.063255900022019196,-0.76990267419430469,0.029162972643333611,-0.58731795428661759,0.0089010717196784089,-0.36783149899818013,0.00086392780159290849,-0.12523340851146897,0.00086392761223045168,0.12523340851146886,0.0089010711871138244,0.36783149899818024,0.029162971939244279,0.58731795428661748,0.063255899237729216,0.76990267419430469,0.10366459070259994,0.9041172563704748,0.13477250625686626,0.98156063424671924
90,0.79905587987426063,0,0,0.46008845135730136,0.13787733456193413,-0.98156063424671924,0.10605276904511611,-0.9041172563704748,0.064713160564387945,-0.76990267419430469,0.02983481589339983,-0.58731795428661759,0.0091061305502114723,-0.36783149899818013,0.00088383058590790113,-0.12523340851146897,0.00088383039765283259,0.12523340851146886,0.0091061300194397281,0.36783149899818024,0.029834815190808373,0.58731795428661748,0.064713159781431773,0.76990267419430469,0.1060527682287187,0.9041172563704748,0.13787733373680258,0.98156063424671924
91,0.79663271653550827,0,0,0.47034664806795151,0.14095146692956848,-0.98156063424671924,0.10841733644192038,-0.9041172563704748,0.066156014259861742,-0.76990267419430469,0.030500017130918083,-0.58731795428661759,0.0093091621172465069,-0.36783149899818013,0.00090353660632408906,-0.12523340851146897,0.00090353641913422963,0.12523340851146886,0.0093091615882307053,0.36783149899818024,0.030500016429804284,0.58731795428661748,0.06615601347822582,0.76990267419430469,0.10841733562678894,0.9041172563704748,0.14095146610568107,0.98156063424671924
92,0.79425712966482132,0,0,0.48049014707692334,0.14399122718206939,-0.98156063424671924,0.11075546542519367,-0.9041172563704748,0.067582735295006885,-0.76990267419430469,0.031157780701250953,-0.58731795428661759,0.0095099235724535238,-0.36783149899818013,0.00092302229224518119,-0.12523340851146897,0.00092302210607963131,0.12523340851146886,0.0095099230451558929,0.36783149899818024,0.031157780001593218,0.58731795428661748,0.067582734514676251,0.76990267419430469,0.11075546461131595,0.9041172563704748,0.14399122635941441,0.98156063424671924
93,0.79193056147162433,0,0,0.49050678779568258,0.14699297108645959,-0.98156063424671924,0.11306435291639051,-0.9041172563704748,0.068991613237612603,-0.76990267419430469,0.031807318040991794,-0.58731795428661759,0.0097081742318756575,-0.36783149899818013,0.00094226428314662751,-0.12523340851146897,0.00094226409796570527,0.12523340851146886,0.0097081737062575842,0.36783149899818024,0.031807317342767129,0.58731795428661748,0.068991612458570759,0.76990267419430469,0.11306435210375242,0.9041172563704748,0.14699297026502375,0.98156063424671924
94,0.78965442440630085,0,0,0.500384538657203,0.14995309307437379,-0.98156063424671924,0.11534122557709044,-0.9041172563704748,0.070380955802825329,-0.76990267419430469,0.032447848953240238,-0.58731795428661759,0.0099036759651665515,-0.36783149899818013,0.00096123946635457954,-0.12523340851146897,0.00096123928211975509,0.12523340851146886,0.0099036754411886193,0.36783149899818024,0.032447848256424265,0.58731795428661748,0.070380955025054245,0.76990267419430469,0.11534122476567614,0.9041172563704748,0.14995309225414211,0.98156063424671924
95,0.78743010030270255,0,0,0.51011151622910389,0.15286803196980145,-0.98156063424671924,0.1175833442146746,-0.9041172563704748,0.071749091541482776,-0.76990267419430469,0.033078602847009295,-0.58731795428661759,0.010096193573880056,-0.36783149899818013,0.00097992501376227017,-0.12523340851146897,0.00097992483043611535,0.12523340851146886,0.010096193051502063,0.36783149899818024,0.03307860215157625,0.58731795428661748,0.071749090764962928,0.76990267419430469,0.11758334340446681,0.9041172563704748,0.15286803115075709,0.98156063424671924
96,0.78525893953924308,0,0,0.5196760037483632,0.15573427654348984,-0.98156063424671924,0.1197880080546735,-0.9041172563704748,0.073094372447090827,-0.76990267419430469,0.033698819939124207,-0.58731795428661759,0.010285495158311715,-0.36783149899818013,0.00099829841743526962,-0.12523340851146897,0.00099829823498137258,0.12523340851146886,0.010285494637492692,0.36783149899818024,0.033698819245046953,0.58731795428661748,0.073094371671801162,0.76990267419430469,0.11978800724565331,0.9041172563704748,0.15573427572561471,0.98156063424671924
97,0.78314226021909095,0,0,0.52906646905546473,0.15854837088737245,-0.98156063424671924,0.12195255887468033,-0.9041172563704748,0.074415176478328224,-0.76990267419430469,0.034307752417176922,-0.58731795428661759,0.010471352472453723,-0.36783149899818013,0.001016337524063003,-0.12523340851146897,0.0010163373424459314,0.12523340851146886,0.010471351953151973,0.36783149899818024,0.034307751724427016,0.58731795428661748,0.074415175704245912,0.76990267419430469,0.12195255806682727,0.9041172563704748,0.15854837007064712,0.98156063424671924
98,0.78108134736995571,0,0,0.5382715819096513,0.16130691960353041,-0.98156063424671924,0.12407438499560661,-0.9041172563704748,0.075709909994501209,-0.76990267419430469,0.034904665562348156,-0.58731795428661759,0.010653541266700751,-0.36783149899818013,0.0010340205682214134,-0.12523340851146897,0.0010340203874066606,0.12523340851146886,0.01065354074887385,0.36783149899818024,0.034904664870895864,0.58731795428661748,0.075709909221602312,0.76990267419430469,0.1240743841888988,0.9041172563704748,0.16130691878793388,0.98156063424671924
99,0.77907745216395452,0,0,0.54728023066982934,0.16400659280305385,-0.98156063424671924,0.12615092512671677,-0.9041172563704748,0.076977010101775559,-0.76990267419430469,0.035488838831094292,-0.58731795428661759,0.010831841618000514,-0.36783149899818013,0.0010513262044170271,-0.12523340851146897,0.0010513260243709458,0.12523340851146886,0.010831841101605347,0.36783149899818024,0.035488838140908655,0.58731795428661748,0.076977009330034818,0.76990267419430469,0.12615092432113081,0.9041172563704748,0.1640065919885631,0.98156063424671924
100,0.77713179115803355,0,0,0.55608153832933982,0.16664413091127273,-0.98156063424671924,0.12817967206172579,-0.9041172563704748,0.078214946908526914,-0.76990267419430469,0.036059566894935377,-0.58731795428661759,0.011006038247216118,-0.36783149899818013,0.0010682335378897863,-0.12523340851146897,0.0010682333585795389,0.12523340851146886,0.011006037732208861,0.36783149899818024,0.036059566205984092,0.58731795428661748,0.078214946137917712,0.76990267419430469,0.128179671257237,0.9041172563704748,0.16664413009786377,0.98156063424671924
101,0.77524554555540437,0,0,0.56466487789558895,0.16921634927665916,-0.98156063424671924,0.13015817622388365,-0.9041172563704748,0.079422225688543277,-0.76990267419430469,0.03661616063776002,-0.58731795428661759,0.011175920823521887,-0.36783149899818013,0.0010847221541573616,-0.12523340851146897,0.0010847219755508685,0.12523340851146886,0.011175920309857888,0.36783149899818024,0.036616159950009719,0.58731795428661748,0.079422224919037693,0.76990267419430469,0.13015817542046593,0.9041172563704748,0.16921634846430678,0.98156063424671924
102,0.77341986048844391,0,0,0.57301988710873908,0.17172014258166124,-0.98156063424671924,0.13208404905870968,-0.9041172563704748,0.080597388951263976,-0.76990267419430469,0.037157948110271066,-0.58731795428661759,0.011341284255716958,-0.36783149899818013,0.0011007721472897937,-0.12523340851146897,0.0011007719693556925,0.12523340851146886,0.011341283743351319,0.36783149899818024,0.037157947423687179,0.58731795428661748,0.080597388182832741,0.76990267419430469,0.13208404825633538,0.9041172563704748,0.1717201417703389,0.98156063424671924
103,0.77165584432349532,0,0,0.58113648249633387,0.17415248905453334,-0.98156063424671924,0.13395496627365636,-0.9041172563704748,0.081739018418615139,-0.76990267419430469,0.037684275441369319,-0.58731795428661759,0.011501928970396914,-0.36783149899818013,0.0011163641469084723,-0.12523340851146897,0.0011163639696160693,0.12523340851146886,0.011501928459284076,0.36783149899818024,0.037684274755916153,0.58731795428661748,0.081739017651227555,0.76990267419430469,0.13395496547229677,0.9041172563704748,0.17415248824421312,0.98156063424671924
104,0.76995456798798978,0,0,0.5890048727634446,0.17651045448203734,-0.98156063424671924,0.13576867092460768,-0.9041172563704748,0.082845736908383719,-0.76990267419430469,0.038194507706448631,-0.58731795428661759,0.011657661176973193,-0.36783149899818013,0.0011314793439086421,-0.12523340851146897,0.0011314791672278621,0.12523340851146886,0.011657660667066982,0.36783149899818024,0.038194507022089416,0.58731795428661748,0.082845736142007506,0.76990267419430469,0.13576867012423255,0.9041172563704748,0.17651045367268972,0.98156063424671924
105,0.76831706432030067,0,0,0.59661557152046851,0.17879119602365434,-0.98156063424671924,0.13752297634970176,-0.9041172563704748,0.083916210124429999,-0.76990267419430469,0.038688029752740584,-0.58731795428661759,0.011808293119583245,-0.36783149899818013,0.0011460995149095233,-0.12523340851146897,0.0011460993388108919,0.12523340851146886,0.011808292610836928,0.36783149899818024,0.038688029069437462,0.58731795428661748,0.083916209359031976,0.76990267419430469,0.13752297555027954,0.9041172563704748,0.17879119521524847,0.98156063424671924
106,0.76674432744272381,0,0,0.60395940935285142,0.18099196582858718,-0.98156063424671924,0.13921576895146448,-0.9041172563704748,0.084949148354338894,-0.76990267419430469,0.03916424698198543,-0.58731795428661759,0.01195364331597608,-0.36783149899818013,0.0011602070454403118,-0.12523340851146897,0.0011602068698948744,0.12523340851146886,0.011953642808342381,0.36783149899818024,0.039164246299699557,0.58731795428661748,0.084949147589884838,0.76990267419430469,0.1392157681529626,0.9041172563704748,0.18099196502109111,0.98156063424671924
107,0.76523731215796698,0,0,0.61102754523922109,0.1831101144574985,-0.98156063424671924,0.14084501082874876,-0.9041172563704748,0.085943308075423525,-0.76990267419430469,0.039622586090850613,-0.58731795428661759,0.012093536783501469,-0.36783149899818013,0.0011737849518744039,-0.12523340851146897,0.0011737847768537345,0.12523340851146886,0.012093536276932623,0.36783149899818024,0.039622585409542152,0.58731795428661748,0.085943307311878034,0.76990267419430469,0.14084501003113326,0.9041172563704748,0.1831101136508787,0.98156063424671924
108,0.76379693336951671,0,0,0.617811477326349,0.18514309411150393,-0.98156063424671924,0.14240874226041855,-0.9041172563704748,0.086897493470263446,-0.76990267419430469,0.040062495769641958,-0.58731795428661759,0.012227805252369389,-0.36783149899818013,0.0011868169021281671,-0.12523340851146897,0.0011868167276042935,0.12523340851146886,0.012227804746817157,0.36783149899818024,0.04006249508927015,0.58731795428661748,0.086897492707589993,0.76990267419430469,0.14240874146365431,0.9041172563704748,0.18514309330572615,0.98156063424671924
109,0.76242406552623643,0,0,0.62430305307071465,0.18708846167135348,-0.98156063424671924,0.14390508404303184,-0.9041172563704748,0.08781055785315374,-0.76990267419430469,0.040483447359941895,-0.58731795428661759,0.012356287366373203,-0.36783149899818013,0.0011992872351428792,-0.12523340851146897,0.0011992870610882797,0.12523340851146886,0.012356286861788877,0.36783149899818024,0.040483446680464899,0.58731795428661748,0.087810557091314745,0.76990267419430469,0.14390508324708279,0.9041172563704748,0.18708846086638245,0.98156063424671924
110,0.76111954209153831,0,0,0.63049447875847553,0.1889438815503349,-0.98156063424671924,0.14533223968524303,-0.9041172563704748,0.088681405009124428,-0.76990267419430469,0.04088493547193979,-0.58731795428661759,0.012478828871310117,-0.36783149899818013,0.0012111809791726421,-0.12523340851146897,0.0012111808055601857,0.12523340851146886,0.012478828367644556,0.36783149899818024,0.040884934793314655,0.58731795428661748,0.088681404248081228,0.76990267419430469,0.14533223889007205,0.9041172563704748,0.18894388074613419,0.98156063424671924
111,0.75988415503745799,0,0,0.63637832841609265,0.19070712836457171,-0.98156063424671924,0.1466884974617487,-0.9041172563704748,0.089508990447253009,-0.76990267419430469,0.041266478562248167,-0.58731795428661759,0.012595282791341474,-0.36783149899818013,0.0012224838689016918,-0.12523340851146897,0.0012224836957046303,0.12523340851146886,0.012595282288545126,0.36783149899818024,0.041266477884431448,0.58731795428661748,0.089508989686966051,0.76990267419430469,0.14668849666731729,0.9041172563704748,0.19070712756110375,0.98156063424671924
112,0.75871865436394959,0,0,0.64194755212578491,0.19237608942496298,-0.98156063424671924,0.14797223233004206,-0.9041172563704748,0.090292322570264247,-0.76990267419430469,0.041627619473126015,-0.58731795428661759,0.012705509593573321,-0.36783149899818013,0.0012331823614184325,-0.12523340851146897,0.0012331821886103576,0.12523340851146886,0.012705509091596269,0.36783149899818024,0.041627618796073552,0.58731795428661748,0.090292321810693202,0.76990267419430469,0.14797223153631103,0.9041172563704748,0.19237608862218922,0.98156063424671924
113,0.7576237476437111,0,0,0.64719548375969649,0.19394876705492511,-0.98156063424671924,0.14918190771317888,-0.9041172563704748,0.091030463762369868,-0.76990267419430469,0.04196792593400709,-0.58731795428661759,0.012809377341132041,-0.36783149899818013,0.0012432636510727809,-0.12523340851146897,0.001243263478627596,0.12523340851146886,0.012809376839924004,0.36783149899818024,0.041967925257673969,0.58731795428661748,0.091030463003473547,0.76990267419430469,0.14918190692010819,0.9041172563704748,0.19394876625280608,0.98156063424671924
114,0.75660009959284846,0,0,0.6521158481483087,0.19542328073859105,-0.98156063424671924,0.15031607715213335,-0.9041172563704748,0.091722531397532447,-0.76990267419430469,0.042286991026341335,-0.58731795428661759,0.012906761835042503,-0.36783149899818013,0.0012527156832467009,-0.12523340851146897,0.0012527155111386053,0.12523340851146886,0.012906761334552862,0.36783149899818024,0.042286990350681945,0.58731795428661748,0.091722530639268718,0.76990267419430469,0.15031607635968217,0.9041172563704748,0.19542327993708614,0.98156063424671924
115,0.75564833166769207,0,0,0.65670276769778091,0.19679786910386649,-0.98156063424671924,0.15137338583112969,-0.9041172563704748,0.092367698770218956,-0.76990267419430469,0.042584433612701866,-0.58731795428661759,0.012997546745199349,-0.36783149899818013,0.0012615271670661365,-0.12523340851146897,0.0012615269952696011,0.12523340851146886,0.012997546245377169,0.36783149899818024,0.042584432937669975,0.58731795428661748,0.092367698012545005,0.76990267419430469,0.15137338503925635,0.9041172563704748,0.19679786830293436,0.98156063424671924
116,0.75476902168810978,0,0,0.66095076847178691,0.19807089174500839,-0.98156063424671924,0.15235257197953658,-0.9041172563704748,0.092965195950833954,-0.76990267419430469,0.042859898731166704,-0.58731795428661759,0.013081623730739497,-0.36783149899818013,0.0012696875870842469,-0.12523340851146897,0.0012696874155739744,0.12523340851146886,0.013081623231533545,0.36783149899818024,0.042859898056715508,0.58731795428661748,0.092965195193706329,0.76990267419430469,0.15235257118819878,0.9041172563704748,0.19807089094460709,0.98156063424671924
117,0.7539627034877352,0,0,0.66485478575207335,0.19924083088898933,-0.98156063424671924,0.15325246815360477,-0.9041172563704748,0.09351431056783284,-0.76990267419430469,0.043113057955897864,-0.58731795428661759,0.013158892550097431,-0.36783149899818013,0.001277187213963237,-0.12523340851146897,0.0012771870427141518,0.12523340851146886,0.013158892051456208,0.36783149899818024,0.043113057281979922,0.58731795428661748,0.093514309811207341,0.76990267419430469,0.15325246736275946,0.9041172563704748,0.19924083008907614,0.98156063424671924
118,0.75322986659170499,0,0,0.66841016909171647,0.20030629290983568,-0.98156063424671924,0.15407200240126892,-0.9041172563704748,0.094014388518481123,-0.76990267419430469,0.043343609724823866,-0.58731795428661759,0.013229261161019905,-0.36783149899818013,0.0012840171141816866,-0.12523340851146897,0.0012840169431689076,0.12523340851146886,0.013229260662891665,0.36783149899818024,0.04334360905139116,0.58731795428661748,0.094014387762312995,0.76990267419430469,0.15407200161087231,0.9041172563704748,0.20030629211036743,0.98156063424671924
119,0.75257095592291789,0,0,0.67161268687128584,0.20126600969399955,-0.98156063424671924,0.15481019931236675,-0.9041172563704748,0.094464834609696305,-0.76990267419430469,0.043551279635087897,-0.58731795428661759,0.013292645810742172,-0.36783149899818013,0.0012901691587869529,-0.12523340851146897,0.0012901689879857734,0.12523340851146886,0.013292645313074941,0.36783149899818024,0.043551278962091954,0.58731795428661748,0.094464833853940194,0.76990267419430469,0.15481019852237449,0.9041172563704748,0.20126600889493218,0.98156063424671924
120,0.75198637153887282,0,0,0.67445853036380465,0.20211883985852852,-0.98156063424671924,0.15546618095563344,-0.9041172563704748,0.094865113129799325,-0.76990267419430469,0.043735820706643537,-0.58731795428661759,0.013348971116442208,-0.36783149899818013,0.0012956360312039634,-0.12523340851146897,0.0012956358605898406,0.12523340851146886,0.013348970619183803,0.36783149899818024,0.043735820034035498,0.58731795428661748,0.094865112374409394,0.76990267419430469,0.15546618016600069,0.9041172563704748,0.20211883905981753,0.98156063424671924
121,0.75147646840398774,0,0,0.67694431729793803,0.20286376981886611,-0.98156063424671924,0.15603916770003515,-0.9041172563704748,0.09521474834969039,-0.76990267419430469,0.043897013613312649,-0.58731795428661759,0.013398170135763745,-0.36783149899818013,0.0013004112340801236,-0.12523340851146897,0.0013004110636286377,0.12523340851146886,0.013398169638861803,0.36783149899818024,0.043897012941043291,0.58731795428661748,0.095214747594620328,0.76990267419430469,0.1560391669107167,0.9041172563704748,0.20286376902046677,0.98156063424671924
122,0.75104155621090163,0,0,0.6790670948673263,0.20349991469067644,-0.98156063424671924,0.15652847890843577,-0.9041172563704748,0.095513324946123038,-0.76990267419430469,0.044034666877928182,-0.58731795428661759,0.013440184426377432,-0.36783149899818013,0.0013044890950662379,-0.12523340851146897,0.0013044889247530932,0.12523340851146886,0.013440183929779439,0.36783149899818024,0.044034666205947932,0.58731795428661748,0.095513324191326132,0.76990267419430469,0.15652847811938594,0.9041172563704748,0.20349991389254343,0.98156063424671924
123,0.75068189929457285,0,0,0.68082434198309072,0.20402651896486548,-0.98156063424671924,0.15693353345681124,-0.9041172563704748,0.095760488318527542,-0.76990267419430469,0.044148617018399644,-0.58731795428661759,0.013474964090562735,-0.36783149899818013,0.0013078647711435955,-0.12523340851146897,0.0013078646009445905,0.12523340851146886,0.013474963594216039,0.36783149899818024,0.044148616346658648,0.58731795428661748,0.095760487563956831,0.76990267419430469,0.15693353266798379,0.9041172563704748,0.20402651816695302,0.98156063424671924
124,0.75039771681403611,0,0,0.68221396992439209,0.20444295670253729,-0.98156063424671924,0.15725384988420635,-0.9041172563704748,0.09595594468051416,-0.76990267419430469,0.044238728589899079,-0.58731795428661759,0.013502467788083847,-0.36783149899818013,0.0013105342498736813,-0.12523340851146897,0.0013105340797646963,0.12523340851146886,0.013502467291935662,0.36783149899818024,0.044238727918347244,0.58731795428661748,0.095955943926122431,0.76990267419430469,0.15725384909555473,0.9041172563704748,0.20444295590479944,0.98156063424671924
125,0.75018918414531299,0,0,0.68323431677625124,0.20474872986814427,-0.98156063424671924,0.15748904511062381,-0.9041172563704748,0.096099460277532037,-0.76990267419430469,0.044304893824177169,-0.58731795428661759,0.013522662626102322,-0.36783149899818013,0.0013124943387132211,-0.12523340851146897,0.0013124941686702032,0.12523340851146886,0.013522662130099785,0.36783149899818024,0.044304893152764181,0.58731795428661748,0.096099459523271771,0.76990267419430469,0.15748904432210151,0.9041172563704748,0.20474872907053457,0.98156063424671924
126,0.75005644402705063,0,0,0.68388409383685467,0.20494345226905858,-0.98156063424671924,0.15763882208363139,-0.9041172563704748,0.09619085384885645,-0.76990267419430469,0.044347029154300471,-0.58731795428661759,0.013535523098463492,-0.36783149899818013,0.0013137425620624902,-0.12523340851146897,0.0013137423920614208,0.12523340851146886,0.013535522602553649,0.36783149899818024,0.044347028482975899,0.58731795428661748,0.096190853094679771,0.76990267419430469,0.15763882129519141,0.9041172563704748,0.20494345147153031,0.98156063424671924
127,0.75,0,0,0.68416045978395224,0.20502627243002233,-0.98156063424671924,0.15770252586375585,-0.9041172563704748,0.096229725751896908,-0.76990267419430469,0.044364950332381095,-0.58731795428661759,0.013540992969346485,-0.36783149899818013,0.0013142734617341636,-0.12523340851146897,0.0013142732917509213,0.12523340851146886,0.013540992473476066,0.36783149899818024,0.044364949661094132,0.58731795428661748,0.096229724997755797,0.76990267419430469,0.15770252507535085,0.9041172563704748,0.20502627163252868,0.98156063424671924
128,0.74994355597294937,0,0,0.68443686533953929,0.20510910446068811,-0.98156063424671924,0.15776623877384202,-0.9041172563704748,0.09626860322601942,-0.76990267419430469,0.044382874078906884,-0.58731795428661759,0.013546463624165891,-0.36783149899818013,0.0013148044374938672,-0.12523340851146897,0.0013148042675284464,0.12523340851146886,0.013546463128334893,0.36783149899818024,0.044382873407657536,0.58731795428661748,0.096268602471913961,0.76990267419430469,0.15776623798547199,0.9041172563704748,0.20510910366322921,0.98156063424671924
129,0.74981081585468701,0,0,0.68508704775205864,0.2053039483357243,-0.98156063424671924,0.15791610918256233,-0.9041172563704748,0.096360053811605229,-0.76990267419430469,0.044425035694409774,-0.58731795428661759,0.013559332119305229,-0.36783149899818013,0.0013160534395254091,-0.12523340851146897,0.0013160532696018788,0.12523340851146886,0.013559331623566949,0.36783149899818024,0.04442503502324887,0.58731795428661748,0.096360053057583606,0.76990267419430469,0.15791610839427453,0.9041172563704748,0.20530394753834724,0.98156063424671924
130,0.74960228318596389,0,0,0.68610891617010616,0.20561017747775495,-0.98156063424671924,0.1581516551378544,-0.9041172563704748,0.096503783422592249,-0.76990267419430469,0.044491299595903783,-0.58731795428661759,0.013579557072360878,-0.36783149899818013,0.0013180164512982579,-0.12523340851146897,0.001318016281440474,0.12523340851146886,0.013579556576768249,0.36783149899818024,0.044491298924881802,0.58731795428661748,0.096503782668702381,0.76990267419430469,0.1581516543496958,0.9041172563704748,0.20561017668050663,0.98156063424671924
131,0.74931810070542715,0,0,0.68750235844396945,0.20602775827823466,-0.98156063424671924,0.15847285078862874,-0.9041172563704748,0.096699776284704164,-0.76990267419430469,0.044581658510948183,-0.58731795428661759,0.013607136263651343,-0.36783149899818013,0.0013206932573728767,-0.12523340851146897,0.0013206930876045585,0.12523340851146886,0.013607135768257179,0.36783149899818024,0.044581657840115543,0.58731795428661748,0.096699775530993792,0.76990267419430469,0.15847285000064654,0.9041172563704748,0.20602775748116209,0.98156063424671924
132,0.74895844378909837,0,0,0.68926731176099898,0.20655667191373747,-0.98156063424671924,0.15887968165624441,-0.9041172563704748,0.096948023563106889,-0.76990267419430469,0.044696108366404884,-0.58731795428661759,0.013642068449980838,-0.36783149899818013,0.0013240837370864665,-0.12523340851146897,0.0013240835674311654,0.12523340851146886,0.013642067954837772,0.36783149899818024,0.044696107695812087,0.58731795428661748,0.09694802280962371,0.76990267419430469,0.15887968086848572,0.9041172563704748,0.20655667111688733,0.98156063424671924
133,0.74852353159601226,0,0,0.69140370419513253,0.20719689682976844,-0.98156063424671924,0.15937213116137111,-0.9041172563704748,0.097248515141130545,-0.76990267419430469,0.044834644498169061,-0.58731795428661759,0.013684352207779769,-0.36783149899818013,0.0013281877522694592,-0.12523340851146897,0.0013281875827505138,0.12523340851146886,0.013684351712940248,0.36783149899818024,0.044834643827866442,0.58731795428661748,0.097248514387922411,0.76990267419430469,0.15937213037388304,0.9041172563704748,0.20719689603318753,0.98156063424671924
134,0.74801362846112707,0,0,0.69391144301056751,0.20794840523565894,-0.98156063424671924,0.15995017792792571,-0.9041172563704748,0.097601237975137603,-0.76990267419430469,0.044997260892711048,-0.58731795428661759,0.013733985701609558,-0.36783149899818013,0.001333005124776839,-0.12523340851146897,0.0013330049554173308,0.12523340851146886,0.013733985207125788,0.36783149899818024,0.0449972602227489,0.58731795428661748,0.097601237222252293,0.76990267419430469,0.15995017714075541,0.9041172563704748,0.20794840443939397,0.98156063424671924
135,0.74742904407708211,0,0,0.69679040791844915,0.20881116108375974,-0.98156063424671924,0.16061379422870389,-0.9041172563704748,0.098006175146050839,-0.76990267419430469,0.045183949749800834,-0.58731795428661759,0.013790966550698086,-0.36783149899818013,0.0013385356235342157,-0.12523340851146897,0.001338535454356936,0.12523340851146886,0.013790966056622007,0.36783149899818024,0.045183949080229373,0.58731795428661748,0.098006174393535997,0.76990267419430469,0.16061379344189869,0.9041172563704748,0.20881116028785715,0.98156063424671924
136,0.74677013340829501,0,0,0.70004044469462356,0.20978511815683631,-0.98156063424671924,0.1613629445142391,-0.9041172563704748,0.098463304961666095,-0.76990267419430469,0.045394701068645876,-0.58731795428661759,0.013855291702621463,-0.36783149899818013,0.0013447789522775201,-0.12523340851146897,0.0013447787833049145,0.12523340851146886,0.013855291209004722,0.36783149899818024,0.045394700399515181,0.58731795428661748,0.098463304209569544,0.76990267419430469,0.16136294372784599,0.9041172563704748,0.20978511736134284,0.98156063424671924
137,0.7460372965122648,0,0,0.70366135833411103,0.21087021801663119,-0.98156063424671924,0.16219758383487348,-0.9041172563704748,0.098972599993803687,-0.76990267419430469,0.045629502203987281,-0.58731795428661759,0.013926957297816461,-0.36783149899818013,0.001351734736402706,-0.12523340851146897,0.0013517345676568565,0.12523340851146886,0.013926956804710327,0.36783149899818024,0.045629501535347367,0.58731795428661748,0.098972599242173165,0.76990267419430469,0.16219758304893961,0.9041172563704748,0.21087021722159374,0.98156063424671924
138,0.74523097831189022,0,0,0.70765290556489302,0.21206638776042774,-0.98156063424671924,0.16311765611514709,-0.9041172563704748,0.099534026025344557,-0.76990267419430469,0.045888337380650214,-0.58731795428661759,0.01400595852141239,-0.36783149899818013,0.0013594025085847258,-0.12523340851146897,0.0013594023400873101,0.12523340851146886,0.014005958028867739,0.36783149899818024,0.045888336712550944,0.58731795428661748,0.099534025274227778,0.76990267419430469,0.1631176553297197,0.9041172563704748,0.21206638696589331,0.98156063424671924
139,0.74435166833230793,0,0,0.71201478669480267,0.21337353757776106,-0.98156063424671924,0.16412309227446378,-0.9041172563704748,0.10014754090346484,-0.76990267419430469,0.046171187164848665,-0.58731795428661759,0.014092289441863675,-0.36783149899818013,0.0013677816931153804,-0.12523340851146897,0.0013677815248876297,0.12523340851146886,0.014092288949930965,0.36783149899818024,0.046171186497339797,0.58731795428661748,0.10014754015290951,0.76990267419430469,0.1641230914895902,0.9041172563704748,0.21337353678377655,0.98156063424671924
140,0.74339990040715154,0,0,0.71674663681308448,0.21479155811373923,-0.98156063424671924,0.16521380819900536,-0.9041172563704748,0.10081309330210249,-0.76990267419430469,0.046478027893643498,-0.58731795428661759,0.014185942836809998,-0.36783149899818013,0.001376871589001478,-0.12523340851146897,0.0013768714210641631,0.12523340851146886,0.014185942345539234,0.36783149899818024,0.046478027226774625,0.58731795428661748,0.10081309255215626,0.76990267419430469,0.16521380741473271,0.9041172563704748,0.21479155732035143,0.98156063424671924
141,0.7423762523562889,0,0,0.72184801638413243,0.21632031765021548,-0.98156063424671924,0.16638970257353947,-0.9041172563704748,0.10153062139893136,-0.76990267419430469,0.046808831064985491,-0.58731795428661759,0.014286910006906354,-0.36783149899818013,0.0013866713518953886,-0.12523340851146897,0.001386671184268772,0.12523340851146886,0.014286909516347023,0.36783149899818024,0.046808830398806026,0.58731795428661748,0.10153062064964188,0.76990267419430469,0.16638970178991505,0.9041172563704748,0.21632031685747144,0.98156063424671924
142,0.74128134563605041,0,0,0.72731840128106229,0.21795965911909132,-0.98156063424671924,0.1676506545841063,-0.9041172563704748,0.10230005147354604,-0.76990267419430469,0.047163562691434131,-0.58731795428661759,0.014395180578566164,-0.36783149899818013,0.0013971799749494863,-0.12523340851146897,0.0013971798076533183,0.12523340851146886,0.01439518008876722,0.36783149899818024,0.047163562025993234,0.58731795428661748,0.10230005072496091,0.76990267419430469,0.16765065380117739,0.9041172563704748,0.21795965832703817,0.98156063424671924
143,0.7401158449625419,0,0,0.73315717231090516,0.21970939696327205,-0.98156063424671924,0.16899652150352201,-0.9041172563704748,0.1031212964341409,-0.76990267419430469,0.047542182620910166,-0.58731795428661759,0.014510742296642546,-0.36783149899818013,0.0014083962686940259,-0.12523340851146897,0.0014083961017475148,0.12523340851146886,0.014510741807652369,0.36783149899818024,0.047542181956256792,0.58731795428661748,0.10312129568630764,0.76990267419430469,0.16899652072133581,0.9041172563704748,0.21970939617195689,0.98156063424671924
144,0.73888045790846169,0,0,0.73936360428795866,0.22156931386221565,-0.98156063424671924,0.17042713617272937,-0.9041172563704748,0.10399425428063636,-0.76990267419430469,0.04794464382814799,-0.58731795428661759,0.014633580808166693,-0.36783149899818013,0.0014203188400470181,-0.12523340851146897,0.0014203186734688068,0.12523340851146886,0.014633580320033056,0.36783149899818024,0.047944643164330808,0.58731795428661748,0.10399425353360255,0.76990267419430469,0.17042713539133303,0.9041172563704748,0.22156931307168548,0.98156063424671924
145,0.73757593447376357,0,0,0.74593685471409987,0.22353915733969654,-0.98156063424671924,0.17194230439155117,-0.9041172563704748,0.10491880651252246,-0.76990267419430469,0.048370891680661138,-0.58731795428661759,0.014763679438307073,-0.36783149899818013,0.0014329460705690684,-0.12523340851146897,0.0014329459043772126,0.12523340851146886,0.014763678951077096,0.36783149899818024,0.048370891017728658,0.58731795428661748,0.10491880576633558,0.76990267419430469,0.17194230361099194,0.9041172563704748,0.22353915654999851,0.98156063424671924
146,0.73620306663048329,0,0,0.75287595212835667,0.22561863627245637,-0.98156063424671924,0.17354180223320687,-0.9041172563704748,0.10589481649018273,-0.76990267419430469,0.048820863183260746,-0.58731795428661759,0.014901018959782644,-0.36783149899818013,0.0014462760940828546,-0.12523340851146897,0.0014462759282948344,0.12523340851146886,0.01490101847350277,0.36783149899818024,0.048820862521261214,0.58731795428661748,0.10589481574489013,0.76990267419430469,0.17354180145353204,0.9041172563704748,0.22561863548363753,0.98156063424671924
147,0.73476268784203302,0,0,0.76017978418905885,0.2278074173187139,-0.98156063424671924,0.1752253732971859,-0.9041172563704748,0.10692212775860398,-0.76990267419430469,0.049294486205232753,-0.58731795428661759,0.015045577356983288,-0.36783149899818013,0.0014603067737789356,-0.12523340851146897,0.0014603066084116047,0.12523340851146886,0.015045576871699242,0.36783149899818024,0.049294485544214152,0.58731795428661748,0.10692212701425287,0.76990267419430469,0.17522537251844283,0.9041172563704748,0.22780741653082137,0.98156063424671924
148,0.73325567255727619,0,0,0.76784708555481562,0.2301051212863876,-0.98156063424671924,0.17699272591575108,-0.9041172563704748,0.10800056234279082,-0.76990267419430469,0.049791678694469862,-0.58731795428661759,0.015197329586108435,-0.36783149899818013,0.001475035678935028,-0.12523340851146897,0.0014750355140046494,0.12523340851146886,0.015197329101865199,0.36783149899818024,0.049791678034479925,0.58731795428661748,0.10800056159942832,0.76990267419430469,0.17699272513798681,0.9041172563704748,0.23010512049946852,0.98156063424671924
149,0.73168293567969933,0,0,0.77587642563093184,0.2325113194609954,-0.98156063424671924,0.17884353032942368,-0.9041172563704748,0.10912991902425308,-0.76990267419430469,0.050312347882877806,-0.58731795428661759,0.015356247332642584,-0.36783149899818013,0.0014904600613768755,-0.12523340851146897,0.001490459896899071,0.12523340851146886,0.015356246849484383,0.36783149899818024,0.050312347223963862,0.58731795428661748,0.1091299182819262,0.76990267419430469,0.1788435295526854,0.9041172563704748,0.23251131867509683,0.98156063424671924
150,0.73004543201201022,0,0,0.78426619624982186,0.23502552991377285,-0.98156063424671924,0.1807774158472554,-0.9041172563704748,0.11030997160821011,-0.76990267419430469,0.050856389487501423,-0.58731795428661759,0.015522298767524419,-0.36783149899818013,0.0015065768318122295,-0.12523340851146897,0.0015065766678020373,0.12523340851146886,0.015522298285494708,0.36783149899818024,0.050856388829710455,0.58731795428661748,0.1103099708669657,0.76990267419430469,0.18077741507159006,0.9041172563704748,0.23502552912894173,0.98156063424671924
151,0.72834415567650468,0,0,0.79301459935394436,0.23764721381054871,-0.98156063424671924,0.18279396800768091,-0.9041172563704748,0.11154046719114956,-0.76990267419430469,0.051423686911814821,-0.58731795428661759,0.015695448303365916,-0.36783149899818013,0.0015233825361698054,-0.12523340851146897,0.0015233823726416022,0.12523340851146886,0.015695447822507327,0.36783149899818024,0.051423686255193439,0.58731795428661748,0.11154046645103423,0.76990267419430469,0.18279396723313543,0.9041172563704748,0.23764721302683203,0.98156063424671924
152,0.72658013951155609,0,0,0.80211963475066261,0.24037577174217389,-0.98156063424671924,0.18489272575595006,-0.9041172563704748,0.11282112443850249,-0.76990267419430469,0.052014110451674714,-0.58731795428661759,0.0158756563520948,-0.36783149899818013,0.0015408733320762444,-0.12523340851146897,0.0015408731690438248,0.12523340851146886,0.015875655872449133,0.36783149899818024,0.052014109796269158,0.58731795428661748,0.11282112369956272,0.76990267419430469,0.1848927249825715,0.9041172563704748,0.24037577095961876,0.98156063424671924
153,0.72475445444459563,0,0,0.81157908800823464,0.2432105400972438,-0.98156063424671924,0.18707317865409112,-0.9041172563704748,0.11415163188216934,-0.76990267419430469,0.052627516510426117,-0.58731795428661759,0.016062879085390482,-0.36783149899818013,0.0015590449656043481,-0.12523340851146897,0.0015590448030808671,0.12523340851146886,0.016062878606998655,0.36783149899818024,0.052627515856282177,0.58731795428661748,0.11415163114445143,0.76990267419430469,0.18707317788192612,0.9041172563704748,0.24321053931589703,0.98156063424671924
154,0.72286820884196645,0,0,0.82139051856159773,0.24615078749769084,-0.98156063424671924,0.18933476413923248,-0.9041172563704748,0.11553164624755424,-0.76990267419430469,0.053263746827612216,-0.58731795428661759,0.016257068199272216,-0.36783149899818013,0.0015778927484242039,-0.12523340851146897,0.0015778925864222181,0.12523340851146886,0.016257067722174241,0.36783149899818024,0.053263746174775188,0.58731795428661748,0.1155316455111042,0.76990267419430469,0.18933476336832752,0.9041172563704748,0.24615078671759913,0.98156063424671924
155,0.72092254783604548,0,0,0.83155124809635628,0.24919571131774756,-0.98156063424671924,0.19167686484605126,-0.9041172563704748,0.1169607908197294,-0.76990267419430469,0.053922627725724204,-0.58731795428661759,0.01645817068419338,-0.36783149899818013,0.001597411535488813,-0.12523340851146897,0.0015974113740202668,0.12523340851146886,0.016458170208428342,0.36783149899818024,0.053922627074238928,0.58731795428661748,0.11696079008459291,0.76990267419430469,0.19167686407645276,0.9041172563704748,0.24919571053895739,0.98156063424671924
156,0.71891865263004429,0,0,0.84205834927778522,0.25234443430630338,-0.98156063424671924,0.19409880600875085,-0.9041172563704748,0.1184386538581272,-0.76990267419430469,0.054603969379324428,-0.58731795428661759,0.016666128601964484,-0.36783149899818013,0.0016175957033824561,-0.12523340851146897,0.0016175955424587102,0.12523340851146886,0.016666128127570547,0.36783149899818024,0.054603968729235314,0.58731795428661748,0.11843865312434962,0.76990267419430469,0.19409880524050516,0.9041172563704748,0.25234443352886055,0.98156063424671924
157,0.71685773978090905,0,0,0.85290863489069602,0.25559600133238525,-0.98156063424671924,0.19659985295774432,-0.9041172563704748,0.11996478706902186,-0.76990267419430469,0.055307565110812001,-0.58731795428661759,0.016880878870808018,-0.36783149899818013,0.0016384391294583605,-0.12523340851146897,0.0016384389690901778,0.12523340851146886,0.016880878397822346,0.36783149899818024,0.055307564462162853,0.58731795428661748,0.11996478633664831,0.76990267419430469,0.19659985219089726,0.9041172563704748,0.25559600055633586,0.98156063424671924
158,0.71474106046075692,0,0,0.8640986474539778,0.2589493762728885,-0.98156063424671924,0.19917920872575148,-0.9041172563704748,0.12153870414477584,-0.76990267419430469,0.056033190716969043,-0.58731795428661759,0.017102353059807982,-0.36783149899818013,0.0016599351718881829,-0.12523340851146897,0.0016599350120857467,0.12523340851146886,0.017102352588266773,0.36783149899818024,0.056033190069803118,0.58731795428661748,0.12153870341385109,0.76990267419430469,0.19917920796034871,0.9041172563704748,0.25894937549827834,0.98156063424671924
159,0.71256989969729745,0,0,0.87562464937169882,0.26240343906110097,-0.98156063424671924,0.20183601177757757,-0.9041172563704748,0.1231598793785556,-0.76990267419430469,0.056780603830300778,-0.58731795428661759,0.017330477193979267,-0.36783149899818013,0.00168207665074225,-0.12523340851146897,0.0016820764915151803,0.12523340851146886,0.017330476723917715,0.36783149899818024,0.056780603184660758,0.58731795428661748,0.12315987864912405,0.76990267419430469,0.20183601101366455,0.9041172563704748,0.26240343828797597,0.98156063424671924
160,0.71034557559369915,0,0,0.88748261368024639,0.26595698291384628,-0.98156063424671924,0.20456933387728074,-0.9041172563704748,0.12482774636288195,-0.76990267419430469,0.057549543319026168,-0.58731795428661759,0.017565171571133849,-0.36783149899818013,0.0017048558302147833,-0.12523340851146897,0.0017048556715721572,0.12523340851146886,0.017565171102586142,0.36783149899818024,0.057549542674954074,0.58731795428661748,0.12482774563498764,0.76990267419430469,0.2045693331149025,0.9041172563704748,0.265956982142252,0.98156063424671924
161,0.70806943852837578,0,0,0.89966821544808173,0.26960871175419909,-0.98156063424671924,0.20737817810577139,-0.9041172563704748,0.12654169677997376,-0.76990267419430469,0.058339728729387974,-0.58731795428661759,0.017806350591663574,-0.36783149899818013,0.0017282644021028254,-0.12523340851146897,0.0017282642440531483,0.12523340851146886,0.017806350124662841,0.36783149899818024,0.058339728086925148,0.58731795428661748,0.12654169605366022,0.76990267419430469,0.20737817734497255,0.9041172563704748,0.26960871098418054,0.98156063424671924
162,0.70574287033517868,0,0,0.91217682388205701,0.27335723784593946,-0.98156063424671924,0.21026147704127696,-0.9041172563704748,0.12830107929147194,-0.76990267419430469,0.059150859773780227,-0.58731795428661759,0.018053922602307339,-0.36783149899818013,0.0017522934706423984,-0.12523340851146897,0.0017522933131936789,0.12523340851146886,0.018053922136885669,0.36783149899818024,0.059150859132967311,0.58731795428661748,0.12830107856678227,0.76990267419430469,0.21026147628210168,0.9041172563704748,0.27335723707754117,0.98156063424671924
163,0.70336728346449173,0,0,0.92500349519056035,0.27720107965481144,-0.98156063424671924,0.21321809111426046,-0.9041172563704748,0.13010519853461402,-0.76990267419430469,0.059982615867953122,-0.58731795428661759,0.018307789754897563,-0.36783149899818013,0.0017769335387986327,-0.12523340851146897,0.0017769333819583567,0.12523340851146886,0.01830778929108598,0.36783149899818024,0.059982615228830111,0.58731795428661748,0.13010519781159088,0.76990267419430469,0.21321809035675232,0.9041172563704748,0.27720107888807743,0.98156063424671924
164,0.70094412012573937,0,0,0.938142966250472,0.28113865995066312,-0.98156063424671924,0.21624680714762082,-0.9041172563704748,0.13195331423146761,-0.76990267419430469,0.060834655720341399,-0.58731795428661759,0.018567847881015717,-0.36783149899818013,0.0018021744960999325,-0.12523340851146897,0.0018021743398751032,0.12523340851146886,0.01856784741884418,0.36783149899818024,0.06083465508294756,0.58731795428661748,0.13195331351015321,0.76990267419430469,0.21624680639182312,0.9041172563704748,0.2811386591856373,0.98156063424671924
165,0.69847485141182741,0,0,0.95158964912096566,0.28516830416336636,-0.98156063424671924,0.219346337092096,-0.9041172563704748,0.13384464041727676,-0.76990267419430469,0.061706616976307437,-0.58731795428661759,0.018833986383408757,-0.36783149899818013,0.0018280056080990066,-0.12523340851146897,0.0018280054524961217,0.12523340851146886,0.018833985922906138,0.36783149899818024,0.061706616340681211,0.58731795428661748,0.13384463969771251,0.76990267419430469,0.21934633633805165,0.9041172563704748,0.28516830340009219,0.98156063424671924
166,0.69596097640604915,0,0,0.96533762644334831,0.28928823900426104,-0.98156063424671924,0.22251531696590221,-0.9041172563704748,0.13577834479343165,-0.76990267419430469,0.06259811591983995,-0.58731795428661759,0.019106088144942204,-0.36783149899818013,0.0018544155075359003,-0.12523340851146897,0.0018544153525610247,0.12523340851146886,0.019106087686136253,0.36783149899818024,0.062598115286018954,0.58731795428661748,0.13577834407565834,0.76990267419430469,0.22251531621365345,0.9041172563704748,0.28928823824278144,0.98156063424671924
167,0.69340402127199852,0,0,0.979380647761672,0.29349659136353168,-0.98156063424671924,0.22575230600661533,-0.9041172563704748,0.1377535482099489,-0.76990267419430469,0.063508747234961027,-0.58731795428661759,0.019384029455777149,-0.36783149899818013,0.0018813921872699319,-0.12523340851146897,0.0018813920329286517,0.12523340851146886,0.019384028998694486,0.36783149899818024,0.063508746602982113,0.58731795428661748,0.13775354749400665,0.76990267419430469,0.22575230525620391,0.9041172563704748,0.29349659060388872,0.98156063424671924
168,0.69080553832704217,0,0,0.99371212679465981,0.29779138749266959,-0.98156063424671924,0.2290557860423367,-0.9041172563704748,0.13976932428175809,-0.76990267419430469,0.064438083828822046,-0.58731795428661759,0.019667679959375885,-0.36783149899818013,0.0019089229950389989,-0.12523340851146897,0.0019089228413364911,0.12523340851146886,0.019667679504042027,0.36783149899818024,0.064438083198721116,0.58731795428661748,0.13976932356768637,0.76990267419430469,0.22905578529380372,0.9041172563704748,0.29779138673490446,0.98156063424671924
169,0.68816710509991441,0,0,1.0083251396848334,0.30217055247977748,-0.98156063424671924,0.23242416108810721,-0.9041172563704748,0.14182469914243509,-0.76990267419430469,0.065385676718166613,-0.58731795428661759,0.01995690261784841,-0.36783149899818013,0.0019369946300961925,-0.12523340851146897,0.0019369944770371863,0.12523340851146886,0.01995690216428769,0.36783149899818024,0.065385676089978778,0.58731795428661748,0.14182469843027254,0.76990267419430469,0.23242416034149305,0.9041172563704748,0.3021705517239312,0.98156063424671924
170,0.68549032337300608,0,0,1.0232124242460297,0.3066319100240717,-0.98156063424671924,0.2358557571724566,-0.9041172563704748,0.14391865133836196,-0.76990267419430469,0.066351054980535479,-0.58731795428661759,0.020251553697059149,-0.36783149899818013,0.0019655931417642222,-0.12523340851146897,0.0019655929893530725,0.12523340851146886,0.020251553245294769,0.36783149899818024,0.066351054354294961,0.58731795428661748,0.14391865062814649,0.76990267419430469,0.23585575642780085,0.9041172563704748,0.30663190927018458,0.98156063424671924
171,0.68277681820992897,0,0,1.0383663802257599,0.3111731825145026,-0.98156063424671924,0.23934882239787819,-0.9041172563704748,0.146050111865629,-0.76990267419430469,0.067333725771279246,-0.58731795428661759,0.020551482771819594,-0.36783149899818013,0.0019947039299394705,-0.12523340851146897,0.0019947037781801046,0.12523340851146886,0.020551482321873624,0.36783149899818024,0.067333725147019324,0.58731795428661748,0.14605011115739766,0.76990267419430469,0.23934882165521984,0.9041172563704748,0.31117318176261433,0.98156063424671924
172,0.68002823696894599,0,0,1.0537790705938836,0.31579199141593961,-0.98156063424671924,0.24290152723787484,-0.9041172563704748,0.14821796435129161,-0.76990267419430469,0.068333174407123498,-0.58731795428661759,0.020856532751393909,-0.36783149899818013,0.0020243117475674598,-0.12523340851146897,0.0020243115964634624,0.12523340851146886,0.020856532303287278,0.36783149899818024,0.068333173784876453,0.58731795428661748,0.14821796364508066,0.76990267419430469,0.24290152649725208,0.9041172563704748,0.31579199066608898,0.98156063424671924
173,0.67724624830286728,0,0,1.0694422238643162,0.32048585796493062,-0.98156063424671924,0.24651196507212481,-0.9041172563704748,0.1504210453799272,-0.76990267419430469,0.069348864516722036,-0.58731795428661759,0.021166539925450534,-0.36783149899818013,0.0020544007051029323,-0.12523340851146897,0.0020544005546574979,0.12523340851146886,0.021166539479202981,0.36783149899818024,0.06934886389651905,0.58731795428661748,0.15042104467577189,0.76990267419430469,0.24651196433357489,0.9041172563704748,0.32048585721715578,0.98156063424671924
174,0.67443254114601747,0,0,1.0853472374512509,0.32525220417547968,-0.98156063424671924,0.25017815296010798,-0.9041172563704748,0.15265814496570004,-0.76990267419430469,0.070380238258293634,-0.58731795428661759,0.021481334030488859,-0.36783149899818013,0.0020849542769571057,-0.12523340851146897,0.0020849541271730902,0.12523340851146886,0.021481333586118992,0.36783149899818024,0.070380237640164822,0.58731795428661748,0.15265814426363494,0.76990267419430469,0.25017815222366746,0.9041172563704748,0.32525220342981803,0.98156063424671924
175,0.67158882368889061,0,0,1.101485182056807,0.33008835415391913,-0.98156063424671924,0.25389803265248195,-0.9041172563704748,0.15492800716950078,-0.76990267419430469,0.071426716604142862,-0.58731795428661759,0.021800738336680191,-0.36783149899818013,0.002115955309926388,-0.12523340851146897,0.0021159551608063002,0.12523340851146886,0.021800737894205471,0.36783149899818024,0.071426715988117159,0.58731795428661748,0.15492800646955973,0.76990267419430469,0.25389803191818627,0.9041172563704748,0.33008835341040704,0.98156063424671924
176,0.6687168223411144,0,0,1.1178468070816869,0.33499153572035167,-0.98156063424671924,0.25766947183826605,-0.9041172563704748,0.15722933085997537,-0.76990267419430469,0.072487699691518429,-0.58731795428661759,0.022124569754956185,-0.36783149899818013,0.0021473860335862347,-0.12523340851146897,0.0021473858851322773,0.12523340851146886,0.022124569314392876,0.36783149899818024,0.072487699077623702,0.58731795428661748,0.15722933016219096,0.76990267419430469,0.25766947110614974,0.9041172563704748,0.33499153497902412,0.98156063424671924
177,0.66581828068335402,0,0,1.1344225470458764,0.3399588823327786,-0.98156063424671924,0.26149026562484645,-0.9041172563704748,0.15956077061662058,-0.76990267419430469,0.073562567238969007,-0.58731795428661759,0.022452638964088188,-0.36783149899818013,0.0021792280726253711,-0.12523340851146897,0.0021792279248394122,0.12523340851146886,0.022452638525451363,0.36783149899818024,0.073562566627231984,0.58731795428661748,0.15956076992102419,0.76990267419430469,0.26149026489494259,0.9041172563704748,0.33995888159366983,0.98156063424671924
178,0.66289495840879142,0,0,1.1512025290014647,0.34498743530854176,-0.98156063424671924,0.2653581382466691,-0.9041172563704748,0.16192093777242478,-0.76990267419430469,0.074650679027033526,-0.58731795428661759,0.022784750557402755,-0.36783149899818013,0.0022114624610857945,-0.12523340851146897,0.002211462313969419,0.12523340851146886,0.022784750120706302,0.36783149899818024,0.074650678417479799,0.58731795428661748,0.16192093707904676,0.76990267419430469,0.26535813751900977,0.9041172563704748,0.34498743457168496,0.98156063424671924
179,0.65994863025482209,0,0,1.1681765809150817,0.35007414633633621,-0.98156063424671924,0.26927074499743442,-0.9041172563704748,0.16430840159288893,-0.76990267419430469,0.075751375441807198,-0.58731795428661759,0.023120703208687827,-0.36783149899818013,0.0022440696584655,-0.12523340851146897,0.002244069512019969,0.12523340851146886,0.023120702773944443,0.36783149899818024,0.075751374834461288,0.58731795428661748,0.16430840090175855,0.76990267419430469,0.26927074427205067,0.9041172563704748,0.35007414560176325,0.98156063424671924
180,0.65698108492561968,0,0,1.1853342409928271,0.35521588027066575,-0.98156063424671924,0.27322567437954248,-0.9041172563704748,0.16672169058761332,-0.76990267419430469,0.076863978079624418,-0.58731795428661759,0.023460289856753042,-0.36783149899818013,0.0022770295676316507,-0.12523340851146897,0.0022770294218579612,0.12523340851146886,0.023460289423974292,0.36783149899818024,0.076863977474509432,0.58731795428661748,0.16672168989875863,0.76990267419430469,0.27322567365646394,0.9041172563704748,0.35521587953840716,0.98156063424671924
181,0.65399412400622059,0,0,1.2026647679163553,0.36040941819934746,-0.98156063424671924,0.27722045046356308,-0.9041172563704748,0.16915929395004051,-0.76990267419430469,0.077987790410826097,-0.58731795428661759,0.023803297908023692,-0.36783149899818013,0.0023103215544841814,-0.12523340851146897,0.002310321409383006,0.12523340851146886,0.023803297477219942,0.36783149899818024,0.077987789807963961,0.58731795428661748,0.16915929326348816,0.76990267419430469,0.27722044974281879,0.9041172563704748,0.36040941746943295,0.98156063424671924
182,0.65098956086878879,0,0,1.2201571519543639,0.3656514607733562,-0.98156063424671924,0.28125253544949175,-0.9041172563704748,0.17161966312032784,-0.76990267419430469,0.079122098500293322,-0.58731795428661759,0.024149509456460664,-0.36783149899818013,0.0023439244693009369,-0.12523340851146897,0.0023439243248726811,0.12523340851146886,0.024149509027641135,0.36783149899818024,0.079122097899704549,0.58731795428661748,0.17161966243610316,0.76990267419430469,0.2812525347311095,0.9041172563704748,0.36565146004581411,0.98156063424671924
183,0.64796921957172482,0,0,1.2378001269100731,0.37093863178719277,-0.98156063424671924,0.28531933242070501,-0.9041172563704748,0.17410121346580507,-0.76990267419430469,0.080266171782191392,-0.58731795428661759,0.024498701520026585,-0.36783149899818013,0.0023778166696888535,-0.12523340851146897,0.0023778165259336283,0.12523340851146886,0.024498701093199307,0.36783149899818024,0.08026617118389516,0.58731795428661748,0.17410121278393212,0.76990267419430469,0.28531933170471141,0.9041172563704748,0.37093863106205016,0.98156063424671924
184,0.64493493375228739,0,0,1.2555821828611942,0.37626748199674465,-0.98156063424671924,0.28941818828058952,-0.9041172563704748,0.17660232607289855,-0.76990267419430469,0.081419263886103696,-0.58731795428661759,0.024850646292836915,-0.36783149899818013,0.0024119760450574423,-0.12523340851146897,0.0024119759019751064,0.12523340851146886,0.024850645868008763,0.36783149899818024,0.08141926329011788,0.58731795428661748,0.17660232539340032,0.76990267419430469,0.28941818756700993,0.9041172563704748,0.37626748127402709,0.98156063424671924
185,0.64188854551339936,0,0,1.2734915796457669,0.38163449316066239,-0.98156063424671924,0.29354639686109701,-0.9041172563704748,0.17912134964396462,-0.76990267419430469,0.082580613511531925,-0.58731795428661759,0.025205111412073419,-0.36783149899818013,0.0024463800425251546,-0.12523340851146897,0.002446379900115276,0.12523340851146886,0.025205110989250049,0.36783149899818024,0.08258061291787315,0.58731795428661748,0.17912134896686255,0.76990267419430469,0.2935463961499552,0.9041172563704748,0.38163449244039466,0.98156063424671924
186,0.63883190430531422,0,0,1.2915163610436733,0.38703608229021547,-0.98156063424671924,0.2977012021916563,-0.9041172563704748,0.18165660249197269,-0.76990267419430469,0.083749445347508111,-0.58731795428661759,0.025561860238666499,-0.36783149899818013,0.0024810056941620699,-0.12523340851146897,0.002481005552423963,0.12523340851146886,0.025561859817852427,0.36783149899818024,0.08374944475619156,0.58731795428661748,0.18165660181728682,0.76990267419430469,0.29770120148297474,0.9041172563704748,0.38703608157242098,0.98156063424671924
187,0.63576686580282238,0,0,1.3096443696010527,0.39246860609180911,-0.98156063424671924,0.30187980191627872,-0.9041172563704748,0.18420637462561446,-0.76990267419430469,0.084924971033896027,-0.58731795428661759,0.025920652150702043,-0.36783149899818013,0.0025158296454676835,-0.12523340851146897,0.0025158295044003642,0.12523340851146886,0.025920651731900581,0.36783149899818024,0.084924970444935605,0.58731795428661748,0.18420637395336356,0.76990267419430469,0.30187980121007818,0.9041172563704748,0.3924686053765099,0.98156063424671924
188,0.63269529077867859,0,0,1.3278632620419437,0.39792836558547867,-0.98156063424671924,0.30607935084601962,-0.9041172563704748,0.18676892991700919,-0.76990267419430469,0.086106390160771776,-0.58731795428661759,0.026281242848450449,-0.36783149899818013,0.0025508281849766436,-0.12523340851146897,0.0025508280445788929,0.12523340851146886,0.026281242431663823,0.36783149899818024,0.086106389574179876,0.58731795428661748,0.18676892924721047,0.76990267419430469,0.30607935014231891,0.9041172563704748,0.39792836487269467,0.98156063424671924
189,0.62961904397393353,0,0,1.3461605252093829,0.40341161088205069,-0.98156063424671924,0.31029696463348555,-0.9041172563704748,0.18934250834387842,-0.76990267419430469,0.087292891302137854,-0.58731795428661759,0.026643384669875227,-0.36783149899818013,0.0025859772748817365,-0.12523340851146897,0.0025859771351520321,0.12523340851146886,0.026643384255104471,0.36783149899818024,0.087292890717925328,0.58731795428661748,0.18934250767654731,0.76990267419430469,0.31029696393230261,0.9041172563704748,0.40341161017180061,0.98156063424671924
190,0.62653999296585772,0,0,1.3645234924760481,0.40891454610101269,-0.98156063424671924,0.31452972355557135,-0.9041172563704748,0.19192532829776401,-0.76990267419430469,0.088483653080084212,-0.58731795428661759,0.027006826915434417,-0.36783149899818013,0.0026212525825586854,-0.12523340851146897,0.0026212524434952715,0.12523340851146886,0.027006826502679351,0.36783149899818024,0.088483652498260582,0.58731795428661748,0.19192532763291456,0.76990267419430469,0.31452972285692293,0.9041172563704748,0.40891454539331379,0.98156063424671924
191,0.62346000703414228,0,0,1.3829393605630889,0.41443333441071073,-0.98156063424671924,0.31877467639028778,-0.9041172563704748,0.19451558894966048,-0.76990267419430469,0.089677845255419761,-0.58731795428661759,0.027371316180961103,-0.36783149899818013,0.0026566295128752485,-0.12523340851146897,0.0026566293744760732,0.12523340851146886,0.027371315770220353,0.36783149899818024,0.089677844675993004,0.58731795428661748,0.19451558828730525,0.76990267419430469,0.31877467569418899,0.9041172563704748,0.4144333337055785,0.98156063424671924
192,0.62038095602606647,0,0,1.4013952067042492,0.41996410317201616,-0.98156063424671924,0.32302884437318169,-0.9041172563704748,0.19711147266421186,-0.76990267419430469,0.090874629840693971,-0.58731795428661759,0.027736596697377967,-0.36783149899818013,0.002692083241163469,-0.12523340851146897,0.0026920831034262581,0.12523340851146886,0.027736596288649031,0.36783149899818024,0.090874629263670598,0.58731795428661748,0.19711147200436188,0.76990267419430469,0.32302884367964524,0.9041172563704748,0.41996410246946514,0.98156063424671924
193,0.61730470922132141,0,0,1.4198780060917469,0.42550294916643205,-0.98156063424671924,0.32728922521870024,-0.9041172563704748,0.19971114745354052,-0.76990267419430469,0.092073162231489286,-0.58731795428661759,0.02810241067598843,-0.36783149899818013,0.0027275887467333418,-0.12523340851146897,0.0027275886096555131,0.12523340851146886,0.028102410269267655,0.36783149899818024,0.092073161656874222,0.58731795428661748,0.19971114679620508,0.76990267419430469,0.3272892245277374,0.9041172563704748,0.42550294846647746,0.98156063424671924
194,0.61423313419717762,0,0,1.4383746495394181,0.43104594388931561,-0.98156063424671924,0.33155279719163722,-0.9041172563704748,0.2023127694616341,-0.76990267419430469,0.093272592351802172,-0.58731795428661759,0.028468498658067904,-0.36783149899818013,0.0027631208468036949,-0.12523340851146897,0.0027631207103824026,0.12523340851146886,0.028468498253350506,0.36783149899818024,0.093272591779598762,0.58731795428661748,0.20231276880682092,0.76990267419430469,0.33155279650325759,0.9041172563704748,0.43104594319196832,0.98156063424671924
195,0.61116809569468578,0,0,1.4568719612988315,0.43658913888892747,-0.98156063424671924,0.33581652321383942,-0.9041172563704748,0.20491448547024871,-0.76990267419430469,0.094472065809343836,-0.58731795428661759,0.028834599867482682,-0.36783149899818013,0.0027986542307270402,-0.12523340851146897,0.0027986540949591202,0.12523340851146886,0.028834599464762675,0.36783149899818024,0.094472065239554037,0.58731795428661748,0.20491448481796382,0.76990267419430469,0.33581652252805083,0.9041172563704748,0.43658913819419576,0.98156063424671924
196,0.60811145448660064,0,0,1.4753567169637134,0.44212857113195503,-0.98156063424671924,0.34007735499126995,-0.9041172563704748,0.20751443541723333,-0.76990267419430469,0.095670725056567832,-0.58731795428661759,0.029200452565056653,-0.36783149899818013,0.0028341634943839676,-0.12523340851146897,0.0028341633592660139,0.12523340851146886,0.029200452164326918,0.36783149899818024,0.095670724489191963,0.58731795428661748,0.20751443476748102,0.76990267419430469,0.34007735430807839,0.9041172563704748,0.4421285704398456,0.98156063424671924
197,0.60506506624771261,0,0,1.4938156613989699,0.44766026837640333,-0.98156063424671924,0.34433223714673927,-0.9041172563704748,0.21011075491831338,-0.76990267419430469,0.096867710553291561,-0.58731795428661759,0.029565794403424772,-0.36783149899818013,0.0028696231746248935,-0.12523340851146897,0.0028696230401532154,0.12523340851146886,0.02956579400467706,0.36783149899818024,0.096867709988328388,0.58731795428661748,0.21011075427109649,0.76990267419430469,0.34433223646614897,0.9041172563704748,0.44766026768692185,0.98156063424671924
198,0.60203078042827518,0,0,1.5122355266308423,0.45318025453284261,-0.98156063424671924,0.34857811134367983,-0.9041172563704748,0.2127015777834084,-0.76990267419430469,0.098062161926798855,-0.58731795428661759,0.029930362781117471,-0.36783149899818013,0.0029050077836370765,-0.12523340851146897,0.0029050076498077226,0.12523340851146886,0.029930362384342428,0.36783149899818024,0.098062161364245573,0.58731795428661748,0.21270157713872795,0.76990267419430469,0.34857811066569339,0.9041172563704748,0.45318025384599453,0.98156063424671924
199,0.59901043913121121,0,0,1.5306030496364589,0.45868455499550437,-0.98156063424671924,0.35281192038672904,-0.9041172563704748,0.21528503851879885,-0.76990267419430469,0.09925321912541793,-0.58731795428661759,0.030293895194653767,-0.36783149899818013,0.0029402918431184087,-0.12523340851146897,0.0029402917099271499,0.12523340851146886,0.030293894799840886,0.36783149899818024,0.099253218565269988,0.58731795428661748,0.21528503787665404,0.76990267419430469,0.35281191971134729,0.9041172563704748,0.45868455431129079,0.98156063424671924
200,0.59600587599377941,0,0,1.5489049899719098,0.46416920192498545,-0.98156063424671924,0.35703061228509164,-0.9041172563704748,0.21785927480658046,-0.76990267419430469,0.10044002356162823,-0.58731795428661759,0.030656129587438383,-0.36783149899818013,0.0029754499181409797,-0.12523340851146897,0.0029754497855833282,0.12523340851146886,0.030656129194576057,0.36783149899818024,0.10044002300387964,0.58731795428661748,0.21785927416696876,0.76990267419430469,0.35703061161231398,0.9041172563704748,0.46416920124340588,0.98156063424671924
201,0.59301891507438032,0,0,1.5671281471802185,0.46963023946499588,-0.98156063424671924,0.36123114426516806,-0.9041172563704748,0.22042242995316055,-0.76990267419430469,0.10162171924089504,-0.58731795428661759,0.031016804694302541,-0.36783149899818013,0.003010456650591868,-0.12523340851146897,0.0030104565186630365,0.12523340851146886,0.031016804303378106,0.36783149899818024,0.1016217186855381,0.58731795428661748,0.22042242931607767,0.76990267419430469,0.36123114359499181,0.9041172563704748,0.4696302387860482,0.98156063424671924
202,0.59005136974517791,0,0,1.5852593779222377,0.47506372887607162,-0.98156063424671924,0.36541048671931348,-0.9041172563704748,0.22297265529878268,-0.76990267419430469,0.10279745387253639,-0.58731795428661759,0.031375660380561082,-0.36783149899818013,0.0030452867920815994,-0.12523340851146897,0.0030452866607765415,0.12523340851146886,0.031375659991560709,0.36783149899818024,0.10279745331956185,0.58731795428661748,0.2229726546642222,0.76990267419430469,0.36541048605173387,0.9041172563704748,0.47506372819975173,0.98156063424671924
203,0.58710504159120858,0,0,1.6032856127761503,0.48046575356997789,-0.98156063424671924,0.36956562707821039,-0.9041172563704748,0.22550811258043868,-0.76990267419430469,0.1039663799591007,-0.58731795428661759,0.031732437974510252,-0.36783149899818013,0.0030799152362160835,-0.12523340851146897,0.0030799151055294354,0.12523340851146886,0.031732437587418998,0.36783149899818024,0.10396637940849769,0.58731795428661748,0.22550811194839268,0.76990267419430469,0.36956562641322088,0.9041172563704748,0.48046575289627924,0.98156063424671924
204,0.58418171931664598,0,0,1.6211938726535309,0.48583242402920301,-0.98156063424671924,0.37369357359485483,-0.9041172563704748,0.22802697624084897,-0.76990267419430469,0.10512765586087987,-0.58731795428661759,0.03208688059233656,-0.36783149899818013,0.0031143170501318541,-0.12523340851146897,0.003114316920057997,0.12523340851146886,0.032086880207138367,0.36783149899818024,0.10512765531263586,0.58731795428661748,0.22802697561130844,0.76990267419430469,0.37369357293244682,0.9041172563704748,0.48583242335811744,0.98156063424671924
205,0.5812831776588856,0,0,1.6389712847830906,0.49115988259689747,-0.98156063424671924,0.37779135902889283,-0.9041172563704748,0.23052743567663803,-0.76990267419430469,0.10628044683238805,-0.58731795428661759,0.032438733454469071,-0.36783149899818013,0.0031484675052009404,-0.12523340851146897,0.0031484673757339473,0.12523340851146886,0.032438733071146884,0.36783149899818024,0.10628044628648908,0.58731795428661748,0.23052743504959125,0.76990267419430469,0.37779135836905547,0.9041172563704748,0.4911598819284152,0.98156063424671924
206,0.57841117631110939,0,0,1.6566050982158758,0.49644430812340645,-0.98156063424671924,0.38185604422064884,-0.9041172563704748,0.23300769741919611,-0.76990267419430469,0.10742392602780958,-0.58731795428661759,0.032787744192460437,-0.36783149899818013,0.0031823421068163452,-0.12523340851146897,0.0031823419779500395,0.12523340851146886,0.032787743810996119,0.36783149899818024,0.10742392548423998,0.58731795428661748,0.23300769679462952,0.76990267419430469,0.38185604356336916,0.9041172563704748,0.49644430745751594,0.98156063424671924
207,0.57556745885398253,0,0,1.6740826988094477,0.50168192045666593,-0.98156063424671924,0.38588472154505615,-0.9041172563704748,0.23546598724226112,-0.76990267419430469,0.10855727547266029,-0.58731795428661759,0.033133663145555735,-0.36783149899818013,0.0032159166231767603,-0.12523340851146897,0.0032159164949046525,0.12523340851146886,0.033133662765930043,0.36783149899818024,0.10855727493140277,0.58731795428661748,0.23546598662015905,0.76990267419430469,0.38588472089031994,0.9041172563704748,0.5016819197933523,0.98156063424671924
208,0.57275375169713272,0,0,1.6913916236513731,0.50686898476456921,-0.98156063424671924,0.38987451823634661,-0.9041172563704748,0.23790055219063641,-0.76990267419430469,0.10967968699909046,-0.58731795428661759,0.033476243646163958,-0.36783149899818013,0.0032491671129940827,-0.12523340851146897,0.003249166985309387,0.12523340851146886,0.033476243268356617,0.36783149899818024,0.10967968646012596,0.58731795428661748,0.23790055157098156,0.76990267419430469,0.38987451758413805,0.9041172563704748,0.50686898410381542,0.98156063424671924
209,0.56997176303105412,0,0,1.7085195748866564,0.51200181567871406,-0.98156063424671924,0.39382259957534582,-0.9041172563704748,0.24030966252507036,-0.76990267419430469,0.11079036314253635,-0.58731795428661759,0.033815242293532541,-0.36783149899818013,0.0032820699520559713,-0.12523340851146897,0.0032820698249516017,0.12523340851146886,0.033815241917522249,0.36783149899818024,0.11079036260584392,0.58731795428661748,0.24030966190784409,0.76990267419430469,0.39382259892564664,0.9041172563704748,0.51200181502050268,0.98156063424671924
210,0.56722318179007103,0,0,1.7254544329167714,0.51707678124983258,-0.98156063424671924,0.39772617193191662,-0.9041172563704748,0.24269161357874988,-0.76990267419430469,0.11188851799762203,-0.58731795428661759,0.034150419214984101,-0.36783149899818013,0.0033146018585812078,-0.12523340851146897,0.0033146017320497857,0.12523340851146886,0.03415041884074857,0.36783149899818024,0.11188851746317943,0.58731795428661748,0.24269161296393138,0.76990267419430469,0.39772617128470666,0.9041172563704748,0.51707678059414408,0.98156063424671924
211,0.56450967662699392,0,0,1.7421842689423055,0.5220903067065169,-0.98156063424671924,0.40158248565610516,-0.9041172563704748,0.2450447275214703,-0.76990267419430469,0.11297337803149783,-0.58731795428661759,0.034481538314162362,-0.36783149899818013,0.0033467399173141709,-0.12523340851146897,0.0033467397913480132,0.12523340851146886,0.034481537941678186,0.36783149899818024,0.11297337749928131,0.58731795428661748,0.24504472690903686,0.76990267419430469,0.40158248501136146,0.9041172563704748,0.52209030605332951,0.98156063424671924
212,0.56183289490008559,0,0,1.7586973568248585,0.52703887800994154,-0.98156063424671924,0.4053888378123684,-0.9041172563704748,0.2473673550280551,-0.76990267419430469,0.11404418285303473,-0.58731795428661759,0.034808367505804176,-0.36783149899818013,0.0033784616023115315,-0.12523340851146897,0.0033784614769027188,0.12523340851146886,0.034808367135046994,0.36783149899818024,0.11404418232301891,0.58731795428661748,0.24736735441798241,0.76990267419430469,0.40538883717006646,0.9041172563704748,0.52703887735923138,0.98156063424671924
213,0.55919446167295783,0,0,1.7749821842479052,0.5319190451985023,-0.98156063424671924,0.40914257475221144,-0.9041172563704748,0.24965787684817359,-0.76990267419430469,0.1151001859365597,-0.58731795428661759,0.035130678936636829,-0.36783149899818013,0.003409744798382379,-0.12523340851146897,0.0034097446735226623,0.12523340851146886,0.035130678567581307,0.36783149899818024,0.11510018540871769,0.58731795428661748,0.24965787624043537,0.76990267419430469,0.40914257411232524,0.9041172563704748,0.5319190445502433,0.98156063424671924
214,0.55659597872800148,0,0,1.791027463160235,0.53672742551746266,-0.98156063424671924,0.4128410945214544,-0.9041172563704748,0.25191470527524956,-0.76990267419430469,0.1161406552990694,-0.58731795428661759,0.035448249192076092,-0.36783149899818013,0.0034405678211500133,-0.12523340851146897,0.0034405676968309118,0.12523340851146886,0.035448248824695903,0.36783149899818024,0.11614065477337282,0.58731795428661748,0.25191470466981775,0.76990267419430469,0.41284109388395634,0.9041172563704748,0.53672742487162661,0.98156063424671924
215,0.55403902359395085,0,0,1.8068221394899024,0.54146070632998766,-0.98156063424671924,0.4164818490993481,-0.9041172563704748,0.25413628551276463,-0.76990267419430469,0.11716487413013912,-0.58731795428661759,0.035760859488485834,-0.36783149899818013,0.0034709094357125545,-0.12523340851146897,0.003470909311925265,0.12523340851146886,0.035760859122753702,0.36783149899818024,0.11716487360655813,0.58731795428661748,0.25413628490960927,0.76990267419430469,0.41648184846420833,0.9041172563704748,0.54146070568654425,0.98156063424671924
216,0.55152514858817259,0,0,1.8223554021200929,0.54611564780699284,-0.98156063424671924,0.42006234646755763,-0.9041172563704748,0.25632109693674721,-0.76990267419430469,0.11817214137397022,-0.58731795428661759,0.036068295850829601,-0.36783149899818013,0.0035007488738855322,-0.12523340851146897,0.0035007487506209913,0.12523340851146886,0.036068295486717333,0.36783149899818024,0.11817214085247349,0.58731795428661748,0.25632109633583666,0.76990267419430469,0.42006234583474411,0.9041172563704748,0.5461156471659101,0.98156063424671924
217,0.54905587987426063,0,0,1.8376166911229597,0.55068908539462613,-0.98156063424671924,0.42358015250810355,-0.9041172563704748,0.2584676542538924,-0.76990267419430469,0.11916177226332027,-0.58731795428661759,0.036370349275635837,-0.36783149899818013,0.0035300658500191811,-0.12523340851146897,0.0035300657272680051,0.12523340851146886,0.036370348913114275,0.36783149899818024,0.11916177174387486,0.58731795428661748,0.25846765365519364,0.76990267419430469,0.42358015187758297,0.9041172563704748,0.55068908475587008,0.98156063424671924
218,0.54663271653550827,0,0,1.852595705250645,0.55517793205914401,-0.98156063424671924,0.4270328927300826,-0.9041172563704748,0.2605745085552027,-0.76990267419430469,0.12013309880526434,-0.58731795428661759,0.036666815879261128,-0.36783149899818013,0.0035588405753886367,-0.12523340851146897,0.0035588404531411905,0.12523340851146886,0.0366668155183002,0.36783149899818024,0.12013309828783593,0.58731795428661748,0.26057450795868053,0.76990267419430469,0.42703289210181955,0.9041172563704748,0.55517793142267891,0.98156063424671924
219,0.54425712966482132,0,0,1.8672824086874282,0.55957918031036658,-0.98156063424671924,0.43041825382607102,-0.9041172563704748,0.26264024826570209,-0.76990267419430469,0.12108547021904346,-0.58731795428661759,0.036957497031529521,-0.36783149899818013,0.0035870537711648952,-0.12523340851146897,0.0035870536494112442,0.12523340851146886,0.036957496672098314,0.36783149899818024,0.12108546970359617,0.58731795428661748,0.26264024767131944,0.76990267419430469,0.43041825320002858,0.9041172563704748,0.55957917967615523,0.98156063424671924
220,0.54193056147162433,0,0,1.8816670370695789,0.56388990400568173,-0.98156063424671924,0.4337339850597331,-0.9041172563704748,0.26466349999115124,-0.76990267419430469,0.12201825332642742,-0.58731795428661759,0.037242199474878328,-0.36783149899818013,0.0036146866799789349,-0.12523340851146897,0.0036146865587088689,0.12523340851146886,0.037242199116945006,0.36783149899818024,0.12201825281292404,0.58731795428661748,0.26466349939886991,0.76990267419430469,0.4337339844358723,0.9041172563704748,0.56388990337368539,0.98156063424671924
221,0.53965442440630085,0,0,1.8957401027843304,0.56810725993801781,-0.98156063424671924,0.43697789948726168,-0.9041172563704748,0.26664292926336791,-0.76990267419430469,0.12293083289533067,-0.58731795428661759,0.037520735429236111,-0.36783149899818013,0.0036417210761010691,-0.12523340851146897,0.003641720955304103,0.12523340851146886,0.037520735072767951,0.36783149899818024,0.12293083238373248,0.58731795428661748,0.26664292867314759,0.76990267419430469,0.43697789886554161,0.9041172563704748,0.56810725930819572,0.98156063424671924
222,0.53743010030270255,0,0,1.909492399561711,0.57222848921190528,-0.98156063424671924,0.44014787501581865,-0.9041172563704748,0.26857724118608495,-0.76990267419430469,0.12382261193757378,-0.58731795428661759,0.03779292268290483,-0.36783149899818013,0.0036681392742618476,-0.12523340851146897,0.0036681391539272554,0.12523340851146886,0.037792922327868225,0.36783149899818024,0.12382261142784054,0.58731795428661748,0.26857724059788396,0.76990267419430469,0.44014787439619651,0.9041172563704748,0.5722284885842146,0.98156063424671924
223,0.53525893953924308,0,0,1.9229150063772973,0.57625091841303555,-0.98156063424671924,0.44324185530313942,-0.9041172563704748,0.27046518098388722,-0.76990267419430469,0.12469301196196007,-0.58731795428661759,0.038058584669803559,-0.36783149899818013,0.0036939241371493178,-0.12523340851146897,0.0036939240172660648,0.12523340851146886,0.038058584316164018,0.36783149899818024,0.12469301145405046,0.58731795428661748,0.27046518039766232,0.76990267419430469,0.44324185468557148,0.9041172563704748,0.57625091778743065,0.98156063424671924
224,0.53314226021909095,0,0,1.9359992906860894,0.58017196057737608,-0.98156063424671924,0.44625785050295963,-0.9041172563704748,0.27230553445706901,-0.76990267419430469,0.12554147318397868,-0.58731795428661759,0.038317550533473785,-0.36783149899818013,0.0037190590816212473,-0.12523340851146897,0.0037190589621780407,0.12523340851146886,0.038317550181196085,0.36783149899818024,0.12554147267785118,0.58731795428661748,0.2723055338727749,0.76990267419430469,0.44625784988740047,0.9041172563704748,0.5801719599538101,0.98156063424671924
225,0.53108134736995571,0,0,1.9487369110119381,0.58398911596715763,-0.98156063424671924,0.44919393786188877,-0.9041172563704748,0.27409712834584493,-0.76990267419430469,0.12636745469372065,-0.58731795428661759,0.038569655178329665,-0.36783149899818013,0.0037435280836794174,-0.12523340851146897,0.0037435279646647348,0.12523340851146886,0.038569654827377758,0.36783149899818024,0.12636745418933124,0.58731795428661748,0.27409712776343526,0.76990267419430469,0.44919393724829126,0.9041172563704748,0.58398911534558062,0.98156063424671924
226,0.52907745216395452,0,0,1.9611198189181838,0.58769997266142771,-0.98156063424671924,0.45204826217365612,-0.9041172563704748,0.27583883060752967,-0.76990267419430469,0.12717043458366425,-0.58731795428661759,0.038814739308661313,-0.36783149899818013,0.0037673156822552838,-0.12523340851146897,0.0037673155636573329,0.12523340851146886,0.03881473895899834,0.36783149899818024,0.12717043408096715,0.58731795428661748,0.27583883002695653,0.76990267419430469,0.45204826156197087,0.9041172563704748,0.58769997204178315,0.98156063424671924
227,0.52713179115803355,0,0,1.9731402603891772,0.59130220697005742,-0.98156063424671924,0.45481903609755414,-0.9041172563704748,0.2775295506108521,-0.76990267419430469,0.12794991003826064,-0.58731795428661759,0.039052649455977834,-0.36783149899818013,0.0037904069818638433,-0.12523340851146897,0.0037904068636705696,0.12523340851146886,0.039052649107566152,0.36783149899818024,0.12794990953720875,0.58731795428661748,0.27752955003206592,0.76990267419430469,0.45481903548773117,0.9041172563704748,0.59130220635229269,0.98156063424671924
228,0.52524554555540437,0,0,1.984790776653601,0.59479358368047275,-0.98156063424671924,0.45750454034822124,-0.9041172563704748,0.27916823925175993,-0.76990267419430469,0.12870539738732373,-0.58731795428661759,0.039283237995302797,-0.36783149899818013,0.0038127876541852374,-0.12523340851146897,0.0038127875363843356,0.12523340851146886,0.039283237648104097,0.36783149899818024,0.12870539688786903,0.58731795428661748,0.27916823867471013,0.76990267419430469,0.45750453974020927,0.9041172563704748,0.59479358306453611,0.98156063424671924
229,0.52341986048844391,0,0,1.9960642044832693,0.59817195614719731,-0.98156063424671924,0.46010312376451734,-0.9041172563704748,0.28075388899544645,-0.76990267419430469,0.12943643212540595,-0.58731795428661759,0.039506363151087992,-0.36783149899818013,0.0038344439386387525,-0.12523340851146897,0.0038344438212176927,0.12523340851146886,0.039506362805063658,0.36783149899818024,0.12943643162749915,0.58731795428661748,0.2807538884200807,0.76990267419430469,0.46010312315826207,0.9041172563704748,0.59817195553303482,0.98156063424671924
230,0.52165584432349532,0,0,2.0069536760025941,0.60143526623475307,-0.98156063424671924,0.46261320326560312,-0.9041172563704748,0.28228553384955146,-0.76990267419430469,0.13014256889944245,-0.58731795428661759,0.03972188899344245,-0.36783149899818013,0.0038553626420168032,-0.12523340851146897,0.0038553625249628321,0.12523340851146886,0.03972188864855291,0.36783149899818024,0.13014256840303334,0.58731795428661748,0.28228553327581568,0.76990267419430469,0.46261320266104861,0.9041172563704748,0.6014352656223092,0.98156063424671924
231,0.51995456798798978,0,0,2.0174526180454886,0.60458154412494181,-0.98156063424671924,0.46503326370270287,-0.9041172563704748,0.28376224927370708,-0.76990267419430469,0.13082338146704972,-0.58731795428661759,0.039929685425404142,-0.36783149899818013,0.0038755311372495626,-0.12523340851146897,0.0038755310205496724,0.12523340851146886,0.039929685081609032,0.36783149899818024,0.13082338097208696,0.58731795428661748,0.28376224870154598,0.76990267419430469,0.46503326309979215,0.9041172563704748,0.60458154351415938,0.98156063424671924
232,0.51831706432030067,0,0,2.027554751098279,0.60760890800005829,-0.98156063424671924,0.46736185761544069,-0.9041172563704748,0.28518315203085415,-0.76990267419430469,0.1314784626279778,-0.58731795428661759,0.040129628162017976,-0.36783149899818013,0.0038949373613742381,-0.12523340851146897,0.0038949372450152622,0.12523340851146886,0.040129627819276231,0.36783149899818024,0.1314784621344087,0.58731795428661748,0.28518315146021134,0.76990267419430469,0.46736185701411531,0.9041172563704748,0.60760890739087869,0.98156063424671924
233,0.51674432744272381,0,0,2.0372540878675678,0.61051556361371695,-0.98156063424671924,0.46959760490172603,-0.9041172563704748,0.28654739998580719,-0.76990267419430469,0.1321074241312416,-0.58731795428661759,0.040321598701990716,-0.36783149899818013,0.0039135698127840497,-0.12523340851146897,0.0039135696967525216,0.12523340851146886,0.040321598360260613,0.36783149899818024,0.13210742363901259,0.58731795428661748,0.28654739941662527,0.76990267419430469,0.46959760430192637,0.9041172563704748,0.61051556300607923,0.98156063424671924
234,0.51523731215796698,0,0,2.0465449315134712,0.61329980376139626,-0.98156063424671924,0.47173919241050516,-0.9041172563704748,0.28785419185675221,-0.76990267419430469,0.13270989656055396,-0.58731795428661759,0.040505484292722993,-0.36783149899818013,0.0039314175478341144,-0.12523340851146897,0.0039314174321164342,0.12523340851146886,0.040505483951962247,0.36783149899818024,0.13270989606961048,0.58731795428661748,0.28785419128897305,0.76990267419430469,0.47173919181217017,0.9041172563704748,0.61329980315523536,0.98156063424671924
235,0.51379693336951671,0,0,2.0554218735891778,0.61596000766296699,-0.98156063424671924,0.47378537346681909,-0.9041172563704748,0.28910276692543946,-0.76990267419430469,0.13328552920071476,-0.58731795428661759,0.040681177889528873,-0.36783149899818013,0.0039484701768834844,-0.12523340851146897,0.0039484700614657933,0.12523340851146886,0.04068117754969458,0.36783149899818024,0.13328552871100116,0.58731795428661748,0.28910276635900334,0.76990267419430469,0.47378537286988609,0.9041172563704748,0.61596000705821974,0.98156063424671924
236,0.51242406552623643,0,0,2.0638797917272682,0.61849464026934697,-0.98156063424671924,0.47573496733848769,-0.9041172563704748,0.29029240471175422,-0.76990267419430469,0.1338339898875783,-0.58731795428661759,0.040848578109843131,-0.36783149899818013,0.0039647178598504421,-0.12523340851146897,0.0039647177447187419,0.12523340851146886,0.040848577770891827,0.36783149899818024,0.13383398939903801,0.58731795428661748,0.29029240414660001,0.76990267419430469,0.47573496674289317,0.9041172563704748,0.61849463966595053,0.98156063424671924
237,0.51111954209153831,0,0,2.0719138471150522,0.62090225150591871,-0.98156063424671924,0.47758685865416217,-0.9041172563704748,0.29142242461861345,-0.76990267419430469,0.13435496484433931,-0.58731795428661759,0.041007589183252723,-0.36783149899818013,0.0039801513013627138,-0.12523340851146897,0.0039801511865027806,0.12523340851146886,0.041007588845140414,0.36783149899818024,0.13435496435691499,0.58731795428661748,0.29142242405467889,0.76990267419430469,0.47758685805984163,0.9041172563704748,0.62090225090380768,0.98156063424671924
238,0.50988415503745799,0,0,2.0795194817985605,0.62318147546460123,-0.98156063424671924,0.47933999678188255,-0.9041172563704748,0.29249218555276285,-0.76990267419430469,0.13484815850670853,-0.58731795428661759,0.041158120898137196,-0.36783149899818013,0.0039947617455783494,-0.12523340851146897,0.0039947616309758223,0.12523340851146886,0.041158120560819376,0.36783149899818024,0.13484815802034197,0.58731795428661748,0.29249218498998458,0.76990267419430469,0.47933999618876993,0.9041172563704748,0.62318147486370901,0.98156063424671924
239,0.50871865436394959,0,0,2.0866924158573417,0.62533102955720399,-0.98156063424671924,0.48099339517785183,-0.9041172563704748,0.29350108552740045,-0.76990267419430469,0.13531329333970962,-0.58731795428661759,0.041300088545751804,-0.36783149899818013,0.0040085409707585505,-0.12523340851146897,0.0040085408563989072,0.12523340851146886,0.041300088209183433,0.36783149899818024,0.13531329285434179,0.58731795428661748,0.2935010849657142,0.76990267419430469,0.48099339458587959,0.9041172563704748,0.62533102895746329,0.98156063424671924
240,0.5076237476437111,0,0,2.09342864448814,0.62734971364147674,-0.98156063424671924,0.48254613071420843,-0.9041172563704748,0.29444856125198599,-0.76990267419430469,0.13575010964856801,-0.58731795428661759,0.041433412862507533,-0.36783149899818013,0.0040214812836653754,-0.12523340851146897,0.0040214811695339836,0.12523340851146886,0.04143341252664285,0.36783149899818024,0.13575010916413904,0.58731795428661748,0.29444856069132685,0.76990267419430469,0.48254613012330833,0.9041172563704748,0.62734971304281906,0.98156063424671924
241,0.50660009959284846,0,0,2.0997244350382172,0.62923640913206846,-0.98156063424671924,0.48399734299519342,-0.9041172563704748,0.29533408771496672,-0.76990267419430469,0.13615836538633444,-0.58731795428661759,0.041558019971253371,-0.36783149899818013,0.0040335755138628067,-0.12523340851146897,0.0040335753999448457,0.12523340851146886,0.04155801963604653,0.36783149899818024,0.13615836490278377,0.58731795428661748,0.29533408715526915,0.76990267419430469,0.48399734240529679,0.9041172563704748,0.62923640853442464,0.98156063424671924
242,0.50564833166769207,0,0,2.105576324024335,0.63099007810718832,-0.98156063424671924,0.4853462336700099,-0.9041172563704748,0.29615717776448541,-0.76990267419430469,0.13653783596057775,-0.58731795428661759,0.041673841322276382,-0.36783149899818013,0.0040448170079901346,-0.12523340851146897,0.0040448168942706616,0.12523340851146886,0.041673840987681211,0.36783149899818024,0.13653783547784412,0.58731795428661748,0.29615717720568258,0.76990267419430469,0.48534623308104746,0.9041172563704748,0.63099007751048897,0.98156063424671924
243,0.50476902168810978,0,0,2.1109811141747983,0.6326097624221787,-0.98156063424671924,0.48659206575099767,-0.9041172563704748,0.2969173816923325,-0.76990267419430469,0.13688831404157434,-0.58731795428661759,0.04178081363475742,-0.36783149899818013,0.0040551996240797659,-0.12523340851146897,0.0040551995105436818,0.12523340851146886,0.04178081330072736,0.36783149899818024,0.13688831355959599,0.58731795428661748,0.29691738113435767,0.76990267419430469,0.48659206516289921,0.9041172563704748,0.63260976182635253,0.98156063424671924
244,0.5039627034877352,0,0,2.1159358715272587,0.63409458283979669,-0.98156063424671924,0.48773416294466249,-0.9041172563704748,0.29761428682574287,-0.76990267419430469,0.13720960937411272,-0.58731795428661759,0.041878878839330308,-0.36783149899818013,0.004064717725982059,-0.12523340851146897,0.0040647176126141528,0.12523340851146886,0.041878878505818527,0.36783149899818024,0.13720960889282727,0.58731795428661748,0.29761428626852776,0.76990267419430469,0.48773416235735717,0.9041172563704748,0.63409458224477155,0.98156063424671924
245,0.50322986659170499,0,0,2.1204379226150079,0.63544373818701416,-0.98156063424671924,0.48877190900310291,-0.9041172563704748,0.29824751713163572,-0.76990267419430469,0.13750154859503638,-0.58731795428661759,0.041967984022392692,-0.36783149899818013,0.0040733661779602083,-0.12523340851146897,0.0040733660647451564,0.12523340851146886,0.041967983689351993,0.36783149899818024,0.13750154811438084,0.58731795428661748,0.29824751657511173,0.76990267419430469,0.48877190841651896,0.9041172563704748,0.63544373759271855,0.98156063424671924
246,0.50257095592291789,0,0,2.1244848517661383,0.63665650454564227,-0.98156063424671924,0.48970474710145229,-0.9041172563704748,0.29881673283673216,-0.76990267419430469,0.13776397505810539,-0.58731795428661759,0.042048081372650509,-0.36783149899818013,0.0040811403395019158,-0.12523340851146897,0.0040811402264243008,0.12523340851146886,0.04204808104003338,0.36783149899818024,0.13776397457801645,0.58731795428661748,0.29881673228083006,0.76990267419430469,0.48970474651551721,0.9041172563704748,0.63665650395200368,0.98156063424671924
247,0.50198637153887282,0,0,2.1280744985360696,0.63773223448292293,-0.98156063424671924,0.49053217924606224,-0.9041172563704748,0.29932163006643026,-0.76990267419430469,0.13799674866750669,-0.58731795428661759,0.042119128130302344,-0.36783149899818013,0.0040880360603872592,-0.12523340851146897,0.0040880359474316048,0.12523340851146886,0.042119127798061047,0.36783149899818024,0.13799674818792065,0.58731795428661748,0.29932162951108032,0.76990267419430469,0.49053217866070314,0.9041172563704748,0.63773223388986744,0.98156063424671924
248,0.50147646840398774,0,0,2.1312049552688705,0.63867035632071467,-0.98156063424671924,0.49125376571237461,-0.9041172563704748,0.29976194050179644,-0.76990267419430469,0.13819974571971583,-0.58731795428661759,0.042181086538772748,-0.36783149899818013,0.0040940496760040199,-0.12523340851146897,0.0040940495631547405,0.12523340851146886,0.042181086206859258,0.36783149899818024,0.13819974524056877,0.58731795428661748,0.29976193994692807,0.76990267419430469,0.49125376512751867,0.9041172563704748,0.6386703557281681,0.98156063424671924
249,0.50104155621090163,0,0,2.1338745647327135,0.6394703734268965,-0.98156063424671924,0.4918691244998839,-0.9041172563704748,0.30013743104698332,-0.76990267419430469,0.13837285875016636,-0.58731795428661759,0.042233923797912888,-0.36783149899818013,0.004099178002805349,-0.12523340851146897,0.0040991778900468078,0.12523340851146886,0.042233923466278939,0.36783149899818024,0.13837285827139395,0.58731795428661748,0.30013743049252528,0.76990267419430469,0.49186912391545756,0.9041172563704748,0.63947037283478458,0.98156063424671924
250,0.50068189929457285,0,0,2.1360819175820418,0.64013186345484063,-0.98156063424671924,0.49237793074715164,-0.9041172563704748,0.30044790347227185,-0.76990267419430469,0.13851599636868178,-0.58731795428661759,0.04227761201377133,-0.36783149899818013,0.00410341833343461,-0.12523340851146897,0.0041034182207510981,0.12523340851146886,0.042277611682368509,0.36783149899818024,0.13851599589021915,0.58731795428661748,0.30044790291815349,0.76990267419430469,0.49237793016308035,0.9041172563704748,0.64013186286308843,0.98156063424671924
251,0.50039771681403611,0,0,2.137825848594967,0.64065447721585456,-0.98156063424671924,0.49277991586450653,-0.9041172563704748,0.30069319388485038,-0.76990267419430469,0.13862908301548654,-0.58731795428661759,0.042312128124124194,-0.36783149899818013,0.0041067684294973815,-0.12523340851146897,0.0041067683168731538,0.12523340851146886,0.042312127792903984,0.36783149899818024,0.13862908253726863,0.58731795428661748,0.3006931933310007,0.76990267419430469,0.49277991528071491,0.9041172563704748,0.64065447662438701,0.98156063424671924
252,0.50018918414531299,0,0,2.1391054259143054,0.64103793545497711,-0.98156063424671924,0.49307486505404802,-0.9041172563704748,0.30087317121552482,-0.76990267419430469,0.13871205826353186,-0.58731795428661759,0.042337453685532343,-0.36783149899818013,0.0041092265008934731,-0.12523340851146897,0.0041092263883127592,0.12523340851146886,0.042337453354446143,0.36783149899818024,0.13871205778549353,0.58731795428661748,0.30087317066187214,0.76990267419430469,0.49307486447046156,0.9041172563704748,0.6410379348637183,0.98156063424671924
253,0.50005644402705063,0,0,2.1399198809012772,0.64128200782983791,-0.98156063424671924,0.49326260114056242,-0.9041172563704748,0.30098772735237889,-0.76990267419430469,0.13876487226980125,-0.58731795428661759,0.042353573484996611,-0.36783149899818013,0.0041107910710657175,-0.12523340851146897,0.0041107909585126985,0.12523340851146886,0.042353573153995717,0.36783149899818024,0.13876487179187727,0.58731795428661748,0.30098772679885166,0.76990267419430469,0.49326260055710658,0.9041172563704748,0.64128200723871176,0.98156063424671924
254,0.5,0,0,2.1402661929157465,0.6413857891279654,-0.98156063424671924,0.49334242785087701,-0.9041172563704748,0.30103643743109193,-0.76990267419430469,0.13878732915839043,-0.58731795428661759,0.042360427737612921,-0.36783149899818013,0.0041114563373564296,-0.12523340851146897,0.0041114562248151841,0.12523340851146886,0.042360427406648297,0.36783149899818024,0.1387873286805151,0.58731795428661748,0.30103643687761822,0.76990267419430469,0.49334242726747679,0.9041172563704748,0.64138578853689576,0.98156063424671924
255,0.49994355597294937,0,0,2.1406124976266998,0.64148956823740666,-0.98156063424671924,0.49342225287769342,-0.9041172563704748,0.30108514648253831,-0.76990267419430469,0.13880978557337703,-0.58731795428661759,0.042367281845677097,-0.36783149899818013,0.0041121215896170737,-0.12523340851146897,0.004112121477087601,0.12523340851146886,0.042367281514748757,0.36783149899818024,0.13880978509555039,0.58731795428661748,0.301085145929118,0.76990267419430469,0.49342225229434877,0.9041172563704748,0.6414895676463932,0.98156063424671924
256,0.49981081585468701,0,0,2.141426877868374,0.64173361821291808,-0.98156063424671924,0.49360997173502991,-0.9041172563704748,0.30119969210618702,-0.76990267419430469,0.13886259473272569,-0.58731795428661759,0.042383400165772717,-0.36783149899818013,0.0041136860162034458,-0.12523340851146897,0.0041136859037016688,0.12523340851146886,0.042383399834929746,0.36783149899818024,0.13886259425501349,0.58731795428661748,0.30119969155289228,0.76990267419430469,0.49360997115181576,0.9041172563704748,0.64173361762203673,0.98156063424671924
257,0.49960228318596395,0,0,2.1427061746179454,0.64211699237209818,-0.98156063424671924,0.49390485625178837,-0.9041172563704748,0.30137962997367523,-0.76990267419430469,0.13894555178699255,-0.58731795428661759,0.042408720174107552,-0.36783149899818013,0.0041161435486244289,-0.12523340851146897,0.0041161434361661683,0.12523340851146886,0.042408719843398703,0.36783149899818024,0.13894555130946004,0.58731795428661748,0.30137962942057783,0.76990267419430469,0.49390485566877945,0.9041172563704748,0.64211699178142501,0.98156063424671924
258,0.49931810070542715,0,0,2.1444494022859097,0.64263939535771397,-0.98156063424671924,0.49430667924449062,-0.9041172563704748,0.30162482145815678,-0.76990267419430469,0.13905859282481225,-0.58731795428661759,0.0424432223637655,-0.36783149899818013,0.0041194922935600623,-0.12523340851146897,0.0041194921811610807,0.12523340851146886,0.042443222033239435,0.36783149899818024,0.13905859234752449,0.58731795428661748,0.30162482090532838,0.76990267419430469,0.49430667866176137,0.9041172563704748,0.6426393947673249,0.98156063424671924
259,0.49895844378909843,0,0,2.1466553341506343,0.64330045955109116,-0.98156063424671924,0.49481515794745562,-0.9041172563704748,0.30193509401665058,-0.76990267419430469,0.13920163829840729,-0.58731795428661759,0.04248688245531184,-0.36783149899818013,0.0041237298944749408,-0.12523340851146897,0.0041237297821509764,0.12523340851146886,0.042486882125017132,0.36783149899818024,0.13920163782142936,0.58731795428661748,0.30193509346416286,0.76990267419430469,0.49481515736508136,0.9041172563704748,0.64330045896106147,0.98156063424671924
260,0.49852353159601226,0,0,2.14932243311085,0.64409972432031848,-0.98156063424671924,0.49542993805089164,-0.9041172563704748,0.3023102314501202,-0.76990267419430469,0.13937458853317647,-0.58731795428661759,0.042539670026237604,-0.36783149899818013,0.0041288533985935801,-0.12523340851146897,0.0041288532863603261,0.12523340851146886,0.04253966969622263,0.36783149899818024,0.13937458805657327,0.58731795428661748,0.30231023089804449,0.76990267419430469,0.49542993746894681,0.9041172563704748,0.64409972373072355,0.98156063424671924
261,0.49801362846112712,0,0,2.1524488420650432,0.64503663313718507,-0.98156063424671924,0.49615059148329527,-0.9041172563704748,0.30274997255029923,-0.76990267419430469,0.1395773231038383,-0.58731795428661759,0.04260154832054721,-0.36783149899818013,0.0041348592384192161,-0.12523340851146897,0.0041348591262923033,0.12523340851146886,0.042601547990860168,0.36783149899818024,0.13957732262767458,0.58731795428661748,0.30274997199870674,0.76990267419430469,0.49615059090185443,0.9041172563704748,0.64503663254809973,0.98156063424671924
262,0.49742904407708216,0,0,2.1560323815243674,0.6461105328618264,-0.98156063424671924,0.4969766158612155,-0.9041172563704748,0.3032540107639381,-0.76990267419430469,0.13980970067963844,-0.58731795428661759,0.042672474201512878,-0.36783149899818013,0.0041417432271481751,-0.12523340851146897,0.0041417431151431908,0.12523340851146886,0.042672473872201737,0.36783149899818024,0.13980970020397887,0.58731795428661748,0.30325401021290022,0.76990267419430469,0.49697661528035375,0.9041172563704748,0.64611053227332604,0.98156063424671924
263,0.49677013340829496,0,0,2.1600705486870266,0.64732067346534139,-0.98156063424671924,0.49790743427589462,-0.9041172563704748,0.30382199406261301,-0.76990267419430469,0.14007155896432746,-0.58731795428661759,0.04275239813335479,-0.36783149899818013,0.0041495005568917996,-0.12523340851146897,0.0041495004450242253,0.12523340851146886,0.042752397804467338,0.36783149899818024,0.14007155848923641,0.58731795428661748,0.30382199351220107,0.76990267419430469,0.49790743369568607,0.9041172563704748,0.64732067287750272,0.98156063424671924
264,0.4960372965122648,0,0,2.1645605169189439,0.64866620787416196,-0.98156063424671924,0.49894239517355909,-0.9041172563704748,0.30445352486968019,-0.76990267419430469,0.14036271466248415,-0.58731795428661759,0.042841264170962269,-0.36783149899818013,0.0041581257976787559,-0.12523340851146897,0.0041581256859640169,0.12523340851146886,0.042841263842546044,0.36783149899818024,0.14036271418802573,0.58731795428661748,0.30445352431996497,0.76990267419430469,0.49894239459407752,0.9041172563704748,0.64866620728706004,0.98156063424671924
265,0.49523097831189022,0,0,2.169499135394763,0.65014619186246825,-0.98156063424671924,0.50008077227266878,-0.9041172563704748,0.30514816000978112,-0.76990267419430469,0.14068296345623607,-0.58731795428661759,0.042939009952788522,-0.36783149899818013,0.0041676128967654338,-0.12523340851146897,0.0041676127852188719,0.12523340851146886,0.042939009624890806,0.36783149899818024,0.14068296298247396,0.58731795428661748,0.30514815946083312,0.76990267419430469,0.5000807716939879,0.9041172563704748,0.65014619127617768,0.98156063424671924
266,0.49435166833230787,0,0,2.1748829288371887,0.65175958397407519,-0.98156063424671924,0.50132176450383437,-0.9041172563704748,0.30590541067217986,-0.76990267419430469,0.14103207998835682,-0.58731795428661759,0.043045566695691651,-0.36783149899818013,0.0041779551781352276,-0.12523340851146897,0.0041779550667720685,0.12523340851146886,0.043045566368359413,0.36783149899818024,0.14103207951535432,0.58731795428661748,0.30590541012406908,0.76990267419430469,0.50132176392602779,0.9041172563704748,0.65175958338867013,0.98156063424671924
267,0.49339990040715154,0,0,2.1807080973527277,0.65350524547320754,-0.98156063424671924,0.50266449597195373,-0.9041172563704748,0.3067247423876594,-0.76990267419430469,0.14140981785161463,-0.58731795428661759,0.043160859191683568,-0.36783149899818013,0.0041891453421829539,-0.12523340851146897,0.004189145231018339,0.12523340851146886,0.043160858864963368,0.36783149899818024,0.14140981737943484,0.58731795428661748,0.30672474184045517,0.76990267419430469,0.50266449539509406,0.9041172563704748,0.65350524488876294,0.98156063424671924
268,0.4923762523562889,0,0,2.1869705163758084,0.65538194032775809,-0.98156063424671924,0.50410801594333177,-0.9041172563704748,0.30760557502066099,-0.76990267419430469,0.14181590958514848,-0.58731795428661759,0.043284805806824006,-0.36783149899818013,0.0042011754656075505,-0.12523340851146897,0.0042011753546564697,0.12523340851146886,0.043284805480762058,0.36783149899818024,0.14181590911385406,0.58731795428661748,0.30760557447443271,0.76990267419430469,0.50410801536749161,0.9041172563704748,0.65538193974434755,0.98156063424671924
269,0.49128134563605041,0,0,2.1936657367460732,0.65738833523244522,-0.98156063424671924,0.50565129886349591,-0.9041172563704748,0.30854728278015758,-0.76990267419430469,0.14225006667948042,-0.58731795428661759,0.043417318482750357,-0.36783149899818013,0.0042140370015605038,-0.12523340851146897,0.0042140368908378488,0.12523340851146886,0.043417318157392464,0.36783149899818024,0.14225006620913361,0.58731795428661748,0.3085472822349743,0.76990267419430469,0.50565129828874755,0.9041172563704748,0.65738833465014201,0.98156063424671924
270,0.49011584496254196,0,0,2.2007889849439044,0.65952299967939676,-0.98156063424671924,0.50729324441148682,-0.9041172563704748,0.3095491942527796,-0.76990267419430469,0.14271197959178855,-0.58731795428661759,0.043558302741339101,-0.36783149899818013,0.0042277207800983218,-0.12523340851146897,0.004227720669618862,0.12523340851146886,0.043558302416730664,0.36783149899818024,0.14271197912245115,0.58731795428661748,0.30954919370871004,0.76990267419430469,0.5072932438379022,0.9041172563704748,0.65952299909827317,0.98156063424671924
271,0.48888045790846169,0,0,2.2083351635143722,0.66178440608519706,-0.98156063424671924,0.50903267759757953,-0.9041172563704748,0.31061059246244621,-0.76990267419430469,0.14320131777339792,-0.58731795428661759,0.043707657693096848,-0.36783149899818013,0.0042422170089969399,-0.12523340851146897,0.0042422168987753051,0.12523340851146886,0.043707657369282851,0.36783149899818024,0.14320131730513125,0.58731795428661748,0.31061059191955848,0.76990267419430469,0.50903267702523125,0.9041172563704748,0.66178440550532491,0.98156063424671924
272,0.48757593447376357,0,0,2.2162988517086282,0.66417092998309613,-0.98156063424671924,0.5108683489111312,-0.9041172563704748,0.31173071496057869,-0.76990267419430469,0.14371772971137264,-0.58731795428661759,0.043865276049854685,-0.36783149899818013,0.004257515274983849,-0.12523340851146897,0.0042575151650344947,0.12523340851146886,0.043865275726879593,0.36783149899818024,0.14371772924423754,0.58731795428661748,0.31173071441894029,0.76990267419430469,0.51086834834009032,0.9041172563704748,0.66417092940454758,0.98156063424671924
273,0.48620306663048324,0,0,2.2246743063756487,0.66668085029024304,-0.98156063424671924,0.51279893452612846,-0.9041172563704748,0.31290875395152751,-0.76990267419430469,0.14426084298634115,-0.58731795428661759,0.044031044142417666,-0.36783149899818013,0.0042736045454510726,-0.12523340851146897,0.0042736044357883536,0.12523340851146886,0.044031043820325452,0.36783149899818024,0.14426084252039806,0.58731795428661748,0.31290875341120544,0.76990267419430469,0.51279893395646536,0.9041172563704748,0.66668084971308961,0.98156063424671924
274,0.48476268784203297,0,0,2.2334554631341681,0.66931234965888775,-0.98156063424671924,0.51482303657132689,-0.9041172563704748,0.31414385645740944,-0.76990267419430469,0.14483026434849181,-0.58731795428661759,0.044204841943760051,-0.36783149899818013,0.0042904731707065534,-0.12523340851146897,0.0042904730613446112,0.12523340851146886,0.044204841622594117,0.36783149899818024,0.14483026388380069,0.58731795428661748,0.31414385591847055,0.76990267419430469,0.51482303600311119,0.9041172563704748,0.6693123490832007,0.98156063424671924
275,0.48325567255727619,0,0,2.2426359378585139,0.67206351492164806,-0.98156063424671924,0.51693918347274248,-0.9041172563704748,0.31543512452709616,-0.76990267419430469,0.14542557981392268,-0.58731795428661759,0.044386543098432978,-0.36783149899818013,0.0043081088868283414,-0.12523340851146897,0.0043081087777811994,0.12523340851146886,0.044386542778236206,0.36783149899818024,0.14542557935054276,0.58731795428661748,0.31543512398960666,0.76990267419430469,0.51693918290604324,0.9041172563704748,0.67206351434749789,0.98156063424671924
276,0.48168293567969933,0,0,2.2522090285085601,0.6749323376399029,-0.98156063424671924,0.51914583037546458,-0.9041172563704748,0.31678161549360362,-0.76990267419430469,0.14604635478330674,-0.58731795428661759,0.044576014958783265,-0.36783149899818013,0.0043264988191800326,-0.12523340851146897,0.0043264987104614924,0.12523340851146886,0.044576014639597934,0.36783149899818024,0.14604635432129651,0.58731795428661748,0.31678161495762885,0.76990267419430469,0.5191458298103504,0.9041172563704748,0.67493233706735956,0.98156063424671924
277,0.48004543201201022,0,0,2.2621677173364887,0.67791671476510518,-0.98156063424671924,0.52144135965232774,-0.9041172563704748,0.31818234228448167,-0.76990267419430469,0.14669213418499089,-0.58731795428661759,0.044773118628629829,-0.36783149899818013,0.0043456294866498386,-0.12523340851146897,0.0043456293782736279,0.12523340851146886,0.044773118310497684,0.36783149899818024,0.14669213372440826,0.58731795428661748,0.31818234175008631,0.76990267419430469,0.52144135908886635,0.9041172563704748,0.67791671419423805,0.98156063424671924
278,0.47834415567650468,0,0,2.2725046734999266,0.6810144494218755,-0.98156063424671924,0.52382408150625159,-0.9041172563704748,0.31963627378936033,-0.76990267419430469,0.14736244264444698,-0.58731795428661759,0.044977709014983269,-0.36783149899818013,0.0043654868066705975,-0.12523340851146897,0.0043654866986501811,0.12523340851146886,0.044977708697945422,0.36783149899818024,0.14736244218534916,0.58731795428661748,0.31963627325660865,0.76990267419430469,0.52382408094451027,0.9041172563704748,0.68101444885275353,0.98156063424671924
279,0.47658013951155609,0,0,2.2832122561118218,0.6842232518219763,-0.98156063424671924,0.52629223467325437,-0.9041172563704748,0.32114233528892772,-0.76990267419430469,0.14805678468204347,-0.58731795428661759,0.045189634888409436,-0.36783149899818013,0.0043860561010784184,-0.12523340851146897,0.0043860559934271442,0.12523340851146886,0.045189634572506292,0.36783149899818024,0.14805678422448701,0.58731795428661748,0.32114233475788295,0.76990267419430469,0.52629223411330017,0.9041172563704748,0.68422325125466699,0.98156063424671924
280,0.47475445444459563,0,0,2.2942825177554087,0.68754074031766033,-0.98156063424671924,0.52884398723267023,-0.9041172563704748,0.32269940894932264,-0.76990267419430469,0.1487746449409765,-0.58731795428661759,0.045408738952598005,-0.36783149899818013,0.0044073221028650741,-0.12523340851146897,0.0044073219955960566,0.12523340851146886,0.045408738637869352,0.36783149899818024,0.14877464448501715,0.58731795428661748,0.32269940842004741,0.76990267419430469,0.52884398667456922,0.9041172563704748,0.6875407397522304,0.98156063424671924
281,0.4728682088419664,0,0,2.3057072084908237,0.69096444260235579,-0.98156063424671924,0.53147743753069399,-0.9041172563704748,0.32430633438567952,-0.76990267419430469,0.14951548844708212,-0.58731795428661759,0.045634857923661953,-0.36783149899818013,0.0044292689638746347,-0.12523340851146897,0.0044292688570008116,0.12523340851146886,0.045634857610146858,0.36783149899818024,0.1495154879927747,0.58731795428661748,0.3243063338582356,0.76990267419430469,0.53147743697451155,0.9041172563704748,0.69096444203887153,0.98156063424671924
282,0.47092254783604548,0,0,2.3174777803792055,0.69449179706643172,-0.98156063424671924,0.53419061522321132,-0.9041172563704748,0.32596190929846064,-0.76990267419430469,0.15027876090220507,-0.58731795428661759,0.045867822619679303,-0.36783149899818013,0.004451880263494315,-0.12523340851146897,0.0044518801570284164,0.12523340851146886,0.045867822307416019,0.36783149899818024,0.15027876044960387,0.58731795428661748,0.32596190877290887,0.76990267419430469,0.53419061466901141,0.9041172563704748,0.69449179650495807,0.98156063424671924
283,0.46891865263004429,0,0,2.3295853925469325,0.69812015431482621,-0.98156063424671924,0.53698148244313038,-0.9041172563704748,0.32766489018575939,-0.76990267419430469,0.15106388901259385,-0.58731795428661759,0.046107458060924811,-0.36783149899818013,0.0044751390183828659,-0.12523340851146897,0.0044751389123374253,0.12523340851146886,0.046107457749950932,0.36783149899818024,0.15106388856175232,0.58731795428661748,0.32766488966215995,0.76990267419430469,0.53698148189097661,0.9041172563704748,0.69812015375542724,0.98156063424671924
284,0.466857739780909,0,0,2.342020916811336,0.70184677885293345,-0.98156063424671924,0.53984793509713813,-0.9041172563704748,0.32941399313457875,-0.76990267419430469,0.15187028085370446,-0.58731795428661759,0.04635358358121517,-0.36783149899818013,0.0044990276932776142,-0.12523340851146897,0.0044990275876649255,0.12523340851146886,0.04635358327156755,0.36783149899818024,0.15187028040467498,0.58731795428661748,0.32941399261299081,0.76990267419430469,0.53984793454709323,0.9041172563704748,0.70184677829567321,0.98156063424671924
285,0.46474106046075692,0,0,2.3547749438863028,0.70566885094627341,-0.98156063424671924,0.54278780429612372,-0.9041172563704748,0.33120789469367157,-0.76990267419430469,0.15269732627260776,-0.58731795428661759,0.046606012950730927,-0.36783149899818013,0.0045235282129154055,-0.12523340851146897,0.0045235281077475259,0.12523340851146886,0.046606012642445661,0.36783149899818024,0.15269732582544182,0.58731795428661748,0.33120789417415358,0.76990267419430469,0.54278780374824942,0.9041172563704748,0.70566885039121519,0.98156063424671924
286,0.46256989969729745,0,0,2.3678377901836343,0.70958346865869593,-0.98156063424671924,0.54579885792292748,-0.9041172563704748,0.33304523283017756,-0.76990267419430469,0.15354439732902947,-0.58731795428661759,0.046864554510629972,-0.36783149899818013,0.0045486219750980345,-0.12523340851146897,0.0045486218703868087,0.12523340851146886,0.046864554203742401,0.36783149899818024,0.15354439688377752,0.58731795428661748,0.33304523231278732,0.76990267419430469,0.54579885737728406,0.9041172563704748,0.709583468105902,0.98156063424671924
287,0.4603455755936991,0,0,2.3811995052235075,0.71358765007311475,-0.98156063424671924,0.54887880234049047,-0.9041172563704748,0.33492460797193269,-0.76990267419430469,0.15441084877588762,-0.58731795428661759,0.047129011319716349,-0.36783149899818013,0.0045742898649277714,-0.12523340851146897,0.0045742897606848168,0.12523340851146886,0.047129011014260945,0.36783149899818024,0.15441084833259916,0.58731795428661748,0.33492460745672675,0.76990267419430469,0.54887880179713711,0.9041172563704748,0.71358764952264542,0.98156063424671924
288,0.45806943852837573,0,0,2.394849879663504,0.7176783356976103,-0.98156063424671924,0.55202528424258546,-0.9041172563704748,0.33684458413678148,-0.76990267419430469,0.15529601857994088,-0.58731795428661759,0.047399181313351621,-0.36783149899818013,0.0046005122702311796,-0.12523340851146897,0.0046005121664677816,0.12523340851146886,0.047399181009361989,0.36783149899818024,0.15529601813866439,0.58731795428661748,0.33684458362381509,0.76990267419430469,0.55202528370158099,0.9041172563704748,0.7176783351495255,0.98156063424671924
289,0.45574287033517868,0,0,2.4087784539538544,0.72185239105919996,-0.98156063424671924,0.55523589264889728,-0.9041172563704748,0.33880369014997019,-0.76990267419430469,0.15619922848304607,-0.58731795428661759,0.047674857474760912,-0.36783149899818013,0.0046272690981857762,-0.12523340851146897,0.0046272689949130152,0.12523340851146886,0.047674857172269838,0.36783149899818024,0.15619922804382907,0.58731795428661748,0.33880368963929763,0.76990267419430469,0.55523589211029933,0.9041172563704748,0.72185239051355821,0.98156063424671924
290,0.45336728346449179,0,0,2.4229745276218773,0.72610660948615546,-0.98156063424671924,0.55850816104513368,-0.9041172563704748,0.34080042095003743,-0.76990267419430469,0.15711978460421488,-0.58731795428661759,0.047955828018791537,-0.36783149899818013,0.0046545397931555483,-0.12523340851146897,0.004654539690384223,0.12523340851146886,0.047955827717830891,0.36783149899818024,0.15711978416710395,0.58731795428661748,0.34080042044171149,0.76990267419430469,0.55850816050899887,0.9041172563704748,0.72610660894301449,0.98156063424671924
291,0.45094412012573937,0,0,2.437427169186198,0.73043771507905531,-0.98156063424671924,0.56183956966830417,-0.9041172563704748,0.3428332389832856,-0.76990267419430469,0.15805697808250913,-0.58731795428661759,0.048241876588136508,-0.36783149899818013,0.0046823033557361234,-0.12523340851146897,0.00468230325347678,0.12523340851146886,0.048241876288737322,0.36783149899818024,0.15805697764754931,0.58731795428661748,0.34283323847735764,0.76990267419430469,0.56183956913468802,0.9041172563704748,0.73043771453847206,0.98156063424671924
292,0.44847485141182741,0,0,2.4521252266970723,0.73484236586946439,-0.98156063424671924,0.56522754793631935,-0.9041172563704748,0.34490057568631721,-0.76990267419430469,0.15901008576053749,-0.58731795428661759,0.048532782461950238,-0.36783149899818013,0.0047105383630028459,-0.12523340851146897,0.0047105382612656899,0.12523340851146886,0.048532782164142543,0.36783149899818024,0.15901008532777286,0.58731795428661748,0.34490057518283784,0.76990267419430469,0.56522754740527614,0.9041172563704748,0.73484236533149427,0.98156063424671924
293,0.44596097640604915,0,0,2.4670573388964474,0.73931715716433077,-0.98156063424671924,0.56866947702044146,-0.9041172563704748,0.34700083305573881,-0.76990267419430469,0.15997837090813824,-0.58731795428661759,0.048828320776729557,-0.36783149899818013,0.0047392229899491534,-0.12523340851146897,0.0047392228887441819,0.12523340851146886,0.048828320480542461,0.36783149899818024,0.15997837047761168,0.58731795428661748,0.34700083255475755,0.76990267419430469,0.56866947649202382,0.9041172563704748,0.73931715662902764,0.98156063424671924
294,0.44340402127199852,0,0,2.4822119469866828,0.74385862507278788,-0.98156063424671924,0.57216269255803642,-0.9041172563704748,0.34913238530347657,-0.76990267419430469,0.16096108398553216,-0.58731795428661759,0.049128262759242071,-0.36783149899818013,0.0047683350320944697,-0.12523340851146897,0.0047683349314313278,0.12523340851146886,0.049128262464703622,0.36783149899818024,0.16096108355728536,0.58731795428661748,0.34913238480504183,0.76990267419430469,0.57216269203229619,0.9041172563704748,0.74385862454020424,0.98156063424671924
295,0.44080553832704211,0,0,2.4975773069942697,0.74846325021125837,-0.98156063424671924,0.57570448750247516,-0.9041172563704748,0.35129358059577898,-0.76990267419430469,0.16195746344505768,-0.58731795428661759,0.049432375971230402,-0.36783149899818013,0.0047978519292348077,-0.12523340851146897,0.0047978518291228872,0.12523340851146886,0.049432375678367779,0.36783149899818024,0.16195746301913128,0.58731795428661748,0.351293580099938,0.76990267419430469,0.57570448697946264,0.9041172563704748,0.74846324968144662,0.98156063424671924
296,0.43816710509991441,0,0,2.5131415027104955,0.7531274615814596,-0.98156063424671924,0.57929211510602407,-0.9041172563704748,0.35348274287336906,-0.76990267419430469,0.16296673657031932,-0.58731795428661759,0.049740424565535429,-0.36783149899818013,0.0048277507903019363,-0.12523340851146897,0.004827750690750256,0.12523340851146886,0.049740424274374799,0.36783149899818024,0.16296673614675269,0.58731795428661748,0.35348274238016747,0.76990267419430469,0.57929211458578789,0.9041172563704748,0.75312746105446959,0.98156063424671924
297,0.43549032337300614,0,0,2.528892459187873,0.75784764061495247,-0.98156063424671924,0.58292279203083974,-0.9041172563704748,0.35569817374976831,-0.76990267419430469,0.16398812035137467,-0.58731795428661759,0.050052169553219408,-0.36783149899818013,0.0048580084192899357,-0.12523340851146897,0.0048580083203072569,0.12523340851146886,0.050052169263786007,0.36783149899818024,0.16398811993020582,0.58731795428661748,0.35569817325925063,0.76990267419430469,0.58292279151342741,0.9041172563704748,0.75784764009083283,0.98156063424671924
298,0.43277681820992892,0,0,2.5448179567672629,0.76262012537673396,-0.98156063424671924,0.58659370158229651,-0.9041172563704748,0.35793815448426392,-0.76990267419430469,0.16502082239433485,-0.58731795428661759,0.050367369081192812,-0.36783149899818013,0.004888601342201467,-0.12523340851146897,0.0048886012437961692,0.12523340851146886,0.050367368793510787,0.36783149899818024,0.16502082197560053,0.58731795428661748,0.35793815399647344,0.76990267419430469,0.58659370106775399,0.9041172563704748,0.76262012485553243,0.98156063424671924
299,0.43002823696894593,0,0,2.5609056456073773,0.76744121491937112,-0.98156063424671924,0.59030199705810871,-0.9041172563704748,0.36020094802553726,-0.76990267419430469,0.16606404186354173,-0.58731795428661759,0.050685778719783782,-0.36783149899818013,0.0049195058349588401,-0.12523340851146897,0.0049195057371390462,0.12523340851146886,0.050685778433876373,0.36783149899818024,0.16606404144727746,0.58731795428661748,0.36020094754051574,0.76990267419430469,0.59030199654647975,0.9041172563704748,0.76744121440113455,0.98156063424671924
300,0.42724624830286728,0,0,2.5771430606849068,0.77230717377817937,-0.98156063424671924,0.5940448052059395,-0.9041172563704748,0.3624848011214889,-0.76990267419430469,0.1671169704542641,-0.58731795428661759,0.05100715175962308,-0.36783149899818013,0.0049506979522194565,-0.12523340851146897,0.0049506978549929042,0.12523340851146886,0.051007151475512387,0.36783149899818024,0.16711697004050383,0.58731795428661748,0.36248480063927591,0.76990267419430469,0.59404480469726706,0.9041172563704748,0.77230717326295184,0.98156063424671924
301,0.42443254114601747,0,0,2.5935176372300495,0.7772142365968715,-0.98156063424671924,0.59781922978136959,-0.9041172563704748,0.36478794649030227,-0.76990267419430469,0.1681787933936269,-0.58731795428661759,0.051331239517145744,-0.36783149899818013,0.0049821535570273813,-0.12523340851146897,0.0049821534604014865,0.12523340851146886,0.051331239234852812,0.36783149899818024,0.16817879298240326,0.58731795428661748,0.36478794601093556,0.76990267419430469,0.59781922927569531,0.9041172563704748,0.77721423608469609,0.98156063424671924
302,0.42158882368889061,0,0,2.6100167265595817,0.78215861287234656,-0.98156063424671924,0.60162235519750196,-0.9041172563704748,0.36710860504742404,-0.76990267419430469,0.16924869046732013,-0.58731795428661759,0.051657791647961394,-0.36783149899818013,0.0050138483512287496,-0.12523340851146897,0.0050138482552105901,0.12523340851146886,0.051657791367506235,0.36783149899818024,0.16924869005866416,0.58731795428661748,0.3671086045709403,0.76990267419430469,0.60162235469486591,0.9041172563704748,0.78215861236326412,0.98156063424671924
303,0.4187168223411144,0,0,2.6266276122661174,0.78713649180621836,-0.98156063424671924,0.60545125025667013,-0.9041172563704748,0.36944498818264482,-0.76990267419430469,0.17032583706940471,-0.58731795428661759,0.051986556467274125,-0.36783149899818013,0.0050457579065713637,-0.12523340851146897,0.0050457578111677264,0.12523340851146886,0.051986556188675662,0.36783149899818024,0.17032583666334594,0.58731795428661748,0.36944498770907919,0.76990267419430469,0.60545124975711029,0.9041172563704748,0.78713649130026886,0.98156063424671924
304,0.41581828068335402,0,0,2.6433375267197925,0.7921440472499679,-0.98156063424671924,0.60930297195416239,-0.9041172563704748,0.37179530008112177,-0.76990267419430469,0.17140940527237733,-0.58731795428661759,0.052317281276486105,-0.36783149899818013,0.0050778576964045268,-0.12523340851146897,0.0050778576016218199,0.12523340851146886,0.052317280999762038,0.36783149899818024,0.17140940486894396,0.58731795428661748,0.37179529961050789,0.76990267419430469,0.60930297145771439,0.9041172563704748,0.79214404674718875,0.98156063424671924
305,0.41289495840879142,0,0,2.6601336678360425,0.7971774427298407,-0.98156063424671924,0.61317456934327985,-0.9041172563704748,0.37415774008183017,-0.76990267419430469,0.17249856491449136,-0.58731795428661759,0.052649712695067574,-0.36783149899818013,0.0051101231278898995,-0.12523340851146897,0.0051101230337342578,0.12523340851146886,0.052649712420234612,0.36783149899818024,0.17249856451370998,0.58731795428661748,0.37415773961420051,0.76990267419430469,0.6131745688499779,0.9041172563704748,0.79717744223026665,0.98156063424671924
306,0.40994863025482209,0,0,2.6770032160606179,0.80223283653683952,-0.98156063424671924,0.61706308745047,-0.9041172563704748,0.37653050506656943,-0.76990267419430469,0.17359248470116373,-0.58731795428661759,0.052983596996726355,-0.36783149899818013,0.00514252957462988,-0.12523340851146897,0.0051425294811070247,0.12523340851146886,0.05298359672380018,0.36783149899818024,0.17359248430305957,0.58731795428661748,0.37653050460195381,0.76990267419430469,0.61706308696034717,0.9041172563704748,0.80223283604050444,0.98156063424671924
307,0.40698108492561968,0,0,2.693933351521121,0.80730638686662659,-0.98156063424671924,0.62096557122884677,-0.9041172563704748,0.37891179187238982,-0.76990267419430469,0.17469033331718117,-0.58731795428661759,0.05331868044887355,-0.36783149899818013,0.0051750524096156256,-0.12523340851146897,0.0051750523167309812,0.12523340851146886,0.053318680177868651,0.36783149899818024,0.1746903329217776,0.58731795428661748,0.37891179141081638,0.76990267419430469,0.62096557074193437,0.9041172563704748,0.80730638637356478,0.98156063424671924
308,0.40399412400622059,0,0,2.7109112712924253,0.81239425699355206,-0.98156063424671924,0.62487906953795713,-0.9041172563704748,0.38129979972003836,-0.76990267419430469,0.17579128054629001,-0.58731795428661759,0.053654709654342797,-0.36783149899818013,0.00520766703839409,-0.12523340851146897,0.0052076669461526386,0.12523340851146886,0.05365470938527251,0.36783149899818024,0.17579128015360912,0.58731795428661748,0.3812997992615334,0.76990267419430469,0.62487906905428436,0.9041172563704748,0.81239425650379393,0.98156063424671924
309,0.40098956086878879,0,0,2.7279242067217044,0.81749262046254068,-0.98156063424671924,0.62880063913729156,-0.9041172563704748,0.38369273265078929,-0.76990267419430469,0.17689449839465232,-0.58731795428661759,0.053991431894289552,-0.36783149899818013,0.0052403489323493415,-0.12523340851146897,0.0052403488407557252,0.12523340851146886,0.053991431627166048,0.36783149899818024,0.17689449800471438,0.58731795428661748,0.38369273219537753,0.76990267419430469,0.62880063865688618,0.9041172563704748,0.81749261997611467,0.98156063424671924
310,0.39796921957172482,0,0,2.7449594407577926,0.82259766628227926,-0.98156063424671924,0.63272734868078939,-0.9041172563704748,0.38608880196388329,-0.76990267419430469,0.17799916221458226,-0.58731795428661759,0.054328595471175953,-0.36783149899818013,0.0052730736619923972,-0.12523340851146897,0.0052730735710508365,0.12523340851146886,0.054328595206010348,0.36783149899818024,0.17799916182740594,0.58731795428661748,0.3860888015115877,0.76990267419430469,0.63272734820367682,0.9041172563704748,0.82259766579921234,0.98156063424671924
311,0.39493493375228739,0,0,2.7620043252282485,0.82770560410273808,-0.98156063424671924,0.63665628269929264,-0.9041172563704748,0.38848622864661109,-0.76990267419430469,0.17910445182489224,-0.58731795428661759,0.054665950050721029,-0.36783149899818013,0.0053058169301504277,-0.12523340851146897,0.0053058168398648032,0.12523340851146886,0.054665949787523219,0.36783149899818024,0.17910445144049444,0.58731795428661748,0.38848622819745288,0.76990267419430469,0.63665628222549608,0.9041172563704748,0.82770560362305545,0.98156063424671924
312,0.39188854551339936,0,0,2.7790462980072093,0.83281266935995601,-0.98156063424671924,0.64058454555782418,-0.9041172563704748,0.39088324578903605,-0.76990267419430469,0.18020955262415578,-0.58731795428661759,0.05500324700168896,-0.36783149899818013,0.0053385546049463254,-0.12523340851146897,0.005338554515320104,0.12523340851146886,0.055003246740467623,0.36783149899818024,0.18020955224255206,0.58731795428661748,0.39088324534303442,0.76990267419430469,0.64058454508736518,0.9041172563704748,0.83281266888368011,0.98156063424671924
313,0.38883190430531422,0,0,2.7960729000163913,0.83791512837082804,-0.98156063424671924,0.64450926537440711,-0.9041172563704748,0.39327810097524873,-0.76990267419430469,0.1813136566931518,-0.58731795428661759,0.055340239732374959,-0.36783149899818013,0.0053712627524576109,-0.12523340851146897,0.0053712626634938926,0.12523340851146886,0.055340239473137591,0.36783149899818024,0.18131365631435598,0.58731795428661748,0.3932781005324209,0.76990267419430469,0.64450926490730487,0.9041172563704748,0.83791512789797951,0.98156063424671924
314,0.38576686580282243,0,0,2.8130717920018338,0.84300928336068792,-0.98156063424671924,0.64842759788719007,-0.9041172563704748,0.39566905864307822,-0.76990267419430469,0.18241596388276629,-0.58731795428661759,0.055676684022652898,-0.36783149899818013,0.0054039176689446734,-0.12523340851146897,0.0054039175806461087,0.12523340851146886,0.055676683765405861,0.36783149899818024,0.18241596350679062,0.58731795428661748,0.39566905820343973,0.76990267419430469,0.64842759742346245,0.9041172563704748,0.84300928289128563,0.98156063424671924
315,0.38269529077867859,0,0,2.8300307710290666,0.84809147740651014,-0.98156063424671924,0.65233673025667083,-0.9041172563704748,0.39805440240419981,-0.76990267419430469,0.18351568288363565,-0.58731795428661759,0.05601233835044981,-0.36783149899818013,0.0054364959125379492,-0.12523340851146897,0.0054364958249068281,0.12523340851146886,0.056012338095198233,0.36783149899818024,0.18351568251049025,0.58731795428661748,0.39805440196776387,0.76990267419430469,0.65233672979633306,0.9041172563704748,0.84809147694056986,0.98156063424671924
316,0.37961904397393359,0,0,2.8469377866399852,0.85315809927873087,-0.98156063424671924,0.65623388478993705,-0.9041172563704748,0.40043243731665884,-0.76990267419430469,0.18461203227385165,-0.58731795428661759,0.056346964211524839,-0.36783149899818013,0.0054689743342754126,-0.12523340851146897,0.0054689742473135565,0.12523340851146886,0.056346963958272635,0.36783149899818024,0.18461203190354505,0.58731795428661748,0.4004324368834366,0.76990267419430469,0.65623388433300234,0.9041172563704748,0.85315809881626636,0.98156063424671924
317,0.37653999296585777,0,0,2.8637809566155887,0.85820558816495995,-0.98156063424671924,0.66011632257406005,-0.9041172563704748,0.40280149210195937,-0.76990267419430469,0.18570424154111004,-0.58731795428661759,0.056680326431447457,-0.36783149899818013,0.0055013301083827303,-0.12523340851146897,0.0055013300220916189,0.12523340851146886,0.056680326180197353,0.36783149899818024,0.18570424117364911,0.58731795428661748,0.40280149167196039,0.76990267419430469,0.66011632212053961,0.9041172563704748,0.85820558770598288,0.98156063424671924
318,0.37346000703414223,0,0,2.880548582289995,0.86323043825921586,-0.98156063424671924,0.6639813470060536,-0.9041172563704748,0.40515992129903772,-0.76990267419430469,0.18679155207575995,-0.58731795428661759,0.057012193468694385,-0.36783149899818013,0.0055335407616916256,-0.12523340851146897,0.0055335406760722954,0.12523340851146886,0.057012193219447865,0.36783149899818024,0.18679155171114978,0.58731795428661748,0.40515992087226876,0.76990267419430469,0.66398134655595631,0.9041172563704748,0.86323043780373643,0.98156063424671924
319,0.37038095602606641,0,0,2.8972291633624274,0.86822920320072272,-0.98156063424671924,0.66782630720711578,-0.9041172563704748,0.40750610734762321,-0.76990267419430469,0.18787321813129976,-0.58731795428661759,0.05734233770781054,-0.36783149899818013,0.0055655842020936666,-0.12523340851146897,0.005565584117146821,0.12523340851146886,0.057342337460567855,0.36783149899818024,0.18787321776954405,0.58731795428661748,0.40750610692408928,0.76990267419430469,0.66782630676044774,0.9041172563704748,0.86822920274874849,0.98156063424671924
320,0.36730470922132141,0,0,2.913811412155932,0.87319850034689928,-0.98156063424671924,0.67164860130933401,-0.9041172563704748,0.40983846259377948,-0.76990267419430469,0.18894850774899527,-0.58731795428661759,0.057670535741619199,-0.36783149899818013,0.0055974387459314014,-0.12523340851146897,0.0055974386616572539,0.12523340851146886,0.057670535496379412,0.36783149899818024,0.18894850739009561,0.58731795428661748,0.40983846217348407,0.76990267419430469,0.67164860086609968,0.9041172563704748,0.87319849989843534,0.98156063424671924
321,0.36423313419717757,0,0,2.9302842672732234,0.87813501486568446,-0.98156063424671924,0.67544567960343027,-0.9041172563704748,0.41215543121065179,-0.76990267419430469,0.19001670364340414,-0.58731795428661759,0.057996568641500441,-0.36783149899818013,0.0056290831442311817,-0.12523340851146897,0.0056290830606295266,0.12523340851146886,0.057996568398261422,0.36783149899818024,0.19001670328736062,0.58731795428661748,0.41215543079359623,0.76990267419430469,0.67544567916363218,0.9041172563704748,0.87813501442073416,0.98156063424671924
322,0.36116809569468578,0,0,2.946636906602901,0.88303550363318462,-0.98156063424671924,0.67921504753676043,-0.9041172563704748,0.41445549102783841,-0.76990267419430469,0.19107710404577466,-0.58731795428661759,0.058320222214811826,-0.36783149899818013,0.0056604966076882141,-0.12523340851146897,0.0056604965247583376,0.12523340851146886,0.058320221973570174,0.36783149899818024,0.19107710369258549,0.58731795428661748,0.41445549061402254,0.76990267419430469,0.6792150471003997,0.9041172563704748,0.88303550319174784,0.98156063424671924
323,0.35811145448660064,0,0,2.9628587596312701,0.88789679892322648,-0.98156063424671924,0.68295426855125207,-0.9041172563704748,0.41673715526309635,-0.76990267419430469,0.19212902350241651,-0.58731795428661759,0.058641287248565571,-0.36783149899818013,0.0056916588303174863,-0.12523340851146897,0.0056916587480583154,0.12523340851146886,0.058641287009316839,0.36783149899818024,0.19212902315207825,0.58731795428661748,0.41673715485251694,0.76990267419430469,0.68295426811832682,0.9041172563704748,0.88789679848530134,0.98156063424671924
324,0.35506506624771261,0,0,2.9789395190183741,0.8927158118764118,-0.98156063424671924,0.68666096675174082,-0.9041172563704748,0.41899897415055087,-0.76990267419430469,0.193171793625358,-0.58731795428661759,0.058959559738542888,-0.36783149899818013,0.005722550011691468,-0.12523340851146897,0.0057225499301014771,0.12523340851146886,0.058959559501281344,0.36783149899818024,0.19317179327786502,0.58731795428661748,0.41899897374320316,0.76990267419430469,0.68666096632224705,0.9041172563704748,0.89271581144199397,0.98156063424671924
325,0.35203078042827518,0,0,2.9948691513992141,0.89748953573698076,-0.98156063424671924,0.69033282939570728,-0.9041172563704748,0.42123953645992945,-0.76990267419430469,0.19420476379275953,-0.58731795428661759,0.059274841103073184,-0.36783149899818013,0.0057531508776892133,-0.12523340851146897,0.0057531507967665037,0.12523340851146886,0.059274840867791882,0.36783149899818024,0.19420476344810436,0.58731795428661748,0.42123953605580677,0.76990267419430469,0.69033282896963954,0.9041172563704748,0.89748953530606601,0.98156063424671924
326,0.34901043913121121,0,0,3.0106379073751297,0.90221504884698989,-0.98156063424671924,0.69396760919634226,-0.9041172563704748,0.42345747090188601,-0.76990267419430469,0.19522730179681341,-0.58731795428661759,0.059586938380784805,-0.36783149899818013,0.0057834426996898865,-0.12523340851146897,0.0057834426194321156,0.12523340851146886,0.059586938147475441,0.36783149899818024,0.19522730145498668,0.58731795428661748,0.42345747050097982,0.76990267419430469,0.69396760877369168,0.9041172563704748,0.90221504841957023,0.98156063424671924
327,0.34600587599377941,0,0,3.0262363306629902,0.90688951738809609,-0.98156063424671924,0.69756312643148155,-0.9041172563704748,0.42565144741486799,-0.76990267419430469,0.19623879443703052,-0.58731795428661759,0.059895664411686769,-0.36783149899818013,0.0058134073121483363,-0.12523340851146897,0.0058134072325527787,0.12523340851146886,0.059895664180339932,0.36783149899818024,0.19623879409802084,0.58731795428661748,0.42565144701716784,0.76990267419430469,0.69756312601223691,0.9041172563704748,0.90688951696416087,0.98156063424671924
328,0.34301891507438032,0,0,3.0416552663739731,0.91151019786251131,-0.98156063424671924,0.701117270851908,-0.9041172563704748,0.42782017832955971,-0.76990267419430469,0.1972386480570841,-0.58731795428661759,0.060200838001023806,-0.36783149899818013,0.0058430271284987314,-0.12523340851146897,0.0058430270495621797,0.12523340851146886,0.060200837771628803,0.36783149899818024,0.19723864772087879,0.58731795428661748,0.42782017793505273,0.76990267419430469,0.70111727043605621,0.9041172563704748,0.91151019744204964,0.98156063424671924
329,0.34005136974517791,0,0,3.0568858683970785,0.91607443930566101,-0.98156063424671924,0.70462800338328901,-0.9041172563704748,0.42996241940739899,-0.76990267419430469,0.19822628902360098,-0.58731795428661759,0.060502284065411444,-0.36783149899818013,0.0058722851553381873,-0.12523340851146897,0.0058722850770570731,0.12523340851146886,0.060502283837956486,0.36783149899818024,0.19822628869018563,0.58731795428661748,0.42996241901606996,0.76990267419430469,0.70462800297081474,0.9041172563704748,0.91607443888865836,0.98156063424671924
330,0.33710504159120858,0,0,3.0719196058665861,0.92057968522432199,-0.98156063424671924,0.70809335761695869,-0.9041172563704748,0.43207697075025037,-0.76990267419430469,0.19920116414554848,-0.58731795428661759,0.060799833760841034,-0.36783149899818013,0.0059011650048508895,-0.12523340851146897,0.0059011649272211752,0.12523340851146886,0.060799833535313187,0.36783149899818024,0.1992011638149066,0.58731795428661748,0.43207697036208204,0.76990267419430469,0.70809335720784483,0.9041172563704748,0.9205796848107608,0.98156063424671924
331,0.33418171931664598,0,0,3.0867482686963781,0.92502347525512774,-0.98156063424671924,0.71151144108560949,-0.9041172563704748,0.43416267757882776,-0.76990267419430469,0.2001627410331118,-0.58731795428661759,0.061093324592215857,-0.36783149899818013,0.0059296509054394446,-0.12523340851146897,0.0059296508284567345,0.12523340851146886,0.061093324368600897,0.36783149899818024,0.20016274070522536,0.58731795428661748,0.43416267719380053,0.76990267419430469,0.71151144067983518,0.9041172563704748,0.92502347484498648,0.98156063424671924
332,0.3312831776588856,0,0,3.1013639721683406,0.92940344653959617,-0.98156063424671924,0.71488043632094067,-0.9041172563704748,0.43621843087807077,-0.76990267419430469,0.20111050839523339,-0.58731795428661759,0.06138260050416515,-0.36783149899818013,0.0059577277105393126,-0.12523340851146897,0.0059577276341987451,0.12523340851146886,0.061382600282447713,0.36783149899818024,0.20111050807008257,0.58731795428661748,0.43621843049616316,0.76990267419430469,0.71488043591848416,0.9041172563704748,0.92940344613285264,0.98156063424671924
333,0.32841117631110939,0,0,3.1157591605657471,0.93371733481296826,-0.98156063424671924,0.718198601691173,-0.9041172563704748,0.43824316790819329,-0.76990267419430469,0.20204397627522239,-0.58731795428661759,0.061667511952956555,-0.36783149899818013,0.0059853809055984298,-0.12523340851146897,0.0059853808298947963,0.12523340851146886,0.061667511733120066,0.36783149899818024,0.20204397595278534,0.58731795428661748,0.43824316752938175,0.76990267419430469,0.7181986012920103,0.9041172563704748,0.93371733440959814,0.98156063424671924
334,0.32556745885398253,0,0,3.1299266098471499,0.93796297520551219,-0.98156063424671924,0.7214642720173946,-0.9041172563704748,0.44023587258077618,-0.76990267419430469,0.20296267622414524,-0.58731795428661759,0.061947915959418225,-0.36783149899818013,0.0060125966132138844,-0.12523340851146897,0.0060125965381415203,0.12523340851146886,0.061947915741444905,0.36783149899818024,0.20296267590439834,0.58731795428661748,0.44023587220503579,0.76990267419430469,0.72146427162149918,0.9041172563704748,0.93796297480548663,0.98156063424671924
335,0.32275375169713272,0,0,3.1438594293596425,0.94213830275594623,-0.98156063424671924,0.72467585896847486,-0.9041172563704748,0.44219557569974399,-0.76990267419430469,0.20386616141192371,-0.58731795428661759,0.062223676142847822,-0.36783149899818013,0.0060393615964230134,-0.12523340851146897,0.0060393615219758411,0.12523340851146886,0.062223675926718729,0.36783149899818024,0.20386616109484154,0.58731795428661748,0.44219557532704751,0.76990267419430469,0.7246758585758184,0.9041172563704748,0.94213830235922835,0.98156063424671924
336,0.31997176303105407,0,0,3.1575510625953878,0.94624135263813947,-0.98156063424671924,0.72783185123545246,-0.9041172563704748,0.44412135506777489,-0.76990267419430469,0.20475400667639271,-0.58731795428661759,0.062494662735985945,-0.36783149899818013,0.0060656632601567536,-0.12523340851146897,0.0060656631863282512,0.12523340851146886,0.062494662521681059,0.36783149899818024,0.20475400636194802,0.58731795428661748,0.44412135469809244,0.76990267419430469,0.7278318508460041,0.9041172563704748,0.94624135224469619,0.98156063424671924
337,0.31722318179007108,0,0,3.1709952869984375,0.9502702601032319,-0.98156063424671924,0.7309308144870017,-0.9041172563704748,0.44601233545912683,-0.76990267419430469,0.2056258085107727,-0.58731795428661759,0.0627607525811925,-0.36783149899818013,0.0060914896508684774,-0.12523340851146897,0.0060914895776517245,0.12523340851146886,0.062760752368690692,0.36783149899818024,0.20562580819893703,0.58731795428661748,0.44601233509242633,0.76990267419430469,0.73093081410072858,0.9041172563704748,0.95027025971303003,0.98156063424671924
338,0.31450967662699386,0,0,3.1841862128334704,0.95422326014062264,-0.98156063424671924,0.73397139110867426,-0.9041172563704748,0.44786768846052283,-0.76990267419430469,0.20648118499031329,-0.58731795428661759,0.063021829108056815,-0.36783149899818013,0.0061168294543608968,-0.12523340851146897,0.0061168293817485397,0.12523340851146886,0.063021828897335846,0.36783149899818024,0.20648118468105631,0.58731795428661748,0.44786768809677036,0.76990267419430469,0.73397139072554085,0.9041172563704748,0.95422325975362654,0.98156063424671924
339,0.31183289490008559,0,0,3.1971182811318206,0.95809868686244237,-0.98156063424671924,0.73695229972944554,-0.9041172563704748,0.44968663218225163,-0.76990267419430469,0.20731977563910076,-0.58731795428661759,0.063277782292745111,-0.36783149899818013,0.0061416719918402779,-0.12523340851146897,0.0061416719198246657,0.12523340851146886,0.063277782083781584,0.36783149899818024,0.20731977533239043,0.58731795428661748,0.44968663182141111,0.76990267419430469,0.73695229934941386,0.9041172563704748,0.95809868647861385,0.98156063424671924
340,0.30919446167295789,0,0,3.2097862607338099,0.9618949726172108,-0.98156063424671924,0.73987233453995627,-0.9041172563704748,0.45146843084216187,-0.76990267419430469,0.20814124123826586,-0.58731795428661759,0.063528508599461797,-0.36783149899818013,0.0061660072142348957,-0.12523340851146897,0.0061660071428079367,0.12523340851146886,0.063528508392231245,0.36783149899818024,0.20814124093406833,0.58731795428661748,0.45146843048419427,0.76990267419430469,0.73987233416298748,0.9041172563704748,0.96189497223651088,0.98156063424671924
341,0.30659597872800148,0,0,3.222185244450241,0.96561064683953446,-0.98156063424671924,0.742730364407721,-0.9041172563704748,0.45321239422575871,-0.76990267419430469,0.2089452635770728,-0.58731795428661759,0.063773910904477371,-0.36783149899818013,0.0061898256948211211,-0.12523340851146897,0.0061898256239744393,0.12523340851146886,0.063773910698954286,0.36783149899818024,0.20894526327535248,0.58731795428661748,0.45321239387062418,0.76990267419430469,0.74273036403377379,0.9041172563704748,0.96561064646191985,0.98156063424671924
342,0.30403902359395085,0,0,3.2343106443696881,0.96924433464381166,-0.98156063424671924,0.7455253317954309,-0.9041172563704748,0.45491787702615949,-0.76990267419430469,0.20973154514861667,-0.58731795428661759,0.06401389840324985,-0.36783149899818013,0.0062131186202088575,-0.12523340851146897,0.0062131185499336491,0.12523340851146886,0.064013898199407643,0.36783149899818024,0.20973154484933637,0.58731795428661748,0.45491787667381656,0.76990267419430469,0.74552533142446109,0.9041172563704748,0.96924433426923762,0.98156063424671924
343,0.30152514858817259,0,0,3.2461581863409865,0.97279475517076563,-0.98156063424671924,0.74825625148913855,-0.9041172563704748,0.45658427806803475,-0.76990267419430469,0.21049980879203531,-0.58731795428661759,0.06424838650122125,-0.36783149899818013,0.0062358777797422351,-0.12523340851146897,0.0062358777100293902,0.12523340851146886,0.064248386299032428,0.36783149899818024,0.21049980849515648,0.58731795428661748,0.4565842777184399,0.76990267419430469,0.7482562511211015,0.9041172563704748,0.9727947547991862,0.98156063424671924
344,0.29905587987426063,0,0,3.2577239036644623,0.97626071969686545,-0.98156063424671924,0.75092220914405705,-0.9041172563704748,0.45821103942025654,-0.76990267419430469,0.21124979728341317,-0.58731795428661759,0.064477296688953661,-0.36783149899818013,0.0062580955533806078,-0.12523340851146897,0.0062580954842205647,0.12523340851146886,0.064477296488389554,0.36783149899818024,0.21124979698889534,0.58731795428661748,0.45821103907336402,0.76990267419430469,0.75092220877890481,0.9041172563704748,0.97626071932823266,0.98156063424671924
345,0.29663271653550821,0,0,3.269004130027473,0.979641129517276,-0.98156063424671924,0.75352235965616376,-0.9041172563704748,0.4597976454022546,-0.76990267419430469,0.21198127287767948,-0.58731795428661759,0.064700556402308568,-0.36783149899818013,0.0062797648981275343,-0.12523340851146897,0.0062797648295104345,0.12523340851146886,0.064700556203339477,0.36783149899818024,0.21198127258548077,0.58731795428661748,0.45979764505801679,0.76990267419430469,0.75352235929384626,0.9041172563704748,0.97964112915153911,0.98156063424671924
346,0.29425712966482132,0,0,3.2799954917239988,0.98293497361425819,-0.98156063424671924,0.75605592536877364,-0.9041172563704748,0.4613436214896719,-0.76990267419430469,0.21269401680408126,-0.58731795428661759,0.064918098868455787,-0.36783149899818013,0.0063008793330847279,-0.12523340851146897,0.006300879265000313,0.12523340851146886,0.064918098671051014,0.36783149899818024,0.21269401651415831,0.58731795428661748,0.46134362114804045,0.76990267419430469,0.75605592500924279,0.9041172563704748,0.98293497325136359,0.98156063424671924
347,0.29193056147162427,0,0,3.2906948991990044,0.98614132612322258,-0.98156063424671924,0.75852219412347432,-0.9041172563704748,0.46284853312505186,-0.76990267419430469,0.2133878287178714,-0.58731795428661759,0.065129862938518815,-0.36783149899818013,0.0063214329232086962,-0.12523340851146897,0.0063214328556463776,0.12523340851146886,0.065129862742646566,0.36783149899818024,0.21338782843017953,0.58731795428661748,0.46284853278597626,0.76990267419430469,0.75852219376667707,0.9041172563704748,0.98614132576311464,0.98156063424671924
348,0.2896544244063009,0,0,3.3010995379626933,0.98925934360994705,-0.98156063424671924,0.76092051716581366,-0.9041172563704748,0.4643119844398903,-0.76990267419430469,0.21406252611113535,-0.58731795428661759,0.06533579290774813,-0.36783149899818013,0.0063414202618570174,-0.12523340851146897,0.0063414201948058437,0.12523340851146886,0.065335792713375751,0.36783149899818024,0.21406252582562785,0.58731795428661748,0.46431198410331798,0.76990267419430469,0.76092051681169437,0.9041172563704748,0.98925934325256892,0.98156063424671924
349,0.28743010030270255,0,0,3.3112068589201757,0.99228826217261712,-0.98156063424671924,0.76325030691623907,-0.9041172563704748,0.46573361689446802,-0.76990267419430469,0.21471794368571023,-0.58731795428661759,0.065535838324125004,-0.36783149899818013,0.006360836452211545,-0.12523340851146897,0.0063608363856602996,0.12523340851146886,0.065535838131218882,0.36783149899818024,0.21471794340233891,0.58731795428661748,0.46573361656034445,0.76990267419430469,0.76325030656473891,0.9041172563704748,0.99228826181791108,0.98156063424671924
350,0.28525893953924308,0,0,3.3210145681656389,0.99522739438338614,-0.98156063424671924,0.76551103461759884,-0.9041172563704748,0.46711310784236282,-0.76990267419430469,0.21535393269137956,-0.58731795428661759,0.065729953786366146,-0.36783149899818013,0.0063796770876731095,-0.12523340851146897,0.0063796770216101722,0.12523340851146886,0.065729953594891685,0.36783149899818024,0.21535393241009468,0.58731795428661748,0.46711310751063129,0.76990267419430469,0.76551103426865785,0.9041172563704748,0.99522739403129068,0.98156063424671924
351,0.283142260219091,0,0,3.3305206162903547,0.99807612608424434,-0.98156063424671924,0.76770222787058251,-0.9041172563704748,0.4684501690265816,-0.76990267419430469,0.21597036023254229,-0.58731795428661759,0.065918098732306515,-0.36783149899818013,0.0063979382313220446,-0.12523340851146897,0.006397938165735491,0.12523340851146886,0.065918098542228312,0.36783149899818024,0.21597035995329278,0.58731795428661748,0.46845016869718353,0.76990267419430469,0.76770222752413975,0.9041172563704748,0.99807612573469606,0.98156063424671924
352,0.28108134736995571,0,0,3.3397231872573592,1.000833913053029,-0.98156063424671924,0.7698234680692797,-0.9041172563704748,0.46974454501474072,-0.76990267419430469,0.21656710854678207,-0.58731795428661759,0.066100237218705504,-0.36783149899818013,0.0064156163945464717,-0.12523340851146897,0.006415616329424099,0.12523340851146886,0.066100237029987241,0.36783149899818024,0.21656710826951583,0.58731795428661748,0.46974454468761645,0.76990267419430469,0.76982346772527221,0.9041172563704748,1.000833912705962,0.98156063424671924
353,0.27907745216395452,0,0,3.3486206868945594,1.0035002775550914,-0.98156063424671924,0.77187438774878081,-0.9041172563704748,0.47099601158058063,-0.76990267419430469,0.21714407425869384,-0.58731795428661759,0.066276337693501122,-0.36783149899818013,0.0064327085149375558,-0.12523340851146897,0.0064327084502668261,0.12523340851146886,0.066276337506105606,0.36783149899818024,0.21714407398335744,0.58731795428661748,0.47099601125566909,0.76990267419430469,0.77187438740714409,0.9041172563704748,1.0035002772104296,0.98156063424671924
354,0.2771317911580336,0,0,3.3572117310613359,1.0060748047971122,-0.98156063424671924,0.77385466785751467,-0.9041172563704748,0.4722043740395524,-0.76990267419430469,0.21770116761253624,-0.58731795428661759,0.066446372761601605,-0.36783149899818013,0.0064492119335574742,-0.12523340851146897,0.0064492118693255098,0.12523340851146886,0.066446372575490742,0.36783149899818024,0.21770116733907496,0.58731795428661748,0.47220437371679064,0.76990267419430469,0.77385466751818255,0.9041172563704748,1.0060748044547863,0.98156063424671924
355,0.27524554555540437,0,0,3.3654951335429431,1.0085571392993489,-0.98156063424671924,0.77576403496684887,-0.9041172563704748,0.47336946554612064,-0.76990267419430469,0.21823831168723509,-0.58731795428661759,0.066610318945290056,-0.36783149899818013,0.0064651243716845348,-0.12523340851146897,0.0064651243078781683,0.12523340851146886,0.06661031876042503,0.36783149899818024,0.21823831141559261,0.58731795428661748,0.47336946522544437,0.76990267419430469,0.77576403462975296,0.9041172563704748,1.0085571389592891,0.98156063424671924
356,0.27341986048844391,0,0,3.3734698937285241,1.0109469812030349,-0.98156063424671924,0.77760225843080677,-0.9041172563704748,0.47449114536063075,-0.76990267419430469,0.21875544159735341,-0.58731795428661759,0.066768156440345963,-0.36783149899818013,0.0064804439071425995,-0.12523340851146897,0.0064804438437483904,0.12523340851146886,0.06676815625668793,0.36783149899818024,0.21875544132747229,0.58731795428661748,0.47449114504197459,0.76990267419430469,0.77760225809587713,0.9041172563704748,1.010946980865171,0.98156063424671924
357,0.27165584432349532,0,0,3.3811351841285036,1.0132440825296471,-0.98156063424671924,0.77936914750876318,-0.9041172563704748,0.47556929709358292,-0.76990267419430469,0.21925250368364671,-0.58731795428661759,0.066919868868987736,-0.36783149899818013,0.0064951689503219756,-0.12523340851146897,0.0064951688873262281,0.12523340851146886,0.066919868686496423,0.36783149899818024,0.21925250341546834,0.58731795428661748,0.47556929677687998,0.76990267419430469,0.77936914717592887,0.9041172563704748,1.0132440821939077,0.98156063424671924
358,0.26995456798798978,0,0,3.3884903377870494,1.0154482434087257,-0.98156063424671924,0.78106454846395157,-0.9041172563704748,0.47660382693514863,-0.76990267419430469,0.2197294546968136,-0.58731795428661759,0.067065443030738706,-0.36783149899818013,0.0065092982199987581,-0.12523340851146897,0.0065092981573874713,0.12523340851146886,0.067065442849372964,0.36783149899818024,0.21972945443027861,0.58731795428661748,0.47660382662032952,0.76990267419430469,0.78106454813313964,0.9041172563704748,1.0154482430750378,0.98156063424671924
359,0.26831706432030067,0,0,3.3955348356460977,1.0175593082911796,-0.98156063424671924,0.78268834165080525,-0.9041172563704748,0.47759466187787231,-0.76990267419430469,0.22018626097810493,-0.58731795428661759,0.067204868652334104,-0.36783149899818013,0.006522830719060969,-0.12523340851146897,0.006522830656819998,0.12523340851146886,0.067204868472051982,0.36783149899818024,0.22018626071315378,0.58731795428661748,0.47759466156486763,0.76990267419430469,0.78268834132194043,0.9041172563704748,1.0175593079594676,0.98156063424671924
360,0.26674432744272381,0,0,3.4022682939156983,1.0195771621644834,-0.98156063424671924,0.78424043860375947,-0.9041172563704748,0.4785417479402635,-0.76990267419430469,0.22062289764034571,-0.58731795428661759,0.067338138137753231,-0.36783149899818013,0.0065357657102471604,-0.12523340851146897,0.0065357656483619663,0.12523340851146886,0.067338137958511984,0.36783149899818024,0.22062289737691668,0.58731795428661748,0.47854174762900303,0.76990267419430469,0.78424043827676215,0.9041172563704748,1.0195771618346705,0.98156063424671924
361,0.26523731215796703,0,0,3.4086904515061249,1.0215017267863902,-0.98156063424671924,0.78572077914027882,-0.9041172563704748,0.47944504839907826,-0.76990267419430469,0.22103934775295783,-0.58731795428661759,0.067465246319474356,-0.36783149899818013,0.0065481026920032335,-0.12523340851146897,0.0065481026304591529,0.12523340851146886,0.067465246141230645,0.36783149899818024,0.22103934749098811,0.58731795428661748,0.47944504808949007,0.76990267419430469,0.78572077881507196,0.9041172563704748,1.0215017264583981,0.98156063424671924
362,0.26379693336951676,0,0,3.4148011575762274,1.0233329569534735,-0.98156063424671924,0.7871293284906985,-0.9041172563704748,0.48030454203794565,-0.76990267419430469,0.2214356015345228,-0.58731795428661759,0.067586190212030009,-0.36783149899818013,0.006559841374562999,-0.12523340851146897,0.0065598413133450273,0.12523340851146886,0.067586190034739785,0.36783149899818024,0.22143560127394876,0.58731795428661748,0.48030454172995685,0.76990267419430469,0.78712932816720438,0.9041172563704748,1.0233329566272233,0.98156063424671924
363,0.26242406552623643,0,0,3.4206003592501957,1.0250708368201376,-0.98156063424671924,0.78846607446687234,-0.9041172563704748,0.48112022141968624,-0.76990267419430469,0.22181165555626539,-0.58731795428661759,0.067700968768895531,-0.36783149899818013,0.0065709816563518575,-0.12523340851146897,0.0065709815954448541,0.12523340851146886,0.067700968592514149,0.36783149899818024,0.22181165529702213,0.58731795428661748,0.48112022111322306,0.76990267419430469,0.78846607414501069,0.9041172563704748,1.0250708364955508,0.98156063424671924
364,0.26111954209153831,0,0,3.4260880895565902,1.0267153762842396,-0.98156063424671924,0.78973102468205536,-0.9041172563704748,0.48189209118989118,-0.76990267419430469,0.22216751195995044,-0.58731795428661759,0.067809582643776664,-0.36783149899818013,0.0065815236008178093,-0.12523340851146897,0.0065815235402063464,0.12523340851146886,0.067809582468258925,0.36783149899818024,0.22216751170197183,0.58731795428661748,0.48189209088487828,0.76990267419430469,0.78973102436174503,0.9041172563704748,1.0267153759612355,0.98156063424671924
365,0.25988415503745804,0,0,3.4312644556381957,1.0282666074538718,-0.98156063424671924,0.79092420383321427,-0.9041172563704748,0.48262016641859395,-0.76990267419430469,0.22250317769334099,-0.58731795428661759,0.067912033957257589,-0.36783149899818013,0.0065914674137824156,-0.12523340851146897,0.0065914673534509249,0.12523340851146886,0.067912033782557862,0.36783149899818024,0.22250317743655984,0.58731795428661748,0.48262016611495523,0.76990267419430469,0.79092420351437243,0.9041172563704748,1.0282666071323674,0.98156063424671924
366,0.25871865436394959,0,0,3.4361296272844895,1.0297245812108178,-0.98156063424671924,0.79204565105770186,-0.9041172563704748,0.48330447098731938,-0.76990267419430469,0.22281866376657625,-0.58731795428661759,0.068008326069834035,-0.36783149899818013,0.0066008134214117272,-0.12523340851146897,0.0066008133613444436,0.12523340851146886,0.068008325895906219,0.36783149899818024,0.22281866351092494,0.58731795428661748,0.48330447068497751,0.76990267419430469,0.79204565074024547,0.9041172563704748,1.0297245808907278,0.98156063424671924
367,0.2576237476437111,0,0,3.4406838258313357,1.0310893638840584,-0.98156063424671924,0.79309541737458034,-0.9041172563704748,0.48394503602778433,-0.76990267419430469,0.22311398453236322,-0.58731795428661759,0.068098463362214562,-0.36783149899818013,0.0066095620488925196,-0.12523340851146897,0.0066095619890735244,0.12523340851146886,0.068098463189011943,0.36783149899818024,0.22311398427777374,0.58731795428661748,0.48394503572666137,0.76990267419430469,0.79309541705842457,0.9041172563704748,1.0310893635652976,0.98156063424671924
368,0.25660009959284846,0,0,3.4449273134765241,1.0323610340479021,-0.98156063424671924,0.79407356322179623,-0.9041172563704748,0.4845418984190879,-0.76990267419430469,0.22338915699313455,-0.58731795428661759,0.068182451023852161,-0.36783149899818013,0.0066177137999074796,-0.12523340851146897,0.0066177137403206684,0.12523340851146886,0.068182450851327764,0.36783149899818024,0.22338915673953805,0.58731795428661748,0.48454189811910564,0.76990267419430469,0.79407356290685638,0.9041172563704748,1.0323610337303852,0.98156063424671924
369,0.25564833166769213,0,0,3.4488603830520206,1.0335396794569769,-0.98156063424671924,0.79498015609863293,-0.9041172563704748,0.4850950993491408,-0.76990267419430469,0.22364420013782113,-0.58731795428661759,0.068260294850515532,-0.36783149899818013,0.0066252692369875941,-0.12523340851146897,0.0066252691776167404,0.12523340851146886,0.06826029467862188,0.36783149899818024,0.22364419988514778,0.58731795428661748,0.48509509905021952,0.76990267419430469,0.79498015578482462,0.9041172563704748,1.0335396791406191,0.98156063424671924
370,0.25476902168810978,0,0,3.452483348296322,1.0346253941310903,-0.98156063424671924,0.79581526832343674,-0.9041172563704748,0.48560468294643466,-0.76990267419430469,0.22387913431105516,-0.58731795428661759,0.068332001051758171,-0.36783149899818013,0.0066322289628254023,-0.12523340851146897,0.0066322289036540799,0.12523340851146886,0.068332000880447386,0.36783149899818024,0.22387913405923485,0.58731795428661748,0.48560468264849499,0.76990267419430469,0.79581526801067448,0.9041172563704748,1.0346253938158039,0.98156063424671924
371,0.2539627034877352,0,0,3.4557965346634107,1.0356182756008949,-0.98156063424671924,0.79657897491503427,-0.9041172563704748,0.48607069498728955,-0.76990267419430469,0.22409398061716967,-0.58731795428661759,0.068397576069007968,-0.36783149899818013,0.0066385936026188662,-0.12523340851146897,0.0066385935436305528,0.12523340851146886,0.068397575898231783,0.36783149899818024,0.22409398036613129,0.58731795428661748,0.48607069469024933,0.76990267419430469,0.79657897460323068,0.9041172563704748,1.0356182752865895,0.98156063424671924
372,0.25322986659170504,0,0,3.4588002707064085,1.0365184223257813,-0.98156063424671924,0.7972713516066201,-0.9041172563704748,0.48649318168392919,-0.76990267419430469,0.22428876036146328,-0.58731795428661759,0.068457026405031415,-0.36783149899818013,0.0066443637875194363,-0.12523340851146897,0.0066443637286974586,0.12523340851146886,0.068457026234741147,0.36783149899818024,0.22428876011113549,0.58731795428661748,0.48649318138770631,0.76990267419430469,0.79727135129568805,0.9041172563704748,1.0365184220123673,0.98156063424671924
373,0.25257095592291784,0,0,3.4614948800636247,1.0373259312922898,-0.98156063424671924,0.79789247299849853,-0.9041172563704748,0.48687218855729103,-0.76990267419430469,0.22446349453052941,-0.58731795428661759,0.068510358465320317,-0.36783149899818013,0.0066495401392371771,-0.12523340851146897,0.0066495400805647586,0.12523340851146886,0.068510358295467005,0.36783149899818024,0.22446349428084073,0.58731795428661748,0.48687218826180328,0.76990267419430469,0.79789247268835028,0.9041172563704748,1.0373259309796765,0.98156063424671924
374,0.25198637153887288,0,0,3.4638806740754746,1.0380408958015799,-0.98156063424671924,0.79844241085624534,-0.9041172563704748,0.48720775939856814,-0.76990267419430469,0.22461820331349469,-0.58731795428661759,0.06855757841196497,-0.36783149899818013,0.0066541232558578424,-0.12523340851146897,0.0066541231973181562,0.12523340851146886,0.068557578242499403,0.36783149899818024,0.2246182030643733,0.58731795428661748,0.48720775910373249,0.76990267419430469,0.79844241054679277,0.9041172563704748,1.0380408954896763,0.98156063424671924
375,0.25147646840398774,0,0,3.4659579450378279,1.0386634034476236,-0.98156063424671924,0.79892123255557057,-0.9041172563704748,0.48749993532026709,-0.76990267419430469,0.22475290566452655,-0.58731795428661759,0.068598692030123545,-0.36783149899818013,0.0066581136988826178,-0.12523340851146897,0.0066581136404586967,0.12523340851146886,0.068598691860996208,0.36783149899818024,0.22475290541590012,0.58731795428661748,0.4874999350260002,0.76990267419430469,0.79892123224672551,0.9041172563704748,1.0386634031363384,0.98156063424671924
376,0.25104155621090157,0,0,3.4677269600681369,1.0391935342790322,-0.98156063424671924,0.79932899966842885,-0.9041172563704748,0.48774875389345546,-0.76990267419430469,0.22486761890507678,-0.58731795428661759,0.068633704606619675,-0.36783149899818013,0.006661511981444831,-0.12523340851146897,0.0066615119231196642,0.12523340851146886,0.068633704437780815,0.36783149899818024,0.22486761865687269,0.58731795428661748,0.48774875359967362,0.76990267419430469,0.79932899936010238,0.9041172563704748,1.0391935339682736,0.98156063424671924
377,0.25068189929457285,0,0,3.4691879554281138,1.0396313590977009,-0.98156063424671924,0.79966576665436717,-0.9041172563704748,0.48795424834922591,-0.76990267419430469,0.22496235835573136,-0.58731795428661759,0.068662620817576042,-0.36783149899818013,0.0066643185574038807,-0.12523340851146897,0.0066643184991603769,0.12523340851146886,0.068662620648975797,0.36783149899818024,0.22496235810787663,0.58731795428661748,0.48795424805584564,0.76990267419430469,0.79966576634646935,0.9041172563704748,1.0396313587873787,0.98156063424671924
378,0.25039771681403605,0,0,3.4703411306174674,1.0399769376888466,-0.98156063424671924,0.79993157949910021,-0.9041172563704748,0.48811644674795879,-0.76990267419430469,0.2250371369532139,-0.58731795428661759,0.068685444611517057,-0.36783149899818013,0.0066665338099992401,-0.12523340851146897,0.0066665337518202602,0.12523340851146886,0.06868544444310537,0.36783149899818024,0.2250371367056353,0.58731795428661748,0.48811644645489582,0.76990267419430469,0.79993157919154056,0.9041172563704748,1.0399769373788703,0.98156063424671924
379,0.25018918414531299,0,0,3.4711866384344656,1.0402303158423989,-0.98156063424671924,0.80012647342341858,-0.9041172563704748,0.48823537058130101,-0.76990267419430469,0.22509196460585451,-0.58731795428661759,0.068702179012646025,-0.36783149899818013,0.0066681580327567812,-0.12523340851146897,0.0066681579746251714,0.12523340851146886,0.068702178844372769,0.36783149899818024,0.22509196435847847,0.58731795428661748,0.48823537028847103,0.76990267419430469,0.80012647311610774,0.9041172563704748,1.0402303155326755,0.98156063424671924
380,0.25005644402705063,0,0,3.4717245364214717,1.0403915108024069,-0.98156063424671924,0.80025046169113534,-0.9041172563704748,0.48831102794280096,-0.76990267419430469,0.22512684504503541,-0.58731795428661759,0.068712825159849028,-0.36783149899818013,0.0066691913362155629,-0.12523340851146897,0.0066691912781141009,0.12523340851146886,0.068712824991663868,0.36783149899818024,0.22512684479778808,0.58731795428661748,0.48831102765011941,0.76990267419430469,0.80025046138398281,0.9041172563704748,1.0403915104928443,0.98156063424671924
381,0.25,0,0,3.4719531907058809,1.0404600329369402,-0.98156063424671924,0.80030316768616561,-0.9041172563704748,0.48834318902217239,-0.76990267419430469,0.22514167232093787,-0.58731795428661759,0.068717350715306061,-0.36783149899818013,0.006669630581701981,-0.12523340851146897,0.0066696305236133343,0.12523340851146886,0.068717350547158315,0.36783149899818024,0.22514167207374533,0.58731795428661748,0.48834318872955434,0.76990267419430469,0.80030316737908014,0.9041172563704748,1.040460032627446,0.98156063424671924
382,0.24994355597294937,0,0,3.472181802133707,1.0405285422283972,-0.98156063424671924,0.80035586380253221,-0.9041172563704748,0.48837534407360494,-0.76990267419430469,0.22515649681776981,-0.58731795428661759,0.068721875422540074,-0.36783149899818013,0.0066700697448607883,-0.12523340851146897,0.0066700696867849612,0.12523340851146886,0.068721875254429715,0.36783149899818024,0.22515649657063203,0.58731795428661748,0.48837534378105119,0.76990267419430469,0.80035586349551402,0.9041172563704748,1.0405285419189712,0.98156063424671924
383,0.24981081585468701,0,0,3.4727192615253863,1.0406896057520409,-0.98156063424671924,0.8004797509717585,-0.9041172563704748,0.48845093974503151,-0.76990267419430469,0.2251913488158741,-0.58731795428661759,0.068732512889007238,-0.36783149899818013,0.0066711022057767732,-0.12523340851146897,0.0066711021477311033,0.12523340851146886,0.068732512720984865,0.36783149899818024,0.22519134856886502,0.58731795428661748,0.48845093945262896,0.76990267419430469,0.80047975066489863,0.9041172563704748,1.040689605442775,0.98156063424671924
384,0.24960228318596395,0,0,3.4735631229926089,1.0409424905345612,-0.98156063424671924,0.80067426540394071,-0.9041172563704748,0.48856963201312353,-0.76990267419430469,0.22524606970960354,-0.58731795428661759,0.068749214705366699,-0.36783149899818013,0.0066727232658920057,-0.12523340851146897,0.0066727232078937181,0.12523340851146886,0.068749214537482575,0.36783149899818024,0.22524606946279654,0.58731795428661748,0.4885696317209583,0.76990267419430469,0.80067426509732931,0.9041172563704748,1.0409424902255466,0.98156063424671924
385,0.24931810070542718,0,0,3.474712171036662,1.0412868323205196,-0.98156063424671924,0.80093912692033875,-0.9041172563704748,0.4887312499134458,-0.76990267419430469,0.22532058067894026,-0.58731795428661759,0.068771956814309157,-0.36783149899818013,0.0066749305902302491,-0.12523340851146897,0.0066749305322964907,0.12523340851146886,0.06877195664661348,0.36783149899818024,0.22532058043240824,0.58731795428661748,0.48873124962160364,0.76990267419430469,0.80093912661406563,0.9041172563704748,1.0412868320118478,0.98156063424671924
386,0.24895844378909843,0,0,3.4761648282157758,1.041722158388936,-0.98156063424671924,0.80127397191246763,-0.9041172563704748,0.48893557157292039,-0.76990267419430469,0.22541477943336999,-0.58731795428661759,0.068800707994901053,-0.36783149899818013,0.0066777211485216665,-0.12523340851146897,0.0066777210906695597,0.12523340851146886,0.068800707827444019,0.36783149899818024,0.22541477918718583,0.58731795428661748,0.48893557128148613,0.76990267419430469,0.8012739716066225,0.9041172563704748,1.0417221580806988,0.98156063424671924
387,0.24852353159601226,0,0,3.47791911185214,1.0422478745794357,-0.98156063424671924,0.80167834336283805,-0.9041172563704748,0.48918231812050522,-0.76990267419430469,0.22552853740451262,-0.58731795428661759,0.068835429005724161,-0.36783149899818013,0.0066810911320369206,-0.12523340851146897,0.0066810910742835412,0.12523340851146886,0.068835428838555715,0.36783149899818024,0.22552853715874913,0.58731795428661748,0.48918231782956428,0.76990267419430469,0.80167834305751107,0.9041172563704748,1.0422478742717238,0.98156063424671924
388,0.24801362846112712,0,0,3.4799726307424805,1.0428632643064837,-0.98156063424671924,0.80215169008672838,-0.9041172563704748,0.48947115322452572,-0.76990267419430469,0.22566169953281681,-0.58731795428661759,0.06887607251977089,-0.36783149899818013,0.0066850359472681812,-0.12523340851146897,0.0066850358896305287,0.12523340851146886,0.068876072352940784,0.36783149899818024,0.22566169928754654,0.58731795428661748,0.48947115293416321,0.76990267419430469,0.80215168978200924,0.9041172563704748,1.042863263999388,0.98156063424671924
389,0.24742904407708216,0,0,3.4823225872733707,1.0435674891932951,-0.98156063424671924,0.80269336721977635,-0.9041172563704748,0.48980168339020153,-0.76990267419430469,0.22581408440472958,-0.58731795428661759,0.068922583166310919,-0.36783149899818013,0.006689550219992616,-0.12523340851146897,0.0066895501624876534,0.12523340851146886,0.068922582999868684,0.36783149899818024,0.22581408416002477,0.58731795428661748,0.48980168310050215,0.76990267419430469,0.80269336691575444,0.9041172563704748,1.043567488886906,0.98156063424671924
390,0.24677013340829496,0,0,3.4849657811221642,1.0443595901809162,-0.98156063424671924,0.80330263707106098,-0.9041172563704748,0.49017345848019561,-0.76990267419430469,0.22598548449268541,-0.58731795428661759,0.068974897604140425,-0.36783149899818013,0.0066946278023819446,-0.12523340851146897,0.0066946277450264978,0.12523340851146886,0.068974897438135396,0.36783149899818024,0.22598548424861825,0.58731795428661748,0.49017345819124375,0.76990267419430469,0.80330263676782487,0.9041172563704748,1.0443595898753222,0.98156063424671924
391,0.2460372965122648,0,0,3.487898613835501,1.045238488900289,-0.98156063424671924,0.80397867017847302,-0.9041172563704748,0.49058597235859813,-0.76990267419430469,0.22617566645200432,-0.58731795428661759,0.069032944612200386,-0.36783149899818013,0.0067002617817976872,-0.12523340851146897,0.0067002617246085354,0.12523340851146886,0.06903294444668169,0.36783149899818024,0.22617566620864665,0.58731795428661748,0.49058597207047799,0.76990267419430469,0.80397866987611122,0.9041172563704748,1.0452384885955794,0.98156063424671924
392,0.2452309783118902,0,0,3.491117094112834,1.0462029892555964,-0.98156063424671924,0.80472054652659564,-0.9041172563704748,0.49103866363407472,-0.76990267419430469,0.22638437146350587,-0.58731795428661759,0.069096645194148959,-0.36783149899818013,0.006706444490940891,-0.12523340851146897,0.0067064444339347117,0.12523340851146886,0.06909664502916546,0.36783149899818024,0.22638437122092908,0.58731795428661748,0.49103866334687013,0.76990267419430469,0.80472054622519595,0.9041172563704748,1.0462029889518603,0.98156063424671924
393,0.24435166833230787,0,0,3.4946168437382736,1.0472517792018921,-0.98156063424671924,0.80552725691402438,-0.9041172563704748,0.49153091649420277,-0.76990267419430469,0.22661131561816478,-0.58731795428661759,0.0691659126957654,-0.36783149899818013,0.0067131675192472163,-0.12523340851146897,0.006713167462440558,0.12523340851146886,0.0691659125313656,0.36783149899818024,0.22661131537643991,0.58731795428661748,0.49153091620799699,0.76990267419430469,0.80552725661367464,0.9041172563704748,1.0472517788992182,0.98156063424671924
394,0.24339990040715151,0,0,3.4983931041472163,1.0483834327129609,-0.98156063424671924,0.80639770446700731,-0.9041172563704748,0.49206206162909161,-0.76990267419430469,0.22685619034292939,-0.58731795428661759,0.069240652934917366,-0.36783149899818013,0.0067204217255013993,-0.12523340851146897,0.006720421668910727,0.12523340851146886,0.069240652771149436,0.36783149899818024,0.22685619010212671,0.58731795428661748,0.49206206134396696,0.76990267419430469,0.80639770416779633,0.9041172563704748,1.0483834324114354,0.98156063424671924
395,0.2423762523562889,0,0,3.5024407436167251,1.049596411936097,-0.98156063424671924,0.80733070629686954,-0.9041172563704748,0.49263137724273764,-0.76990267419430469,0.2271186628669874,-0.58731795428661759,0.069320764343874186,-0.36783149899818013,0.0067281972516500645,-0.12523340851146897,0.0067281971952916578,0.12523340851146886,0.069320764180785921,0.36783149899818024,0.22711866262717675,0.58731795428661748,0.49263137695877629,0.76990267419430469,0.80733070599888423,0.9041172563704748,1.0495964116358074,0.98156063424671924
396,0.24128134563605041,0,0,3.5067542650802181,1.0508890695339812,-0.98156063424671924,0.80832499530133572,-0.9041172563704748,0.49323809015218861,-0.76990267419430469,0.2273983767285164,-0.58731795428661759,0.06940613812397603,-0.36783149899818013,0.0067364835378136865,-0.12523340851146897,0.0067364834817037183,0.12523340851146886,0.069406137961614864,0.36783149899818024,0.22739837648976707,0.58731795428661748,0.49323808986947215,0.76990267419430469,0.80832499500466204,0.9041172563704748,1.0508890692350146,0.98156063424671924
397,0.24011584496254196,0,0,3.5113278145620708,1.0522596512123219,-0.98156063424671924,0.80937922210874946,-0.9041172563704748,0.49388137697390089,-0.76990267419430469,0.22769495232163212,-0.58731795428661759,0.069496658412572618,-0.36783149899818013,0.0067452693384895219,-0.12523340851146897,0.0067452692826440262,0.12523340851146886,0.069496658250985485,0.36783149899818024,0.22769495208401277,0.58731795428661748,0.49388137669251037,0.76990267419430469,0.80937922181347255,0.9041172563704748,1.0522596509147648,0.98156063424671924
398,0.23888045790846169,0,0,3.5161551902324542,1.0537062984333747,-0.98156063424671924,0.81049195716526223,-0.9041172563704748,0.49456036539733889,-0.76990267419430469,0.22800798748355741,-0.58731795428661759,0.069592202462237879,-0.36783149899818013,0.0067545427399460008,-0.12523340851146897,0.006754542684380852,0.12523340851146886,0.06959220230147127,0.36783149899818024,0.22800798724713606,0.58731795428661748,0.49456036511735424,0.76990267419430469,0.81049195687146702,0.9041172563704748,1.0537062981373142,0.98156063424671924
399,0.23757593447376357,0,0,3.5212298520780507,1.0552270513140201,-0.98156063424671924,0.81166169296398227,-0.9041172563704748,0.49527413554519462,-0.76990267419430469,0.22833705812172714,-0.58731795428661759,0.069692640832173899,-0.36783149899818013,0.0067642911788001608,-0.12523340851146897,0.00676429112353104,0.12523340851146886,0.069692640672273834,0.36783149899818024,0.22833705788657119,0.58731795428661748,0.49527413526669506,0.76990267419430469,0.81166169267175281,0.9041172563704748,1.0552270510195407,0.98156063424671924
400,0.23620306663048324,0,0,3.5265449321882607,1.0568198517082872,-0.98156063424671924,0.81288684641599918,-0.9041172563704748,0.49602172142018242,-0.76990267419430469,0.2286817188808061,-0.58731795428661759,0.069797837591796918,-0.36783149899818013,0.0067745014617774388,-0.12523340851146897,0.006774501406819935,0.12523340851146886,0.069797837432808929,0.36783149899818024,0.22868171864698239,0.58731795428661748,0.49602172114324639,0.76990267419430469,0.81288684612541862,0.9041172563704748,1.0568198514154727,0.98156063424671924
401,0.23476268784203297,0,0,3.5320932456498086,1.0584825464722034,-0.98156063424671924,0.81416576136164565,-0.9041172563704748,0.49680211243740602,-0.76990267419430469,0.22904150384915906,-0.58731795428661759,0.069907650536364815,-0.36783149899818013,0.0067851597866403664,-0.12523340851146897,0.0067851597320098067,0.12523340851146886,0.069907650378333894,0.36783149899818024,0.22904150361673373,0.58731795428661748,0.49680211216211079,0.76990267419430469,0.8141657610727957,0.9041172563704748,1.0584825461811365,0.98156063424671924
402,0.23325567255727619,0,0,3.537867302047311,1.0602128909102364,-0.98156063424671924,0.81549671122143885,-0.9041172563704748,0.49761425504195594,-0.76990267419430469,0.22941592730461444,-0.58731795428661759,0.070021931414597879,-0.36783149899818013,0.0067962517642810184,-0.12523340851146897,0.0067962517099926381,0.12523340851146886,0.070021931257568448,0.36783149899818024,0.22941592707365258,0.58731795428661748,0.49761425476837784,0.76990267419430469,0.81549671093440057,0.9041172563704748,1.0602128906209967,0.98156063424671924
403,0.23168293567969933,0,0,3.5438593175606119,1.0620085524005698,-0.98156063424671924,0.81687790178457886,-0.9041172563704748,0.49845705441044602,-0.76990267419430469,0.22980448449892552,-0.58731795428661759,0.070140526168110742,-0.36783149899818013,0.0068077624419602221,-0.12523340851146897,0.0068077623880289755,0.12523340851146886,0.070140526012126683,0.36783149899818024,0.22980448426949163,0.58731795428661748,0.49845705413866076,0.76990267419430469,0.81687790149943251,0.9041172563704748,1.0620085521132381,0.98156063424671924
404,0.23004543201201022,0,0,3.5500612276528072,1.0638671141973959,-0.98156063424671924,0.81830747413360294,-0.9041172563704748,0.49932937623563034,-0.76990267419430469,0.23020665248053596,-0.58731795428661759,0.070263275182535515,-0.36783149899818013,0.0068196763276810466,-0.12523340851146897,0.0068196762741218461,0.12523340851146886,0.070263275027640168,0.36783149899818024,0.23020665225269371,0.58731795428661748,0.49932937596571264,0.76990267419430469,0.81830747385042757,0.9041172563704748,1.0638671139120524,0.98156063424671924
405,0.22834415567650471,0,0,3.5564647003372714,1.0657860794067238,-0.98156063424671924,0.81978350770250408,-0.9041172563704748,0.50023004859246034,-0.76990267419430469,0.23062189095489183,-0.58731795428661759,0.07039001355010456,-0.36783149899818013,0.0068319774156750885,-0.12523340851146897,0.0068319773625025049,0.12523340851146886,0.070390013396340601,0.36783149899818024,0.23062189072870412,0.58731795428661748,0.50023004832448414,0.76990267419430469,0.81978350742137807,0.9041172563704748,1.0657860791234484,0.98156063424671924
406,0.22658013951155609,0,0,3.5630611500131693,1.0677628751325461,-0.98156063424671924,0.8213040234658906,-0.9041172563704748,0.501157863884102,-0.76990267419430469,0.23104964318161586,-0.58731795428661759,0.070520571343484453,-0.36783149899818013,0.0068446492129802259,-0.12523340851146897,0.0068446491602087468,0.12523340851146886,0.070520571190893916,0.36783149899818024,0.23104964295714492,0.58731795428661748,0.50115786361813908,0.76990267419430469,0.82130402318689033,0.9041172563704748,1.067762874851417,0.98156063424671924
407,0.22475445444459563,0,0,3.5698417518556043,1.0697948567892146,-0.98156063424671924,0.82286698725598528,-0.9041172563704748,0.50211158086596186,-0.76990267419430469,0.23148933690764947,-0.58731795428661759,0.070654773900588219,-0.36783149899818013,0.0068576747670843772,-0.12523340851146897,0.0068576747147282161,0.12523340851146886,0.07065477374921246,0.36783149899818024,0.23148933668495628,0.58731795428661748,0.50211158060208383,0.76990267419430469,0.82286698697918648,0.9041172563704748,1.0697948565103081,0.98156063424671924
408,0.2228682088419664,0,0,3.5767974567442979,1.0718793125752033,-0.98156063424671924,0.82447031320376551,-0.9041172563704748,0.5030899267454636,-0.76990267419430469,0.23194038533531466,-0.58731795428661759,0.070792442120045221,-0.36783149899818013,0.0068710366946033857,-0.12523340851146897,0.0068710366426765705,0.12523340851146886,0.070792441969924888,0.36783149899818024,0.23194038511445905,0.58731795428661748,0.50308992648374096,0.76990267419430469,0.82447031292924289,0.9041172563704748,1.0718793122985955,0.98156063424671924
409,0.22092254783604548,0,0,3.5839190067140314,1.0740134681032301,-0.98156063424671924,0.82611186730037045,-0.9041172563704748,0.50409159935521108,-0.76990267419430469,0.23240218812421071,-0.58731795428661759,0.070933392766998379,-0.36783149899818013,0.0068847172109614135,-0.12523340851146897,0.0068847171594777507,0.12523340851146886,0.070933392618173385,0.36783149899818024,0.2324021879052518,0.58731795428661748,0.50409159909571288,0.76990267419430469,0.82611186702819672,0.9041172563704748,1.0740134678289956,0.98156063424671924
410,0.21891865263004431,0,0,3.5911969509061983,1.0761944911805541,-0.98156063424671924,0.82778947107401513,-0.9041172563704748,0.50511526939663076,-0.76990267419430469,0.23287413242560559,-0.58731795428661759,0.071077438788819766,-0.36783149899818013,0.0068986981610338971,-0.12523340851146897,0.0068986981100069835,0.12523340851146886,0.071077438641329191,0.36783149899818024,0.23287413220860173,0.58731795428661748,0.50511526913942506,0.76990267419430469,0.82778947080426268,0.9041172563704748,1.0761944909087653,0.98156063424671924
411,0.216857739780909,0,0,3.5986216619998319,1.0784194967329495,-0.98156063424671924,0.82950090537742971,-0.9041172563704748,0.50615958275105921,-0.76990267419430469,0.23335559394792027,-0.58731795428661759,0.071224389640315106,-0.36783149899818013,0.0069129610507116463,-0.12523340851146897,0.0069129610001548132,0.12523340851146886,0.071224389494197307,0.36783149899818024,0.23335559373292811,0.58731795428661748,0.50615958249621285,0.76990267419430469,0.8295009051101695,0.9041172563704748,1.078419496463678,0.98156063424671924
412,0.21474106046075689,0,0,3.6061833530976517,1.0806855518650436,-0.98156063424671924,0.83124391428017752,-0.9041172563704748,0.50722316285482894,-0.76990267419430469,0.23384593805171758,-0.58731795428661759,0.071374051617934975,-0.36783149899818013,0.0069274870793389351,-0.12523340851146897,0.0069274870292652243,0.12523340851146886,0.071374051473227493,0.36783149899818024,0.23384593783879265,0.58731795428661748,0.50722316260240774,0.76990267419430469,0.83124391401547915,0.9041172563704748,1.0806855515983593,0.98156063424671924
413,0.21256989969729745,0,0,3.6138720950402741,1.0829896810489681,-0.98156063424671924,0.83301620905967133,-0.9041172563704748,0.50830461313457642,-0.76990267419430469,0.23434452087245697,-0.58731795428661759,0.071526228202459796,-0.36783149899818013,0.0069422571729741275,-0.12523340851146897,0.0069422571233963403,0.12523340851146886,0.071526228059199379,0.36783149899818024,0.23434452066165373,0.58731795428661748,0.50830461288464424,0.76990267419430469,0.8330162087976033,0.9041172563704748,1.0829896807849395,0.98156063424671924
414,0.2103455755936991,0,0,3.6216778341200908,1.0853288714327778,-0.98156063424671924,0.83481547228431474,-0.9041172563704748,0.50940251949876458,-0.76990267419430469,0.23485069046916526,-0.58731795428661759,0.071680720409595208,-0.36783149899818013,0.006957252018418127,-0.12523340851146897,0.0069572519693488046,0.12523340851146886,0.071680720267817799,0.36783149899818024,0.23485069026053731,0.58731795428661748,0.50940251925138358,0.76990267419430469,0.83481547202494355,0.9041172563704748,1.0853288711714733,0.98156063424671924
415,0.20806943852837573,0,0,3.6295904101624394,1.0877000782589388,-0.98156063424671924,0.83663936198130429,-0.9041172563704748,0.51051545288086664,-0.76990267419430469,0.23536378799692537,-0.58731795428661759,0.071837327147837193,-0.36783149899818013,0.0069724520979483999,-0.12523340851146897,0.0069724520493996958,0.12523340851146886,0.071837327007577764,0.36783149899818024,0.23536378779052475,0.58731795428661748,0.51051545263609832,0.76990267419430469,0.83663936172469544,0.9041172563704748,1.0877000780004242,0.98156063424671924
416,0.20574287033517868,0,0,3.6375995749416759,1.0901002303831757,-0.98156063424671924,0.83848551588162967,-0.9041172563704748,0.51164197182965676,-0.76990267419430469,0.23588314890108172,-0.58731795428661759,0.07199584558296504,-0.36783149899818013,0.0069878377246961566,-0.12523340851146897,0.0069878376766800152,0.12523340851146886,0.0719958454442578,0.36783149899818024,0.23588314869695881,0.58731795428661748,0.51164197158756131,0.76990267419430469,0.83848551562784746,0.9041172563704748,1.0901002301275156,0.98156063424671924
417,0.20336728346449179,0,0,3.6456950108950572,1.0925262358825705,-0.98156063424671924,0.840351555733721,-0.9041172563704748,0.51278062514138723,-0.76990267419430469,0.23640810413075752,-0.58731795428661759,0.072156071508429218,-0.36783149899818013,0.0070033890785959002,-0.12523340851146897,0.0070033890311239199,0.12523340851146886,0.072156071371307418,0.36783149899818024,0.23640810392896092,0.58731795428661748,0.51278062490202336,0.76990267419430469,0.84035155548282825,0.9041172563704748,1.0925262356298273,0.98156063424671924
418,0.20094412012573937,0,0,3.6538663500969935,1.094974987741683,-0.98156063424671924,0.84223509167711297,-0.9041172563704748,0.51392995452858781,-0.76990267419430469,0.23693798136925454,-0.58731795428661759,0.072317799720892223,-0.36783149899818013,0.0070190862428349491,-0.12523340851146897,0.0070190861959184185,0.12523340851146886,0.072317799585388032,0.36783149899818024,0.23693798116983222,0.58731795428661748,0.51392995429201271,0.76990267419430469,0.84223509142917008,0.9041172563704748,1.0949749874919186,0.98156063424671924
419,0.19847485141182739,0,0,3.6621031934526336,1.0974433696044013,-0.98156063424671924,0.84413372666666242,-0.9041172563704748,0.51508849731971507,-0.76990267419430469,0.23747210627867835,-0.58731795428661759,0.07248082440011025,-0.36783149899818013,0.0070349092407244211,-0.12523340851146897,0.0070349091943742517,0.12523340851146886,0.072480824266254976,0.36783149899818024,0.23747210608167738,0.58731795428661748,0.51508849708598414,0.76990267419430469,0.84413372642172835,0.9041172563704748,1.0974433693576751,0.98156063424671924
420,0.19596097640604915,0,0,3.6703951300691697,1.0999282615790531,-0.98156063424671924,0.84604506093773801,-0.9041172563704748,0.51625478918379974,-0.76990267419430469,0.23800980375608671,-0.58731795428661759,0.07264493949233293,-0.36783149899818013,0.007050838072911461,-0.12523340851146897,0.0070508380271383361,0.12523340851146886,0.072644939360156952,0.36783149899818024,0.23800980356155244,0.58731795428661748,0.5162547889529665,0.76990267419430469,0.84604506069586982,0.9041172563704748,1.0999282613354235,0.98156063424671924
421,0.19340402127199849,0,0,3.678731756759531,1.1024265460831892,-0.98156063424671924,0.84796669650191914,-0.9041172563704748,0.51742736687371249,-0.76990267419430469,0.23855039919822213,-0.58731795428661759,0.072809939096322829,-0.36783149899818013,0.0070668527548460279,-0.12523340851146897,0.0070668527096602145,0.12523340851146886,0.07280993896585565,0.36783149899818024,0.23855039900619873,0.58731795428661748,0.517427366645829,0.76990267419430469,0.84796669626317178,0.9041172563704748,1.1024265458427123,0.98156063424671924
422,0.19080553832704211,0,0,3.6871026976329881,1.1049351137144088,-0.98156063424671924,0.84989624166273392,-0.9041172563704748,0.51860477098165647,-0.76990267419430469,0.23909321977188119,-0.58731795428661759,0.072975617851095187,-0.36783149899818013,0.007082933354414362,-0.12523340851146897,0.0070829333098258365,0.12523340851146886,0.072975617722365188,0.36783149899818024,0.239093219582411,0.58731795428661748,0.51860477075677369,0.76990267419430469,0.84989624142716047,0.9041172563704748,1.1049351134771379,0.98156063424671924
423,0.18816710509991441,0,0,3.6954976237241701,1.1074508691327021,-0.98156063424671924,0.85183131554024782,-0.9041172563704748,0.51978554870006255,-0.76990267419430469,0.23963759568677434,-0.58731795428661759,0.073141771324418237,-0.36783149899818013,0.0070990600296465161,-0.12523340851146897,0.0070990599856648193,0.12523340851146886,0.073141771197452743,0.36783149899818024,0.23963759549989813,0.58731795428661748,0.519785548478229,0.76990267419430469,0.85183131530789991,0.9041172563704748,1.1074508688986897,0.98156063424671924
424,0.18549032337300614,0,0,3.7039062726114502,1.109970736939603,-0.98156063424671924,0.85376955259320386,-0.9041172563704748,0.52096825658098667,-0.76990267419430469,0.24018286146769546,-0.58731795428661759,0.073308196401102629,-0.36783149899818013,0.0071152130664031586,-0.12523340851146897,0.0071152130230375532,0.12523340851146886,0.073308196275927842,0.36783149899818024,0.24018286128345273,0.58731795428661748,0.5209682563622493,0.76990267419430469,0.85376955236413132,0.9041172563704748,1.1099707367088993,0.98156063424671924
425,0.18277681820992892,0,0,3.7123184679734615,1.1124916675388017,-0.98156063424671924,0.85570860712690056,-0.9041172563704748,0.52215146328680873,-0.76990267419430469,0.2407283572226811,-0.58731795428661759,0.073474691670066622,-0.36783149899818013,0.0071313729159438836,-0.12523340851146897,0.0071313728732031656,0.12523340851146886,0.073474691546707591,0.36783149899818024,0.24072835704110981,0.58731795428661748,0.5221514630712123,0.76990267419430469,0.85570860690115125,0.9041172563704748,1.1124916673114558,0.98156063424671924
426,0.18002823696894593,0,0,3.7207241390320047,1.1150106429627133,-0.98156063424671924,0.85764615777488196,-0.9041172563704748,0.5233337523249495,-0.76990267419430469,0.24127342990380166,-0.58731795428661759,0.073641057809152491,-0.36783149899818013,0.0071475202322768844,-0.12523340851146897,0.007147520190169579,0.12523340851146886,0.073641057687633432,0.36783149899818024,0.24127342972493809,0.58731795428661748,0.52333375211253652,0.76990267419430469,0.8576461575525014,0.9041172563704748,1.1150106427387736,0.98156063424671924
427,0.17724624830286725,0,0,3.7291133398282952,1.117524682649099,-0.98156063424671924,0.85957991194221484,-0.9041172563704748,0.52451372475914615,-0.76990267419430469,0.24181743455714555,-0.58731795428661759,0.073807097966644877,-0.36783149899818013,0.0071636359091888768,-0.12523340851146897,0.0071636358677230659,0.12523340851146886,0.073807097846988801,0.36783149899818024,0.2418174343810244,0.58731795428661748,0.52451372454995771,0.76990267419430469,0.8595799117232451,0.9041172563704748,1.1175246824286102,0.98156063424671924
428,0.17443254114601747,0,0,3.7374762682786304,1.1200308491515851,-0.98156063424671924,0.86150761019791278,-0.9041172563704748,0.52569000188970472,-0.76990267419430469,0.24235973555849993,-0.58731795428661759,0.073972618138422777,-0.36783149899818013,0.0071797011168509301,-0.12523340851146897,0.0071797010760343526,0.12523340851146886,0.073972618020651554,0.36783149899818024,0.24235973538515412,0.58731795428661748,0.52569000168377944,0.76990267419430469,0.86150760998239606,0.9041172563704748,1.1200308489345912,0.98156063424671924
429,0.17158882368889058,0,0,3.74580328495554,1.1225262537679197,-0.98156063424671924,0.86342703060409376,-0.9041172563704748,0.52686122789513756,-0.76990267419430469,0.24289970783123008,-0.58731795428661759,0.07413742753967871,-0.36783149899818013,0.0071956973378972189,-0.12523340851146897,0.0071956972977372056,0.12523340851146886,0.07413742742381306,0.36783149899818024,0.24289970766069072,0.58731795428661748,0.52686122769251231,0.76990267419430469,0.86342703039206992,0.9041172563704748,1.1225262535544622,0.98156063424671924
430,0.1687168223411144,0,0,3.754084931539643,1.1250080620695502,-0.98156063424671924,0.86533599296922747,-0.9041172563704748,0.52802607242748567,-0.76990267419430469,0.24343673804280413,-0.58731795428661759,0.074301338970120145,-0.36783149899818013,0.0072116064028710019,-0.12523340851146897,0.0072116063633745533,0.12523340851146886,0.074301338856179552,0.36783149899818024,0.24343673787510112,0.58731795428661748,0.52802607222819609,0.76990267419430469,0.86533599276073325,0.9041172563704748,1.1250080618596663,0.98156063424671924
431,0.16581828068335405,0,0,3.7623119488875894,1.1274734993161357,-0.98156063424671924,0.86723236301288731,-0.9041172563704748,0.52918323315364424,-0.76990267419430469,0.24397022577642466,-0.58731795428661759,0.074464169171572295,-0.36783149899818013,0.0072274105249332306,-0.12523340851146897,0.0072274104861069187,0.12523340851146886,0.074464169059575216,0.36783149899818024,0.24397022561158591,0.58731795428661748,0.5291832329577244,0.76990267419430469,0.86723236280795846,0.9041172563704748,1.1274734991098629,0.98156063424671924
432,0.1628949584087914,0,0,3.7704752946619506,1.1299198557388088,-0.98156063424671924,0.8691140564295341,-0.9041172563704748,0.53033143823507134,-0.76990267419430469,0.24449958467425334,-0.58731795428661759,0.074625739176911871,-0.36783149899818013,0.0072430923337295713,-0.12523340851146897,0.0072430922955796784,0.12523340851146886,0.074625739066875585,0.36783149899818024,0.24449958451230527,0.58731795428661748,0.53033143804255278,0.76990267419430469,0.86911405622820459,0.9041172563704748,1.1299198555361818,0.98156063424671924
433,0.15994863025482206,0,0,3.7785661604688547,1.1323444916759016,-0.98156063424671924,0.87097904283882732,-0.9041172563704748,0.53146944873825985,-0.76990267419430469,0.24502424354871505,-0.58731795428661759,0.074785874649256859,-0.36783149899818013,0.0072586349083119846,-0.12523340851146897,0.0072586348708443072,0.12523340851146886,0.074785874541197478,0.36783149899818024,0.24502424338968223,0.58731795428661748,0.53146944854917177,0.76990267419430469,0.87097904264113002,0.9041172563704748,1.1323444914769516,0.98156063424671924
434,0.15698108492561968,0,0,3.7865759884504353,1.1347448425453006,-0.98156063424671924,0.87282534961027169,-0.9041172563704748,0.53259606096852818,-0.76990267419430469,0.24554364745844939,-0.58731795428661759,0.074944406210366507,-0.36783149899818013,0.0072740218090126844,-0.12523340851146897,0.0072740217722326922,0.12523340851146886,0.074944406104299047,0.36783149899818024,0.24554364730235417,0.58731795428661748,0.53259606078289778,0.76990267419430469,0.87282534941623724,0.9041172563704748,1.1347448423500559,0.98156063424671924
435,0.15399412400622059,0,0,3.7944964872797113,1.1371184236377228,-0.98156063424671924,0.87465106555012062,-0.9041172563704748,0.53371010871975921,-0.76990267419430469,0.24605725874551043,-0.58731795428661759,0.075101169757214384,-0.36783149899818013,0.007289237108170506,-0.12523340851146897,0.0072892370720831793,0.12523340851146886,0.075101169653152541,0.36783149899818024,0.24605725859237376,0.58731795428661748,0.53371010853761125,0.76990267419430469,0.87465106535977666,0.9041172563704748,1.1371184234462108,0.98156063424671924
436,0.15098956086878876,0,0,3.8023196475070247,1.1394628347156721,-0.98156063424671924,0.87645434443880854,-0.9041172563704748,0.53481046543293476,-0.76990267419430469,0.24656455803052071,-0.58731795428661759,0.075256006765726829,-0.36783149899818013,0.0073042654196113178,-0.12523340851146897,0.0073042653842212589,0.12523340851146886,0.075256006663683095,0.36783149899818024,0.24656455788036188,0.58731795428661748,0.53481046525429221,0.76990267419430469,0.87645434425218005,0.9041172563704748,1.1394628345279187,0.98156063424671924
437,0.14796921957172482,0,0,3.8100377562086352,1.1417757644032664,-0.98156063424671924,0.87823340840752662,-0.9041172563704748,0.53589604625651432,-0.76990267419430469,0.24706504516257077,-0.58731795428661759,0.075408764580709803,-0.36783149899818013,0.0073190919267881226,-0.12523340851146897,0.0073190918920994592,0.12523340851146886,0.075408764480695431,0.36783149899818024,0.2470650450154071,0.58731795428661748,0.53589604608139818,0.76990267419430469,0.8782334082246358,0.9041172563704748,1.1417757642192949,0.98156063424671924
438,0.14493493375228741,0,0,3.817643410889676,1.1440549943526162,-0.98156063424671924,0.8799865511429259,-0.9041172563704748,0.53696581000193866,-0.76990267419430469,0.24755824012076785,-0.58731795428661759,0.075559296691018171,-0.36783149899818013,0.0073337024094885473,-0.12523340851146897,0.0073337023755050725,0.12523340851146886,0.075559296593043224,0.36783149899818024,0.24755823997661489,0.58731795428661748,0.5369658098303679,0.76990267419430469,0.87998655096379352,0.9041172563704748,1.1440549941724505,0.98156063424671924
439,0.14188854551339936,0,0,3.8251295325958741,1.1462984031730905,-0.98156063424671924,0.8817121409094385,-0.9041172563704748,0.53801876098784229,-0.76990267419430469,0.24804368386447598,-0.58731795428661759,0.07570746298906457,-0.36783149899818013,0.0073480832690226462,-0.12523340851146897,0.0073480832357476697,0.12523340851146886,0.075707462893137817,0.36783149899818024,0.24804368372334742,0.58731795428661748,0.53801876081983324,0.76990267419430469,0.88171214073408233,0.9041172563704748,1.1462984029967496,0.98156063424671924
440,0.1388319043053142,0,0,3.8324893781905209,1.1485039701104238,-0.98156063424671924,0.88340862337918247,-0.9041172563704748,0.53905395076685436,-0.76990267419430469,0.24852093912942685,-0.58731795428661759,0.075853130013806586,-0.36783149899818013,0.0073622215518068723,-0.12523340851146897,0.0073622215192432911,0.12523340851146886,0.075853129919935633,0.36783149899818024,0.24852093899133432,0.58731795428661748,0.53905395060242112,0.76990267419430469,0.88340862320761704,0.9041172563704748,1.1485039699379236,0.98156063424671924
441,0.13576686580282243,0,0,3.839716551755719,1.1506697784633932,-0.98156063424671924,0.88507452426000588,-0.9041172563704748,0.54007047972922728,-0.76990267419430469,0.24898959116704245,-0.58731795428661759,0.075996171176401867,-0.36783149899818013,0.0073761049712659978,-0.12523340851146897,0.0073761049394162068,0.12523340851146886,0.075996171084593264,0.36783149899818024,0.24898959103199597,0.58731795428661748,0.54007047956838272,0.76990267419430469,0.8850745240922443,0.9041172563704748,1.1506697782947468,0.98156063424671924
442,0.13269529077867859,0,0,3.8468050150797208,1.1527940187266177,-0.98156063424671924,0.88670845171287493,-0.9041172563704748,0.54106749857792047,-0.76990267419430469,0.24944924842449551,-0.58731795428661759,0.076136466967775318,-0.36783149899818013,0.0073897219279791945,-0.12523340851146897,0.0073897218968452111,0.12523340851146886,0.076136466878034048,0.36783149899818024,0.24944924829250331,0.58731795428661748,0.54106749842067481,0.76990267419430469,0.88670845154892697,0.9041172563704748,1.1527940185618371,0.98156063424671924
443,0.12961904397393359,0,0,3.8537490971947781,1.1548749914488241,-0.98156063424671924,0.88830909855039708,-0.9041172563704748,0.54204420967013323,-0.76990267419430469,0.24989954316319948,-0.58731795428661759,0.076273905147392698,-0.36783149899818013,0.0074030615280024263,-0.12523340851146897,0.007403061497585732,0.12523340851146886,0.076273905059722549,0.36783149899818024,0.24989954303426776,0.58731795428661748,0.54204420951649379,0.76990267419430469,0.88830909839027183,0.9041172563704748,1.154874991287919,0.98156063424671924
444,0.12653999296585777,0,0,3.8605435029333366,1.1569111097969296,-0.98156063424671924,0.88987524420906683,-0.9041172563704748,0.5429998682207664,-0.76990267419430469,0.25034013201364175,-0.58731795428661759,0.076408380912606405,-0.36783149899818013,0.0074161135993047545,-0.12523340851146897,0.0074161135696064499,0.12523340851146886,0.076408380827009931,0.36783149899818024,0.25034013188777493,0.58731795428661748,0.5429998680707383,0.76990267419430469,0.88987524405277185,0.9041172563704748,1.1569111096399065,0.98156063424671924
445,0.12346000703414223,0,0,3.8671833204734218,1.1589009018172083,-0.98156063424671924,0.89140575648851939,-0.9041172563704748,0.54393378336370901,-0.76990267419430469,0.25077069646467015,-0.58731795428661759,0.076539797047994698,-0.36783149899818013,0.0074288687062631876,-0.12523340851146897,0.0074288686772838886,0.12523340851146886,0.076539796964473078,0.36783149899818024,0.25077069634187099,0.58731795428661748,0.54393378321729502,0.76990267419430469,0.89140575633605856,0.9041172563704748,1.1589009016640697,0.98156063424671924
446,0.12038095602606641,0,0,3.8736640278475911,1.1608430123858662,-0.98156063424671924,0.89289959305187416,-0.9041172563704748,0.5448453190673459,-0.76990267419430469,0.25119094328557184,-0.58731795428661759,0.076668064054187704,-0.36783149899818013,0.0074413181621662576,-0.12523340851146897,0.0074413181339062374,0.12523340851146886,0.076668063972740785,0.36783149899818024,0.25119094316584145,0.58731795428661748,0.54484531892454668,0.76990267419430469,0.89289959290324961,0.9041172563704748,1.1608430122366136,0.98156063424671924
447,0.11730470922132141,0,0,3.8799814983933469,1.1627362048424001,-0.98156063424671924,0.89435580268208648,-0.9041172563704748,0.54573389490118018,-0.76990267419430469,0.2516006048795098,-0.58731795428661759,0.076793100255742583,-0.36783149899818013,0.0074534540396844666,-0.12523340851146897,0.0074534540121434329,0.12523340851146886,0.076793100176368964,0.36783149899818024,0.25160060476284701,0.58731795428661748,0.54573389476199397,0.76990267419430469,0.89435580253729607,0.9041172563704748,1.1627362046970293,0.98156063424671924
448,0.11423313419717757,0,0,3.8861320051264636,1.1645793623001748,-0.98156063424671924,0.89577352629001905,-0.9041172563704748,0.54659898665095719,-0.76990267419430469,0.25199943956711451,-0.58731795428661759,0.076914831887701055,-0.36783149899818013,0.0074652691792712993,-0.12523340851146897,0.0074652691524485079,0.12523340851146886,0.076914831810398057,0.36783149899818024,0.25199943945351599,0.58731795428661748,0.54659898651537997,0.76990267419430469,0.89577352614905892,0.9041172563704748,1.1645793621586806,0.98156063424671924
449,0.1111680956946858,0,0,3.8921122240227541,1.1663714886298895,-0.98156063424671924,0.89715199767090692,-0.9041172563704748,0.54744012678025611,-0.76990267419430469,0.25238723179929301,-0.58731795428661759,0.077033193160542718,-0.36783149899818013,0.0074767571954676105,-0.12523340851146897,0.0074767571693617431,0.12523340851146886,0.077033193085306359,0.36783149899818024,0.25238723168875365,0.58731795428661748,0.54744012664828212,0.76990267419430469,0.89715199753377295,0.9041172563704748,1.166371488492266,0.98156063424671924
450,0.10811145448660064,0,0,3.8979192361972452,1.1681117091126252,-0.98156063424671924,0.89849054400667017,-0.9041172563704748,0.54825690473700095,-0.76990267419430469,0.25276379229853962,-0.58731795428661759,0.077148126303315218,-0.36783149899818013,0.0074879124810876604,-0.12523340851146897,0.0074879124556970428,0.12523340851146886,0.077148126230140418,0.36783149899818024,0.25276379219105249,0.58731795428661748,0.5482569046086222,0.76990267419430469,0.89849054387335392,0.9041172563704748,1.1681117089788633,0.98156063424671924
451,0.10506506624771259,0,0,3.9035505289740415,1.1697992707604541,-0.98156063424671924,0.89978858611252244,-0.9041172563704748,0.54904896710394047,-0.76990267419430469,0.25312895812831149,-0.58731795428661759,0.077259581584809486,-0.36783149899818013,0.0074987302092745034,-0.12523340851146897,0.0074987301845969778,0.12523340851146886,0.077259581513689793,0.36783149899818024,0.25312895802386759,0.58731795428661748,0.54904896697914674,0.76990267419430469,0.89978858598301192,0.9041172563704748,1.169799270630544,0.98156063424671924
452,0.10203078042827518,0,0,3.9090039958435896,1.1714335423036357,-0.98156063424671924,0.9010456384271176,-0.9041172563704748,0.54981601759263699,-0.76990267419430469,0.25348259269025758,-0.58731795428661759,0.077367517312713754,-0.36783149899818013,0.0075092063334177865,-0.12523340851146897,0.0075092063094508053,0.12523340851146886,0.077367517243641479,0.36783149899818024,0.25348259258884603,0.58731795428661748,0.5498160174714154,0.76990267419430469,0.90104563830139983,0.9041172563704748,1.1714335421775639,0.98156063424671924
453,0.099010439131211242,0,0,3.9142779353086508,1.173014013844782,-0.98156063424671924,0.90226130874654464,-0.9041172563704748,0.55055781688114824,-0.76990267419430469,0.25382458564938515,-0.58731795428661759,0.077471899810772987,-0.36783149899818013,0.0075193375849369444,-0.12523340851146897,0.0075193375616774945,0.12523340851146886,0.077471899743739164,0.36783149899818024,0.25382458555099324,0.58731795428661748,0.5505578167634837,0.76990267419430469,0.90226130862460419,0.9041172563704748,1.1730140137225333,0.98156063424671924
454,0.09600587599377941,0,0,3.9193710486236415,1.1745402961813893,-0.98156063424671924,0.90343529770323105,-0.9041172563704748,0.55127418229605629,-0.76990267419430469,0.25415485278746497,-0.58731795428661759,0.077572703374045496,-0.36783149899818013,0.0075291214689383826,-0.12523340851146897,0.0075291214463830518,0.12523340851146886,0.077572703309039939,0.36783149899818024,0.25415485269207794,0.58731795428661748,0.55127418218193225,0.76990267419430469,0.90343529758505048,0.9041172563704748,1.1745402960629472,0.98156063424671924
455,0.093018915074380315,0,0,3.924282436436306,1.1760121197994369,-0.98156063424671924,0.90456739799183217,-0.9041172563704748,0.55196498734010735,-0.76990267419430469,0.25447333578525805,-0.58731795428661759,0.077669910202434481,-0.36783149899818013,0.0075385562577642189,-0.12523340851146897,0.007538556235909084,0.12523340851146886,0.077669910139445644,0.36783149899818024,0.25447333569285935,0.58731795428661748,0.55196498722950493,0.76990267419430469,0.90456739787739115,0.9041172563704748,1.1760121196847821,0.98156063424671924
456,0.090051369745177939,0,0,3.9290115943444119,1.1774293335418298,-0.98156063424671924,0.90565749334502643,-0.9041172563704748,0.55263016106724405,-0.76990267419430469,0.25478000193438594,-0.58731795428661759,0.077763510312745601,-0.36783149899818013,0.0075476409824565627,-0.12523340851146897,0.0075476409612973234,0.12523340851146886,0.077763510251760773,0.36783149899818024,0.25478000184495736,0.58731795428661748,0.55263016096014184,0.76990267419430469,0.90565749323430267,0.9041172563704748,1.1774293334309411,0.98156063424671924
457,0.087105041591208604,0,0,3.9335584073839742,1.1787919029566558,-0.98156063424671924,0.90670555726302249,-0.9041172563704748,0.55326968730735326,-0.76990267419430469,0.25507484377991491,-0.58731795428661759,0.077853501429597252,-0.36783149899818013,0.0075563754221695109,-0.12523340851146897,0.0075563754017013438,0.12523340851146886,0.07785350137060236,0.36783149899818024,0.2550748436934363,0.58731795428661748,0.5532696872037276,0.76990267419430469,0.90670555715599099,0.9041172563704748,1.1787919028495095,0.98156063424671924
458,0.084181719316645948,0,0,3.9379231434692299,1.1800999083313044,-0.98156063424671924,0.90771165150143795,-0.9041172563704748,0.55388360374357459,-0.76990267419430469,0.25535787869496596,-0.58731795428661759,0.077939888855583575,-0.36783149899818013,0.0075647600915671751,-0.12523340851146897,0.0075647600717849012,0.12523340851146886,0.077939888798563478,0.36783149899818024,0.25535787861141512,0.58731795428661748,0.5538836036433995,0.76990267419430469,0.90771165139807108,0.9041172563704748,1.1800999082278756,0.98156063424671924
459,0.081283177658885597,0,0,3.9421064458082693,1.1813535424196173,-0.98156063424671924,0.90867592432306477,-0.9041172563704748,0.55447200084553061,-0.76990267419430469,0.25562914838889972,-0.58731795428661759,0.078022685321163784,-0.36783149899818013,0.0075727962262542511,-0.12523340851146897,0.0075727962071521892,0.12523340851146886,0.078022685266102079,0.36783149899818024,0.25562914830825301,0.58731795428661748,0.55447200074877756,0.76990267419430469,0.90867592422333365,0.9041172563704748,1.1813535423198775,0.98156063424671924
460,0.078411176311109415,0,0,3.946109324321518,1.1825531078702145,-0.98156063424671924,0.90959860851978536,-0.9041172563704748,0.55503502066230315,-0.76990267419430469,0.25588871835084132,-0.58731795428661759,0.078101910814815462,-0.36783149899818013,0.0075804857662907345,-0.12523340851146897,0.0075804857478628538,0.12523340851146886,0.078101910761694565,0.36783149899818024,0.25588871827307325,0.58731795428661748,0.55503502056894216,0.76990267419430469,0.90959860842365925,0.9041172563704748,1.1825531077741334,0.98156063424671924
461,0.075567458853982528,0,0,3.9499331460940299,1.183699014365279,-0.98156063424671924,0.91048001921177579,-0.9041172563704748,0.55557285547951407,-0.76990267419430469,0.25613667723055134,-0.58731795428661759,0.078177592394065201,-0.36783149899818013,0.0075878313378508816,-0.12523340851146897,0.0075878313200906664,0.12523340851146886,0.078177592342866392,0.36783149899818024,0.25613667715563443,0.58731795428661748,0.5555728553895124,0.76990267419430469,0.91048001911922161,0.9041172563704748,1.1836990142728232,0.98156063424671924
462,0.072753751697132746,0,0,3.9535796248950157,1.184791775479813,-0.98156063424671924,0.91132055143170254,-0.9041172563704748,0.55608574634520691,-0.76990267419430469,0.25637313615881058,-0.58731795428661759,0.07824976397805769,-0.36783149899818013,0.0075948362330901216,-0.12523340851146897,0.007594836215990654,0.12523340851146886,0.078249763928761026,0.36783149899818024,0.25637313608671536,0.58731795428661748,0.55608574625853036,0.76990267419430469,0.9113205513426853,0.9041172563704748,1.1847917753909463,0.98156063424671924
463,0.069971763031054068,0,0,3.9570508098020194,1.185832005272581,-0.98156063424671924,0.91212067750253845,-0.9041172563704748,0.5565739814697942,-0.76990267419430469,0.25659822800974574,-0.58731795428661759,0.078318466122404146,-0.36783149899818013,0.0076015043882921227,-0.12523340851146897,0.0076015043718460386,0.12523340851146886,0.078318466074988435,0.36783149899818024,0.2565982279404414,0.58731795428661748,0.55657398138640757,0.76990267419430469,0.9121206774170193,0.9041172563704748,1.1858320051872653,0.98156063424671924
464,0.067223181790071085,0,0,3.9603490729690458,1.1868204146205164,-0.98156063424671924,0.91288094421805011,-0.9041172563704748,0.55703789450560137,-0.76990267419430469,0.25681210660764386,-0.58731795428661759,0.07838374577708708,-0.36783149899818013,0.0076078403603712687,-0.12523340851146897,0.0076078403445708053,0.12523340851146886,0.078383745731530036,0.36783149899818024,0.2568121065410971,0.58731795428661748,0.55703789442546636,0.76990267419430469,0.91288094413598841,0.9041172563704748,1.1868204145387089,0.98156063424671924
465,0.064509676626993862,0,0,3.9634770965811814,1.187757807309334,-0.98156063424671924,0.91360196983577346,-0.9041172563704748,0.55747786271198363,-0.76990267419430469,0.25701494588101287,-0.58731795428661759,0.07844565602826499,-0.36783149899818013,0.0076138493018125357,-0.12523340851146897,0.0076138492866494661,0.12523340851146886,0.078445655984542922,0.36783149899818024,0.2570149458171887,0.58731795428661748,0.55747786263505938,0.76990267419430469,0.91360196975712449,0.9041172563704748,1.1877578072309918,0.98156063424671924
466,0.061832894900085589,0,0,3.9664378590406479,1.1886450758938294,-0.98156063424671924,0.91428444089282412,-0.9041172563704748,0.55789430501234205,-0.76990267419430469,0.2572069389668053,-0.58731795428661759,0.078504255824864339,-0.36783149899818013,0.0076195369341347016,-0.12523340851146897,0.0076195369196005343,0.12523340851146886,0.078504255782952587,0.36783149899818024,0.2572069389056677,0.58731795428661748,0.55789430493858572,0.76990267419430469,0.91428444081754245,0.9041172563704748,1.1886450758189078,0.98156063424671924
467,0.059194461672957888,0,0,3.9692346204310445,1.1894831973418654,-0.98156063424671924,0.91492910885533274,-0.9041172563704748,0.55828767994961626,-0.76990267419430469,0.25738829726783552,-0.58731795428661759,0.07855960969088617,-0.36783149899818013,0.0076249095199673227,-0.12523340851146897,0.007624909506053084,0.12523340851146886,0.078559609650759088,0.36783149899818024,0.25738829720934686,0.58731795428661748,0.55828767987898309,0.76990267419430469,0.91492910878337219,0.9041172563704748,1.1894831972703162,0.98156063424671924
468,0.056595978728001511,0,0,3.9718709073089746,1.1902732284767898,-0.98156063424671924,0.915536786612835,-0.9041172563704748,0.55865848354716952,-0.76990267419430469,0.25755924946658015,-0.58731795428661759,0.078611787424400129,-0.36783149899818013,0.0076299738338352152,-0.12523340851146897,0.007629973820531653,0.12523340851146886,0.078611787386030862,0.36783149899818024,0.25755924941070069,0.58731795428661748,0.55865848347961233,0.76990267419430469,0.9155367865441465,0.9041172563704748,1.1902732284085631,0.98156063424671924
469,0.054039023593950852,0,0,3.9743504968740329,1.1910163012335682,-0.98156063424671924,0.91610834482937198,-0.9041172563704748,0.5590072470822387,-0.76990267419430469,0.2577200404986677,-0.58731795428661759,0.078660863784234786,-0.36783149899818013,0.0076347371317491584,-0.12523340851146897,0.0076347371190465824,0.12523340851146886,0.078660863747595275,0.36783149899818024,0.25772004044535596,0.58731795428661748,0.55900724701770821,0.76990267419430469,0.91610834476390368,0.9041172563704748,1.1910163011686123,0.98156063424671924
470,0.051525148588172615,0,0,3.9766774005691721,1.1917136177442076,-0.98156063424671924,0.91664470816329247,-0.9041172563704748,0.55933453477926276,-0.76990267419430469,0.25787093048942983,-0.58731795428661759,0.078706918165393769,-0.36783149899818013,0.0076392071197019596,-0.12523340851146897,0.0076392071075904004,0.12523340851146886,0.078706918130455161,0.36783149899818024,0.25787093043864356,0.58731795428661748,0.55933453471770855,0.76990267419430469,0.9166447081009913,0.9041172563704748,1.1917136176824679,0.98156063424671924
471,0.049055879874260633,0,0,3.9788558471656423,1.1923664452687248,-0.98156063424671924,0.9171468513682397,-0.9041172563704748,0.55964094143071896,-0.76990267419430469,0.25801219365703232,-0.58731795428661759,0.07875003426427081,-0.36783149899818013,0.0076433919211747947,-0.12523340851146897,0.0076433919096437763,0.12523340851146886,0.078750034231003102,0.36783149899818024,0.25801219360872713,0.58731795428661748,0.55964094137208809,0.76990267419430469,0.91714685130905116,0.9041172563704748,1.1923664452101477,0.98156063424671924
472,0.046632716535508212,0,0,3.9808902653867499,1.1929761109879145,-0.98156063424671924,0.91761579528783954,-0.9041172563704748,0.5599270899530876,-0.76990267419430469,0.25814411718569652,-0.58731795428661759,0.078790299734736821,-0.36783149899818013,0.0076473000437571473,-0.12523340851146897,0.0076473000327959154,0.12523340851146886,0.07879029970310894,0.36783149899818024,0.2581441171398266,0.58731795428661748,0.55992708989732587,0.76990267419430469,0.91761579523170644,0.9041172563704748,1.1929761109324415,0.98156063424671924
473,0.044257129664821315,0,0,3.982785266126923,1.1935439966748305,-0.98156063424671924,0.91805260275710487,-0.9041172563704748,0.56019362888589852,-0.76990267419430469,0.25826700007268083,-0.58731795428661759,0.078827805836217402,-0.36783149899818013,0.0076509403449897886,-0.12523340851146897,0.0076509403345872062,0.12523340851146886,0.078827805806197249,0.36783149899818024,0.25826700002919895,0.58731795428661748,0.56019362883295032,0.76990267419430469,0.91805260270396738,0.9041172563704748,1.1935439966224015,0.98156063424671924
474,0.041930561471624272,0,0,3.9845456243214294,1.1940715332615792,-0.98156063424671924,0.91845837442330969,-0.9041172563704748,0.5604412298416378,-0.76990267419430469,0.2583811519526073,-0.58731795428661759,0.078862647074855768,-0.36783149899818013,0.0076543219975363334,-0.12523340851146897,0.0076543219876809522,0.12523340851146886,0.0788626470464103,0.36783149899818024,0.25838115191146455,0.58731795428661748,0.56044122979144562,0.76990267419430469,0.91845837437310618,0.9041172563704748,1.1940715332121334,0.98156063424671924
475,0.039654424406300903,0,0,3.9861762605245263,1.1945601953187437,-0.98156063424671924,0.91883424449965845,-0.9041172563704748,0.56067058491464672,-0.76990267419430469,0.25848689190288182,-0.58731795428661759,0.078894920838905383,-0.36783149899818013,0.0076574544537948985,-0.12523340851146897,0.0076574544444748989,0.12523340851146886,0.07889492081200046,0.36783149899818024,0.25848689186402785,0.58731795428661748,0.5606705848671516,0.76990267419430469,0.91883424445232609,0.9041172563704748,1.1945601952722176,0.98156063424671924
476,0.037430100302702551,0,0,3.9876822222522024,1.1950114954642526,-0.98156063424671924,0.91918137646469122,-0.9041172563704748,0.5608824040569087,-0.76990267419430469,0.25858454723384827,-0.58731795428661759,0.078924727029462696,-0.36783149899818013,0.0076603474100573688,-0.12523340851146897,0.0076603474012606892,0.12523340851146886,0.078924727004063347,0.36783149899818024,0.25858454719723117,0.58731795428661748,0.56088240401204947,0.76990267419430469,0.91918137642016451,0.9041172563704748,1.1950114954205799,0.98156063424671924
477,0.035258939539243112,0,0,3.9890686651472005,1.1954269787189957,-0.98156063424671924,0.91950095872072335,-0.9041172563704748,0.56107741242883924,-0.76990267419430469,0.25867445226741925,-0.58731795428661759,0.078952167687683025,-0.36783149899818013,0.0076630107703275011,-0.12523340851146897,0.0076630107620416586,0.12523340851146886,0.078952167663753348,0.36783149899818024,0.25867445223298557,0.58731795428661748,0.56107741238655262,0.76990267419430469,0.91950095867893555,0.9041172563704748,1.1954269786781071,0.98156063424671924
478,0.033142260219091002,0,0,3.9903408340222368,1.1958082168259376,-0.98156063424671924,0.91979420022421154,-0.9041172563704748,0.56125634773294331,-0.76990267419430469,0.25875694710780839,-0.58731795428661759,0.078977346619585595,-0.36783149899818013,0.0076654546099047486,-0.12523340851146897,0.0076654546021169782,0.12523340851146886,0.078977346597088716,0.36783149899818024,0.25875694707550323,0.58731795428661748,0.56125634769316468,0.76990267419430469,0.91979420018509439,0.9041172563704748,1.1958082167877644,0.98156063424671924
479,0.031081347369955686,0,0,3.9915040438390936,1.1961568025500129,-0.98156063424671924,0.92006232610133354,-0.9041172563704748,0.56141995753845386,-0.76990267419430469,0.25883237640810258,-0.58731795428661759,0.079000369019588859,-0.36783149899818013,0.0076676891388450918,-0.12523340851146897,0.0076676891315423804,0.12523340851146886,0.079000368998487169,0.36783149899818024,0.25883237637787004,0.58731795428661748,0.56141995750111739,0.76990267419430469,0.92006232606481742,0.9041172563704748,1.1961568025144833,0.98156063424671924
480,0.02907745216395452,0,0,3.9925636606779662,1.1964743439751058,-0.98156063424671924,0.92030657326132714,-0.9041172563704748,0.56156899660460036,-0.76990267419430469,0.25890108813620533,-0.58731795428661759,0.07902134109385385,-0.36783149899818013,0.0076697246654031511,-0.12523340851146897,0.0076697246585721709,0.12523340851146886,0.079021341074108811,0.36783149899818024,0.25890108810798879,0.58731795428661748,0.56156899656963899,0.76990267419430469,0.92030657322734133,0.9041172563704748,1.1964743439421366,0.98156063424671924
481,0.027131791158033602,0,0,3.9935250827532793,1.1967624588149446,-0.98156063424671924,0.92052818602053355,-0.9041172563704748,0.56170422421041033,-0.76990267419430469,0.25896343234378955,-0.58731795428661759,0.079040369684546155,-0.36783149899818013,0.007671571559563487,-0.12523340851146897,0.0076715715531905839,0.12523340851146886,0.079040369666118312,0.36783149899818024,0.25896343231753366,0.58731795428661748,0.56170422417775523,0.76990267419430469,0.92052818598900499,0.9041172563704748,1.1967624587844605,0.98156063424671924
482,0.02524554555540437,0,0,3.9943937215294762,1.1970227687539703,-0.98156063424671924,0.92072841174949338,-0.9041172563704748,0.56182640149857688,-0.76990267419430469,0.25901975994173837,-0.58731795428661759,0.07905756189607771,-0.36783149899818013,0.0076732402167639839,-0.12523340851146897,0.0076732402108352091,0.12523340851146886,0.079057561878926819,0.36783149899818024,0.25901975991738319,0.58731795428661748,0.56182640146815777,0.76990267419430469,0.92072841172034814,0.9041172563704748,1.1970227687258974,0.98156063424671924
483,0.023419860488443911,0,0,3.995174982990239,1.1972568938341694,-0.98156063424671924,0.92090849655540319,-0.9041172563704748,0.56193628884090363,-0.76990267419430469,0.25907042148553189,-0.58731795428661759,0.07907302472438428,-0.36783149899818013,0.007674741021913946,-0.12523340851146897,0.007674741016415073,0.12523340851146886,0.079073024708469372,0.36783149899818024,0.25907042146301307,0.58731795428661748,0.56193628881264834,0.76990267419430469,0.92090849652856477,0.9041172563704748,1.1972568938084307,0.98156063424671924
484,0.021655844323495294,0,0,3.9958742491129722,1.1974664469034328,-0.98156063424671924,0.92106968101188991,-0.9041172563704748,0.56203464323262153,-0.76990267419430469,0.25911576597393804,-0.58731795428661759,0.079086864690266323,-0.36783149899818013,0.0076760843138065403,-0.12523340851146897,0.0076760843087231049,0.12523340851146886,0.079086864675545918,0.36783149899818024,0.25911576595319313,0.58731795428661748,0.5620346432064568,0.76990267419430469,0.92106968098728037,0.9041172563704748,1.1974664468799501,0.98156063424671924
485,0.01995456798798978,0,0,3.9964968595987793,1.1976530281404703,-0.98156063424671924,0.9212131959476737,-0.9041172563704748,0.56212221572264121,-0.76990267419430469,0.25915613966428497,-0.58731795428661759,0.079099187477786298,-0.36783149899818013,0.0076772803500220806,-0.12523340851146897,0.0076772803453393022,0.12523340851146886,0.079099187464218096,0.36783149899818024,0.25915613964525114,0.58731795428661748,0.56212221569849385,0.76990267419430469,0.92121319592521422,0.9041172563704748,1.1976530281191631,0.98156063424671924
486,0.018317064320300669,0,0,3.9970480939078334,1.1978182196712468,-0.98156063424671924,0.92134025830562816,-0.9041172563704748,0.56219974888676261,-0.76990267419430469,0.25919188490752915,-0.58731795428661759,0.079110097578710334,-0.36783149899818013,0.0076783392724178098,-0.12523340851146897,0.0076783392681207766,0.12523340851146886,0.07911009756625112,0.36783149899818024,0.25919188489014233,0.58731795428661748,0.56219974886455681,0.76990267419430469,0.92134025828523836,0.9041172563704748,1.1978182196520333,0.98156063424671924
487,0.016744327442723805,0,0,3.9975331536467853,1.1979635802909181,-0.98156063424671924,0.92145206708298733,-0.9041172563704748,0.56226797435039555,-0.76990267419430469,0.25922333900615063,-0.58731795428661759,0.079119697943917336,-0.36783149899818013,0.0076792710732942835,-0.12523340851146897,0.0076792710693676788,0.12523340851146886,0.0791196979325232,0.36783149899818024,0.2592233389903455,0.58731795428661748,0.5622679743300546,0.76990267419430469,0.92145206706458638,0.9041172563704748,1.1979635802737163,0.98156063424671924
488,0.015237312157967031,0,0,3.9979571453547527,1.1980906403052054,-0.98156063424671924,0.92154979936342873,-0.9041172563704748,0.56232761036734724,-0.76990267419430469,0.25925083309789665,-0.58731795428661759,0.07912808964269713,-0.36783149899818013,0.0076800855623269043,-0.12523340851146897,0.0076800855587553316,0.12523340851146886,0.079128089632323498,0.36783149899818024,0.2592508330836073,0.58731795428661748,0.56232761034879319,0.76990267419430469,0.92154979934693249,0.9041172563704748,1.1980906402899376,0.98156063424671924
489,0.013796933369516762,0,0,3.998325063732314,1.1982008965045474,-0.98156063424671924,0.92163460645126494,-0.9041172563704748,0.56237935946091511,-0.76990267419430469,0.25927469106825207,-0.58731795428661759,0.079135371530816484,-0.36783149899818013,0.0076807923343490585,-0.12523340851146897,0.0076807923311167751,0.12523340851146886,0.079135371521418252,0.36783149899818024,0.25927469105541162,0.58731795428661748,0.56237935944406869,0.76990267419430469,0.92163460643658968,0.9041172563704748,1.1982008964911279,0.98156063424671924
490,0.012424065526236427,0,0,3.9986417753547046,1.1982958072833259,-0.98156063424671924,0.92170761011725788,-0.9041172563704748,0.56242390613308868,-0.76990267419430469,0.25929522849430847,-0.58731795428661759,0.079141639928168708,-0.36783149899818013,0.0076814007380649222,-0.12523340851146897,0.0076814007351560685,0.12523340851146886,0.079141639919700288,0.36783149899818024,0.25929522848284842,0.58731795428661748,0.56242390611787096,0.76990267419430469,0.92170761010431668,0.9041172563704748,1.1982958072716694,0.98156063424671924
491,0.011119542091538315,0,0,3.9989120029118306,1.1983767879169815,-0.98156063424671924,0.92176989896585493,-0.9041172563704748,0.56246191464784867,-0.76990267419430469,0.25931275162279305,-0.58731795428661759,0.079146988306849811,-0.36783149899818013,0.0076819198457746228,-0.12523340851146897,0.0076819198431730467,0.12523340851146886,0.079146988299264906,0.36783149899818024,0.25931275161264472,0.58731795428661748,0.56246191463417894,0.76990267419430469,0.92176989895456007,0.9041172563704748,1.1983767879070011,0.98156063424671924
492,0.0098841550374580422,0,0,3.9991403100111702,1.1984452060078155,-0.98156063424671924,0.92182252493218064,-0.9041172563704748,0.56249402689363848,-0.76990267419430469,0.25932755638460264,-0.58731795428661759,0.079151506990375708,-0.36783149899818013,0.0076823584241804315,-0.12523340851146897,0.0076823584218698726,0.12523340851146886,0.079151506983627509,0.36783149899818024,0.25932755637569654,0.58731795428661748,0.56249402688143468,0.76990267419430469,0.92182252492244499,0.9041172563704748,1.1984452059994224,0.98156063424671924
493,0.008718654363949585,0,0,3.9993310865832763,1.1985023771113756,-0.98156063424671924,0.92186649991793135,-0.9041172563704748,0.56252086033059256,-0.76990267419430469,0.25933992744841045,-0.58731795428661759,0.079155282864825899,-0.36783149899818013,0.0076827249063508383,-0.12523340851146897,0.0076827249043148332,0.12523340851146886,0.079155282858867068,0.36783149899818024,0.25933992744067619,0.58731795428661748,0.56252086031977222,0.76990267419430469,0.92186649990966674,0.9041172563704748,1.1985023771044796,0.98156063424671924
494,0.0076237476437110985,0,0,3.9994885349212952,1.1985495605528353,-0.98156063424671924,0.92190279257341023,-0.9041172563704748,0.56254300602694263,-0.76990267419430469,0.25935013731538675,-0.58731795428661759,0.07915839910253572,-0.36783149899818013,0.0076830273649023282,-0.12523340851146897,0.0076830273631243017,0.12523340851146886,0.079158399097318435,0.36783149899818024,0.25935013730875328,0.58731795428661748,0.56254300601742246,0.76990267419430469,0.92190279256652763,0.9041172563704748,1.1985495605473451,0.98156063424671924
495,0.0066000995928484907,0,0,3.9996166563906965,1.1985879554442249,-0.98156063424671924,0.92193232523405089,-0.9041172563704748,0.56256102678969278,-0.76990267419430469,0.25935844545738079,-0.58731795428661759,0.079160934899053695,-0.36783149899818013,0.0076832734864688097,-0.12523340851146897,0.0076832734849319731,0.12523340851146886,0.079160934894529661,0.36783149899818024,0.25935844545177639,0.58731795428661748,0.56256102678138797,0.76990267419430469,0.92193232522846058,0.9041172563704748,1.1985879554400485,0.98156063424671924
496,0.0056483316676921302,0,0,3.9997192388368941,1.1986186969108019,-0.98156063424671924,0.9219559710178109,-0.9041172563704748,0.56257545539345311,-0.76990267419430469,0.25936509750035702,-0.58731795428661759,0.079162965223911377,-0.36783149899818013,0.0076834705475115565,-0.12523340851146897,0.0076834705461989996,0.12523340851146886,0.079162965220031939,0.36783149899818024,0.25936509749570935,0.58731795428661748,0.5625754553862784,0.76990267419430469,0.92195597101342297,0.9041172563704748,1.1986186969078467,0.98156063424671924
497,0.0047690216881098035,0,0,3.9997998447219953,1.1986428525359201,-0.98156063424671924,0.92197455109063076,-0.9041172563704748,0.56258679291182867,-0.76990267419430469,0.25937032445511338,-0.58731795428661759,0.079164560585824509,-0.36783149899818013,0.007683625391529946,-0.12523340851146897,0.0076836253904245559,0.12523340851146886,0.07916456058254065,0.36783149899818024,0.25937032445134955,0.58731795428661748,0.56258679290569924,0.76990267419430469,0.92197455108735382,0.9041172563704748,1.1986428525340938,0.98156063424671924
498,0.0039627034877351974,0,0,3.9998618000149722,1.1986614190316862,-0.98156063424671924,0.92198883210555982,-0.9041172563704748,0.56259550715478279,-0.76990267419430469,0.25937434199685533,-0.58731795428661759,0.079165786812805755,-0.36783149899818013,0.0076837444077193498,-0.12523340851146897,0.0076837444068039249,0.12523340851146886,0.079165786810068112,0.36783149899818024,0.25937434199390186,0.58731795428661748,0.56259550714961215,0.76990267419430469,0.92198883210330085,0.9041172563704748,1.1986614190308948,0.98156063424671924
499,0.003229866591705044,0,0,3.9999081838630151,1.1986753191437163,-0.98156063424671924,0.92199952382194905,-0.9041172563704748,0.56260203121587271,-0.76990267419430469,0.25937734979542593,-0.58731795428661759,0.079166704847738883,-0.36783149899818013,0.0076838335111298652,-0.12523340851146897,0.0076838335103870644,0.12523340851146886,0.079166704845497773,0.36783149899818024,0.25937734979320903,0.58731795428661748,0.56260203121157315,0.76990267419430469,0.92199952382061523,0.9041172563704748,1.198675319143865,0.98156063424671924
500,0.0025709559229178391,0,0,3.9999418190627383,1.198685398795583,-0.98156063424671924,0.9220072769090164,-0.9041172563704748,0.5626067621319889,-0.76990267419430469,0.25937953089740345,-0.58731795428661759,0.079167370559783512,-0.36783149899818013,0.0076838981243614246,-0.12523340851146897,0.0076838981237738026,0.12523340851146886,0.079167370557988934,0.36783149899818024,0.25937953089584892,0.58731795428661748,0.5626067621284726,0.76990267419430469,0.92200727690851447,0.9041172563704748,1.1986853987965775,0.98156063424671924
501,0.0019863715388728775,0,0,3.9999652633567608,1.1986924244806174,-0.98156063424671924,0.92201268093966404,-0.9041172563704748,0.56261005965918698,-0.76990267419430469,0.25938105116172078,-0.58731795428661759,0.079167834572116,-0.36783149899818013,0.0076839431608444865,-0.12523340851146897,0.0076839431603945617,0.12523340851146886,0.079167834570717674,0.36783149899818024,0.25938105116075405,0.58731795428661748,0.56261005965636512,0.76990267419430469,0.92201268093989974,0.9041172563704748,1.1986924244823614,0.98156063424671924
502,0.0014764684039877407,0,0,3.9999808015692029,1.1986970809051045,-0.98156063424671924,0.92201626257766767,-0.9041172563704748,0.56261224516651587,-0.76990267419430469,0.25938205874968551,-0.58731795428661759,0.079168142106274084,-0.36783149899818013,0.0076839730097323896,-0.12523340851146897,0.0076839730094025362,0.12523340851146886,0.079168142105221398,0.36783149899818024,0.25938205874923148,0.58731795428661748,0.56261224516429986,0.76990267419430469,0.92201626257854741,0.9041172563704748,1.198697080907503,0.98156063424671924
503,0.001041556210901573,0,0,3.9999904386014626,1.1986999688892901,-0.98156063424671924,0.9220184839631681,-0.9041172563704748,0.56261360065084831,-0.76990267419430469,0.25938268367078487,-0.58731795428661759,0.079168332843528366,-0.36783149899818013,0.0076839915224461153,-0.12523340851146897,0.0076839915222186826,0.12523340851146886,0.079168332842770403,0.36783149899818024,0.25938268367076828,0.58731795428661748,0.56261360064914956,0.76990267419430469,0.92201848396459762,0.9041172563704748,1.1986999688922475,0.98156063424671924
504,0.00068189929457282417,0,0,3.9999958932997171,1.1987016035296201,-0.98156063424671924,0.92201974129909792,-0.9041172563704748,0.5626143678743224,-0.76990267419430469,0.25938303738501872,-0.58731795428661759,0.079168440803507004,-0.36783149899818013,0.0076840020008938368,-0.12523340851146897,0.007684002000751089,0.12523340851146886,0.079168440802992776,0.36783149899818024,0.25938303738536417,0.58731795428661748,0.56261436787305141,0.76990267419430469,0.92201974130098296,0.9041172563704748,1.1987016035330391,0.98156063424671924
505,0.00039771681403605319,0,0,3.9999985932088866,1.1987024126266295,-0.98156063424671924,0.92202036364194417,-0.9041172563704748,0.56261474762646491,-0.76990267419430469,0.25938321246271639,-0.58731795428661759,0.079168494240365678,-0.36783149899818013,0.007684007187393197,-0.12523340851146897,0.0076840071873173574,0.12523340851146886,0.079168494240044004,0.36783149899818024,0.25938321246334811,0.58731795428661748,0.56261474762553199,0.76990267419430469,0.92202036364418882,0.9041172563704748,1.198702412630412,0.98156063424671924
506,0.00018918414531299277,0,0,3.9999996702232625,1.1987027353815418,-0.98156063424671924,0.92202061189919482,-0.9041172563704748,0.56261489911243667,-0.76990267419430469,0.25938328230249874,-0.58731795428661759,0.07916851555670415,-0.36783149899818013,0.0076840092563161804,-0.12523340851146897,0.0076840092562894579,0.12523340851146886,0.079168515556523794,0.36783149899818024,0.25938328230334057,0.58731795428661748,0.562614899111752,0.76990267419430469,0.92202061190170426,0.9041172563704748,1.1987027353855897,0.98156063424671924
507,5.6444027050628343e-05,0,0,3.9999999571449312,1.1987028213649114,-0.98156063424671924,0.92202067803603804,-0.9041172563704748,0.56261493946896268,-0.76990267419430469,0.25938330090810491,-0.58731795428661759,0.07916852123545029,-0.36783149899818013,0.0076840098074778661,-0.12523340851146897,0.0076840098074823998,0.12523340851146886,0.079168521235359834,0.36783149899818024,0.25938330090908041,0.58731795428661748,0.56261493946843555,0.76990267419430469,0.92202067803871635,0.9041172563704748,1.1987028213691286,0.98156063424671924
508,0,0,0,3.9999999851810015,1.1987028297666038,-0.98156063424671924,0.92202068449846175,-0.9041172563704748,0.562614943412307,-0.76990267419430469,0.25938330272609877,-0.58731795428661759,0.079168521790324742,-0.36783149899818013,0.0076840098613285982,-0.12523340851146897,0.0076840098613464138,0.12523340851146886,0.079168521790272464,0.36783149899818024,0.259383302727131,0.58731795428661748,0.56261494341184703,0.76990267419430469,0.922020684501211,0.9041172563704748,1.1987028297708937,0.98156063424671924
509,-5.6444027050614465e-05,0,0,3.9999999571449338,1.1987028213648385,-0.98156063424671924,0.92202067803596788,-0.9041172563704748,0.56261493946889607,-0.76990267419430469,0.2593833009080484,-0.58731795428661759,0.079168521235412112,-0.36783149899818013,0.0076840098074646051,-0.12523340851146897,0.0076840098074957008,0.12523340851146886,0.079168521235398082,0.36783149899818024,0.25938330090913753,0.58731795428661748,0.56261493946850261,0.76990267419430469,0.92202067803878829,0.9041172563704748,1.198702821369201,0.98156063424671924
510,-0.00018918414531299277,0,0,3.9999996702232847,1.1987027353813036,-0.98156063424671924,0.92202061189896034,-0.9041172563704748,0.56261489911221585,-0.76990267419430469,0.25938328230231028,-0.58731795428661759,0.079168515556576377,-0.36783149899818013,0.0076840092562717385,-0.12523340851146897,0.0076840092563340845,0.12523340851146886,0.079168515556652358,0.36783149899818024,0.25938328230353308,0.58731795428661748,0.56261489911197893,0.76990267419430469,0.92202061190194851,0.9041172563704748,1.1987027353858375,0.98156063424671924
511,-0.00039771681403606707,0,0,3.9999985932089492,1.1987024126261348,-0.98156063424671924,0.92202036364145468,-0.9041172563704748,0.5626147476260025,-0.76990267419430469,0.25938321246232143,-0.58731795428661759,0.079168494240097295,-0.36783149899818013,0.0076840071872997795,-0.12523340851146897,0.0076840071874112277,0.12523340851146886,0.079168494240314691,0.36783149899818024,0.25938321246375384,0.58731795428661748,0.56261474762601149,0.76990267419430469,0.92202036364470652,0.9041172563704748,1.1987024126309374,0.98156063424671924
512,-0.00068189929457282417,0,0,3.9999958932998361,1.1987016035287752,-0.98156063424671924,0.9220197412982617,-0.9041172563704748,0.56261436787353047,-0.76990267419430469,0.25938303738434226,-0.58731795428661759,0.079168440803047108,-0.36783149899818013,0.0076840020007337148,-0.12523340851146897,0.0076840020009120383,0.12523340851146886,0.07916844080345721,0.36783149899818024,0.25938303738606017,0.58731795428661748,0.56261436787387442,0.76990267419430469,0.9220197413018737,0.9041172563704748,1.1987016035339435,0.98156063424671924
513,-0.0010415562109015869,0,0,3.9999904386016496,1.1986999688880007,-0.98156063424671924,0.92201848396189423,-0.9041172563704748,0.56261360064963806,-0.76990267419430469,0.25938268366975259,-0.58731795428661759,0.079168332842826136,-0.36783149899818013,0.0076839915222015895,-0.12523340851146897,0.0076839915224645216,0.12523340851146886,0.07916833284348003,0.36783149899818024,0.25938268367183182,0.58731795428661748,0.56261360065040655,0.76990267419430469,0.92201848396596064,0.9041172563704748,1.1986999688936315,0.98156063424671924
514,-0.0014764684039877407,0,0,3.999980801569456,1.1986970809032722,-0.98156063424671924,0.92201626257586089,-0.9041172563704748,0.56261224516479691,-0.76990267419430469,0.25938205874822201,-0.58731795428661759,0.079168142105278477,-0.36783149899818013,0.0076839730093857615,-0.12523340851146897,0.0076839730097509797,0.12523340851146886,0.079168142106227107,0.36783149899818024,0.25938205875073811,0.58731795428661748,0.56261224516607888,0.76990267419430469,0.92201626258047675,0.9041172563704748,1.1986970809094624,0.98156063424671924
515,-0.0019863715388728914,0,0,3.9999652633570855,1.1986924244781483,-0.98156063424671924,0.92201268093723132,-0.9041172563704748,0.56261005965687183,-0.76990267419430469,0.25938105115975107,-0.58731795428661759,0.079167834570776308,-0.36783149899818013,0.0076839431603781781,-0.12523340851146897,0.0076839431608632719,0.12523340851146886,0.079167834572070453,0.36783149899818024,0.25938105116277954,0.58731795428661748,0.56261005965875577,0.76990267419430469,0.92201268094249123,0.9041172563704748,1.1986924244849941,0.98156063424671924
516,-0.002570955922917853,0,0,3.9999418190631388,1.1986853987923813,-0.98156063424671924,0.92200727690586481,-0.9041172563704748,0.56260676212898975,-0.76990267419430469,0.25937953089485272,-0.58731795428661759,0.079167370558049038,-0.36783149899818013,0.0076838981237578804,-0.12523340851146897,0.0076838981243803981,0.12523340851146886,0.079167370559739311,0.36783149899818024,0.25937953089846849,0.58731795428661748,0.56260676213156413,0.76990267419430469,0.92200727691186246,0.9041172563704748,1.1986853987999793,0.98156063424671924
517,-0.0032298665917050301,0,0,3.9999081838634871,1.1986753191396853,-0.98156063424671924,0.92199952381798367,-0.9041172563704748,0.56260203121210106,-0.76990267419430469,0.25937734979221927,-0.58731795428661759,0.079166704845559252,-0.36783149899818013,0.0076838335103716531,-0.12523340851146897,0.0076838335111490078,0.12523340851146886,0.079166704847695876,0.36783149899818024,0.25937734979649718,0.58731795428661748,0.56260203121545405,0.76990267419430469,0.92199952382481276,0.9041172563704748,1.1986753191481319,0.98156063424671924
518,-0.0039627034877351835,0,0,3.9998618000155237,1.1986614190267331,-0.98156063424671924,0.92198883210068816,-0.9041172563704748,0.56259550715015205,-0.76990267419430469,0.25937434199291903,-0.58731795428661759,0.079165786810131172,-0.36783149899818013,0.007683744406789113,-0.12523340851146897,0.0076837444077386442,0.12523340851146886,0.079165786812764177,0.36783149899818024,0.25937434199793341,0.58731795428661748,0.56259550715437101,0.76990267419430469,0.92198883210844196,0.9041172563704748,1.1986614190361233,0.98156063424671924
519,-0.0047690216881098035,0,0,3.9997998447226304,1.1986428525299513,-0.98156063424671924,0.92197455108476045,-0.9041172563704748,0.56258679290625246,-0.76990267419430469,0.259370324450374,-0.58731795428661759,0.079164560582605376,-0.36783149899818013,0.0076836253904104344,-0.12523340851146897,0.0076836253915493662,0.12523340851146886,0.079164560585784485,0.36783149899818024,0.25937032445619879,0.58731795428661748,0.56258679291142422,0.76990267419430469,0.92197455109353155,0.9041172563704748,1.1986428525403796,0.98156063424671924
520,-0.0056483316676921302,0,0,3.9997192388376073,1.1986186969037216,-0.98156063424671924,0.92195597101084781,-0.9041172563704748,0.56257545538684461,-0.76990267419430469,0.25936509749474096,-0.58731795428661759,0.079162965220098191,-0.36783149899818013,0.0076834705461856492,-0.12523340851146897,0.0076834705475310495,0.12523340851146886,0.079162965223872894,0.36783149899818024,0.25936509750144948,0.58731795428661748,0.56257545539305498,0.76990267419430469,0.92195597102072757,0.9041172563704748,1.198618696915283,0.98156063424671924
521,-0.0066000995928484907,0,0,3.9996166563914772,1.1985879554359353,-0.98156063424671924,0.92193232522590107,-0.9041172563704748,0.56256102678196573,-0.76990267419430469,0.25935844545081516,-0.58731795428661759,0.079160934894597274,-0.36783149899818013,0.0076832734849194683,-0.12523340851146897,0.0076832734864883193,0.12523340851146886,0.079160934899016461,0.36783149899818024,0.25935844545848041,0.58731795428661748,0.56256102678929942,0.76990267419430469,0.92193232523698099,0.9041172563704748,1.198587955448724,0.98156063424671924
522,-0.0076237476437110846,0,0,3.9994885349221452,1.1985495605432432,-0.98156063424671924,0.92190279256398366,-0.9041172563704748,0.56254300601801177,-0.76990267419430469,0.2593501373077996,-0.58731795428661759,0.079158399097387422,-0.36783149899818013,0.0076830273631127398,-0.12523340851146897,0.007683027364921804,0.12523340851146886,0.079158399102499721,0.36783149899818024,0.25935013731649381,0.58731795428661748,0.5625430060265536,0.76990267419430469,0.92190279257635421,0.9041172563704748,1.1985495605573522,0.98156063424671924
523,-0.0087186543639495989,0,0,3.9993310865841987,1.1985023771003902,-0.98156063424671924,0.92186649990713898,-0.9041172563704748,0.56252086032037429,-0.76990267419430469,0.25933992743973033,-0.58731795428661759,0.07915528285893747,-0.36783149899818013,0.0076827249043043087,-0.12523340851146897,0.0076827249063702221,0.12523340851146886,0.079155282864791093,0.36783149899818024,0.25933992744952494,0.58731795428661748,0.56252086033020832,0.76990267419430469,0.92186649992088998,0.9041172563704748,1.1985023771159113,0.98156063424671924
524,-0.0098841550374580561,0,0,3.9991403100121663,1.1984452059953461,-0.98156063424671924,0.92182252491993344,-0.9041172563704748,0.56249402688205008,-0.76990267419430469,0.25932755637475902,-0.58731795428661759,0.079151506983699313,-0.36783149899818013,0.0076823584218604262,-0.12523340851146897,0.0076823584241996834,0.12523340851146886,0.079151506990342013,0.36783149899818024,0.25932755638572486,0.58731795428661748,0.56249402689325945,0.76990267419430469,0.92182252493515326,0.9041172563704748,1.1984452060123707,0.98156063424671924
525,-0.011119542091538315,0,0,3.9989120029129035,1.1983767879029386,-0.98156063424671924,0.92176989895206518,-0.9041172563704748,0.56246191463480777,-0.76990267419430469,0.25931275161171635,-0.58731795428661759,0.079146988299338167,-0.36783149899818013,0.0076819198431647626,-0.12523340851146897,0.0076819198457936701,0.12523340851146886,0.07914698830681724,0.36783149899818024,0.25931275162392314,0.58731795428661748,0.56246191464747508,0.76990267419430469,0.92176989896884087,0.9041172563704748,1.1983767879215557,0.98156063424671924
526,-0.012424065526236414,0,0,3.9986417753558454,1.1982958072676173,-0.98156063424671924,0.92170761010183599,-0.9041172563704748,0.56242390611851245,-0.76990267419430469,0.25929522848192926,-0.58731795428661759,0.079141639919774909,-0.36783149899818013,0.0076814007351490229,-0.12523340851146897,0.0076814007380836598,0.12523340851146886,0.07914163992813715,0.36783149899818024,0.25929522849544634,0.58731795428661748,0.5624239061327192,0.76990267419430469,0.92170761012025437,0.9041172563704748,1.1982958072879166,0.98156063424671924
527,-0.013796933369516748,0,0,3.9983250637335188,1.1982008964870816,-0.98156063424671924,0.92163460643412376,-0.9041172563704748,0.56237935944472262,-0.76990267419430469,0.25927469105450185,-0.58731795428661759,0.079135371521494191,-0.36783149899818013,0.0076807923311110419,-0.12523340851146897,0.0076807923343673746,0.12523340851146886,0.079135371530785814,0.36783149899818024,0.25927469106939793,0.58731795428661748,0.5623793594605494,0.76990267419430469,0.92163460645427098,0.9041172563704748,1.1982008965091515,0.98156063424671924
528,-0.015237312157967031,0,0,3.9979571453560294,1.1980906402858953,-0.98156063424671924,0.92154979934448411,-0.9041172563704748,0.56232761034945999,-0.76990267419430469,0.2592508330827078,-0.58731795428661759,0.079128089632400839,-0.36783149899818013,0.0076800855587509931,-0.12523340851146897,0.0076800855623446965,0.12523340851146886,0.079128089642667487,0.36783149899818024,0.25925083309905067,0.58731795428661748,0.56232761036698631,0.76990267419430469,0.9215497993664461,0.9041172563704748,1.1980906403098222,0.98156063424671924
529,-0.016744327442723805,0,0,3.9975331536481202,1.197963580269674,-0.98156063424671924,0.92145206706215299,-0.9041172563704748,0.56226797433073294,-0.76990267419430469,0.25922333898945588,-0.58731795428661759,0.079119697932601749,-0.36783149899818013,0.0076792710693647983,-0.12523340851146897,0.0076792710733114243,0.12523340851146886,0.079119697943888567,0.36783149899818024,0.25922333900731215,0.58731795428661748,0.56226797435003717,0.76990267419430469,0.92145206708601379,0.9041172563704748,1.1979635802955424,0.98156063424671924
530,-0.018317064320300683,0,0,3.9970480939092048,1.1978182196479834,-0.98156063424671924,0.92134025828281441,-0.9041172563704748,0.56219974886524327,-0.76990267419430469,0.25919188488926137,-0.58731795428661759,0.079110097566330431,-0.36783149899818013,0.0076783392681193724,-0.12523340851146897,0.0076783392724341657,0.12523340851146886,0.079110097578681815,0.36783149899818024,0.25919188490869693,0.58731795428661748,0.56219974888640312,0.76990267419430469,0.92134025830865685,0.9041172563704748,1.1978182196758782,0.98156063424671924
531,-0.01995456798798978,0,0,3.9964968596001769,1.1976530281151021,-0.98156063424671924,0.92121319592279638,-0.9041172563704748,0.56212221569918763,-0.76990267419430469,0.25915613964437817,-0.58731795428661759,0.079099187464297963,-0.36783149899818013,0.0076772803453393872,-0.12523340851146897,0.0076772803500375474,0.12523340851146886,0.079099187477757751,0.36783149899818024,0.25915613966545803,0.58731795428661748,0.56212221572227961,0.76990267419430469,0.92121319595070172,0.9041172563704748,1.1976530281451068,0.98156063424671924
532,-0.021655844323495294,0,0,3.9958742491143768,1.1974664468758729,-0.98156063424671924,0.92106968098486397,-0.9041172563704748,0.56203464320715557,-0.76990267419430469,0.25911576595232683,-0.58731795428661759,0.079086864675625951,-0.36783149899818013,0.0076760843087246679,-0.12523340851146897,0.0076760843138210079,0.12523340851146886,0.079086864690237305,0.36783149899818024,0.25911576597511515,0.58731795428661748,0.56203464323225472,0.76990267419430469,0.92106968101491316,0.9041172563704748,1.19746644690807,0.98156063424671924
533,-0.023419860488443911,0,0,3.9951749829916414,1.197256893804334,-0.98156063424671924,0.92090849652614848,-0.9041172563704748,0.56193628881334989,-0.76990267419430469,0.25907042146215276,-0.58731795428661759,0.079073024708549211,-0.36783149899818013,0.0076747410164181018,-0.12523340851146897,0.0076747410219273468,0.12523340851146886,0.07907302472435461,0.36783149899818024,0.25907042148671294,0.58731795428661748,0.56193628884052982,0.76990267419430469,0.92090849655842033,0.9041172563704748,1.1972568938388044,0.98156063424671924
534,-0.025245545555404356,0,0,3.9943937215308702,1.1970227687217778,-0.98156063424671924,0.92072841171793152,-0.9041172563704748,0.56182640146886176,-0.76990267419430469,0.25901975991652865,-0.58731795428661759,0.079057561879006241,-0.36783149899818013,0.0076732402108396925,-0.12523340851146897,0.007673240216776258,0.12523340851146886,0.079057561896047387,0.36783149899818024,0.25901975994292253,0.58731795428661748,0.56182640149819496,0.76990267419430469,0.92072841175250342,0.9041172563704748,1.1970227687586013,0.98156063424671924
535,-0.027131791158033602,0,0,3.993525082754652,1.1967624587803143,-0.98156063424671924,0.92052818598658659,-0.9041172563704748,0.561704224178461,-0.76990267419430469,0.25896343231668467,-0.58731795428661759,0.079040369666197138,-0.36783149899818013,0.0076715715531964794,-0.12523340851146897,0.0076715715595745667,0.12523340851146886,0.079040369684515013,0.36783149899818024,0.25896343234497282,0.58731795428661748,0.56170422421001887,0.76990267419430469,0.92052818602353448,0.9041172563704748,1.1967624588195687,0.98156063424671924
536,-0.029077452163954506,0,0,3.9925636606793069,1.1964743439379582,-0.98156063424671924,0.92030657322491838,-0.9041172563704748,0.56156899657034531,-0.76990267419430469,0.25890108810714435,-0.58731795428661759,0.079021341074187054,-0.36783149899818013,0.007669724658579416,-0.12523340851146897,0.0076697246654129783,0.12523340851146886,0.079021341093821668,0.36783149899818024,0.25890108813738688,0.58731795428661748,0.56156899660419779,0.76990267419430469,0.92030657326431731,0.9041172563704748,1.1964743439797205,0.98156063424671924
537,-0.031081347369955686,0,0,3.9915040438403833,1.1961568025102702,-0.98156063424671924,0.92006232606238647,-0.9041172563704748,0.56141995750182183,-0.76990267419430469,0.25883237637702622,-0.58731795428661759,0.079000368998564593,-0.36783149899818013,0.0076676891315508831,-0.12523340851146897,0.0076676891388536266,0.12523340851146886,0.079000369019555192,0.36783149899818024,0.25883237640928208,0.58731795428661748,0.56141995753803764,0.76990267419430469,0.92006232610430883,0.9041172563704748,1.1961568025546159,0.98156063424671924
538,-0.033142260219090988,0,0,3.9903408340234767,1.1958082167835271,-0.98156063424671924,0.91979420018265445,-0.9041172563704748,0.5612563476938669,-0.76990267419430469,0.25875694707465913,-0.58731795428661759,0.078977346597165266,-0.36783149899818013,0.0076654546021266649,-0.12523340851146897,0.0076654546099119937,0.12523340851146886,0.078977346619550318,0.36783149899818024,0.25875694710898556,0.58731795428661748,0.56125634773251309,0.76990267419430469,0.91979420022717151,0.9041172563704748,1.1958082168305291,0.98156063424671924
539,-0.035258939539243112,0,0,3.9890686651483973,1.1954269786738485,-0.98156063424671924,0.9195009586764874,-0.9041172563704748,0.56107741238725362,-0.76990267419430469,0.2586744522321418,-0.58731795428661759,0.078952167663829162,-0.36783149899818013,0.0076630107620524685,-0.12523340851146897,0.0076630107703334659,0.12523340851146886,0.078952167687646319,0.36783149899818024,0.25867445226859465,0.58731795428661748,0.56107741242839582,0.76990267419430469,0.91950095872366922,0.9041172563704748,1.1954269787235792,0.98156063424671924
540,-0.037430100302702565,0,0,3.9876822222533521,1.1950114954162974,-0.98156063424671924,0.91918137641770681,-0.9041172563704748,0.56088240401274936,-0.76990267419430469,0.25858454719638807,-0.58731795428661759,0.078924727004138343,-0.36783149899818013,0.0076603474012725452,-0.12523340851146897,0.0076603474100620534,0.12523340851146886,0.078924727029424532,0.36783149899818024,0.25858454723502144,0.58731795428661748,0.56088240405645162,0.76990267419430469,0.91918137646762177,0.9041172563704748,1.1950114954688271,0.98156063424671924
541,-0.039654424406300903,0,0,3.9861762605256317,1.1945601952679119,-0.98156063424671924,0.91883424444985939,-0.9041172563704748,0.56067058486785082,-0.76990267419430469,0.25848689186318619,-0.58731795428661759,0.078894920812074734,-0.36783149899818013,0.0076574544444877306,-0.12523340851146897,0.0076574544537983073,0.12523340851146886,0.078894920838865901,0.36783149899818024,0.25848689190405322,0.58731795428661748,0.56067058491417543,0.76990267419430469,0.91883424450257412,0.9041172563704748,1.19456019532331,0.98156063424671924
542,-0.041930561471624259,0,0,3.9845456243224899,1.1940715332078049,-0.98156063424671924,0.91845837437063094,-0.9041172563704748,0.56044122979214372,-0.76990267419430469,0.2583811519106245,-0.58731795428661759,0.078862647046483908,-0.36783149899818013,0.0076543219876946834,-0.12523340851146897,0.0076543219975384533,0.12523340851146886,0.078862647074815009,0.36783149899818024,0.25838115195377714,0.58731795428661748,0.56044122984115141,0.76990267419430469,0.9184583744262107,0.9041172563704748,1.194071533266138,0.98156063424671924
543,-0.044257129664821329,0,0,3.982785266127939,1.193543996618049,-0.98156063424671924,0.91805260270148326,-0.9041172563704748,0.56019362883364698,-0.76990267419430469,0.2582670000283605,-0.58731795428661759,0.078827805806270246,-0.36783149899818013,0.0076509403346017657,-0.12523340851146897,0.0076509403449906074,0.12523340851146886,0.078827805836175352,0.36783149899818024,0.25826700007384901,0.58731795428661748,0.56019362888539681,0.76990267419430469,0.9180526027599909,0.9041172563704748,1.1935439966793824,0.98156063424671924
544,-0.046632716535508226,0,0,3.9808902653877163,1.1929761109280634,-0.98156063424671924,0.91761579522921166,-0.9041172563704748,0.55992708989802076,-0.76990267419430469,0.25814411713899021,-0.58731795428661759,0.078790299703181327,-0.36783149899818013,0.007647300032811207,-0.12523340851146897,0.0076473000437566451,0.12523340851146886,0.07879029973469355,0.36783149899818024,0.25814411718686264,0.58731795428661748,0.55992708995257012,0.76990267419430469,0.91761579529070914,0.9041172563704748,1.1929761109924601,0.98156063424671924
545,-0.049055879874260619,0,0,3.9788558471665754,1.1923664452057474,-0.98156063424671924,0.91714685130654983,-0.9041172563704748,0.55964094137278231,-0.76990267419430469,0.25801219360789374,-0.58731795428661759,0.078750034231075169,-0.36783149899818013,0.0076433919096597453,-0.12523340851146897,0.0076433919211729802,0.12523340851146886,0.078750034264226693,0.36783149899818024,0.25801219365819739,0.58731795428661748,0.55964094143018694,0.76990267419430469,0.91714685137109719,0.9041172563704748,1.192366445273269,0.98156063424671924
546,-0.051525148588172615,0,0,3.9766774005700696,1.1917136176780445,-0.98156063424671924,0.91664470809848375,-0.9041172563704748,0.55933453471840178,-0.76990267419430469,0.25787093043781345,-0.58731795428661759,0.07870691813052684,-0.36783149899818013,0.0076392071076069904,-0.12523340851146897,0.0076392071196987868,0.12523340851146886,0.07870691816534886,0.36783149899818024,0.25787093049059429,0.58731795428661748,0.55933453477871564,0.76990267419430469,0.91664470816613852,0.9041172563704748,1.19171361774875,0.98156063424671924
547,-0.054039023593950838,0,0,3.9743504968748802,1.1910163011641604,-0.98156063424671924,0.91610834476138603,-0.9041172563704748,0.55900724701839888,-0.76990267419430469,0.25772004044452818,-0.58731795428661759,0.078660863747666149,-0.36783149899818013,0.0076347371190636911,-0.12523340851146897,0.0076347371317445683,0.12523340851146886,0.078660863784188739,0.36783149899818024,0.25772004049983072,0.58731795428661748,0.55900724708167393,0.76990267419430469,0.91610834483220316,0.9041172563704748,1.1910163012381065,0.98156063424671924
548,-0.056595978728001511,0,0,3.9718709073097727,1.1902732284040833,-0.98156063424671924,0.91553678654161819,-0.9041172563704748,0.55865848348030123,-0.76990267419430469,0.25755924940987557,-0.58731795428661759,0.07861178738610089,-0.36783149899818013,0.0076299738205491867,-0.12523340851146897,0.0076299738338292053,0.12523340851146886,0.078611787424352736,0.36783149899818024,0.25755924946774256,0.58731795428661748,0.55865848354658698,0.76990267419430469,0.9155367866156503,0.9041172563704748,1.1902732284813247,0.98156063424671924
549,-0.059194461672957874,0,0,3.9692346204318034,1.18948319726581,-0.98156063424671924,0.914929108780837,-0.9041172563704748,0.55828767987967187,-0.76990267419430469,0.25738829720852507,-0.58731795428661759,0.078559609650828699,-0.36783149899818013,0.0076249095060710002,-0.12523340851146897,0.0076249095199599016,0.12523340851146886,0.078559609690837709,0.36783149899818024,0.25738829726899787,0.58731795428661748,0.55828767994901585,0.76990267419430469,0.91492910885813483,0.9041172563704748,1.1894831973463968,0.98156063424671924
550,-0.061832894900085589,0,0,3.9664378590413754,1.1886450758143756,-0.98156063424671924,0.91428444081500182,-0.9041172563704748,0.55789430493927628,-0.76990267419430469,0.25720693890485052,-0.58731795428661759,0.078504255783022239,-0.36783149899818013,0.0076195369196188139,-0.12523340851146897,0.0076195369341258675,0.12523340851146886,0.078504255824815045,0.36783149899818024,0.25720693896796876,0.58731795428661748,0.55789430501172477,0.76990267419430469,0.91428444089561522,0.9041172563704748,1.1886450758983584,0.98156063424671924
551,-0.064509676626993875,0,0,3.9634770965818822,1.1877578072264343,-0.98156063424671924,0.91360196975457775,-0.9041172563704748,0.55747786263575239,-0.76990267419430469,0.25701494581637641,-0.58731795428661759,0.078445655984612644,-0.36783149899818013,0.0076138492866680589,-0.12523340851146897,0.0076138493018022462,0.12523340851146886,0.078445656028214975,0.36783149899818024,0.25701494588217855,0.58731795428661748,0.55747786271134991,0.76990267419430469,0.91360196983855435,0.9041172563704748,1.1877578073138615,0.98156063424671924
552,-0.067223181790071085,0,0,3.9603490729697262,1.1868204145341263,-0.98156063424671924,0.91288094413343646,-0.9041172563704748,0.55703789442616292,-0.76990267419430469,0.25681210654028996,-0.58731795428661759,0.078383745731599924,-0.36783149899818013,0.007607840344589667,-0.12523340851146897,0.0076078403603594717,0.12523340851146886,0.078383745777036384,0.36783149899818024,0.25681210660881248,0.58731795428661748,0.55703789450495245,0.76990267419430469,0.91288094422082244,0.9041172563704748,1.1868204146250447,0.98156063424671924
553,-0.069971763031054054,0,0,3.957050809802694,1.1858320051826621,-0.98156063424671924,0.91212067741446656,-0.9041172563704748,0.5565739813871099,-0.76990267419430469,0.25659822793964043,-0.58731795428661759,0.07831846607505874,-0.36783149899818013,0.0076015043718651761,-0.12523340851146897,0.0076015043882787618,0.12523340851146886,0.078318466122352923,0.36783149899818024,0.25659822801091797,0.58731795428661748,0.55657398146913117,0.76990267419430469,0.91212067750530579,0.9041172563704748,1.1858320052771156,0.98156063424671924
554,-0.072753751697132746,0,0,3.9535796248956814,1.1847917753863226,-0.98156063424671924,0.91132055134013168,-0.9041172563704748,0.55608574625923801,-0.76990267419430469,0.25637313608592022,-0.58731795428661759,0.078249763928831761,-0.36783149899818013,0.007594836216010056,-0.12523340851146897,0.0075948362330751163,0.12523340851146886,0.078249763978005871,0.36783149899818024,0.25637313615998591,0.58731795428661748,0.55608574634452923,0.76990267419430469,0.91132055143446489,0.9041172563704748,1.1847917754843533,0.98156063424671924
555,-0.075567458853982528,0,0,3.9499331460946738,1.1836990142681743,-0.98156063424671924,0.91048001911666443,-0.9041172563704748,0.55557285539022305,-0.76990267419430469,0.25613667715484384,-0.58731795428661759,0.078177592342937308,-0.36783149899818013,0.0075878313201102757,-0.12523340851146897,0.0075878313378341328,0.12523340851146886,0.078177592394012493,0.36783149899818024,0.25613667723172889,0.58731795428661748,0.55557285547882052,0.76990267419430469,0.91048001921453026,0.9041172563704748,1.1836990143698238,0.98156063424671924
556,-0.078411176311109415,0,0,3.9461093243221259,1.1825531077694538,-0.98156063424671924,0.90959860842109452,-0.9041172563704748,0.55503502056965348,-0.76990267419430469,0.25588871827228632,-0.58731795428661759,0.078101910761765383,-0.36783149899818013,0.0075804857478826036,-0.12523340851146897,0.0075804857662721712,0.12523340851146886,0.078101910814761727,0.36783149899818024,0.25588871835202026,0.58731795428661748,0.5550350206615916,0.76990267419430469,0.90959860852252927,0.9041172563704748,1.1825531078747604,0.98156063424671924
557,-0.081283177658885611,0,0,3.9421064458088289,1.1813535423151631,-0.98156063424671924,0.90867592422075882,-0.9041172563704748,0.55447200074948821,-0.76990267419430469,0.25562914830746847,-0.58731795428661759,0.078022685266172537,-0.36783149899818013,0.0075727962071720015,-0.12523340851146897,0.0075727962262338334,0.12523340851146886,0.078022685321108801,0.36783149899818024,0.25562914839007961,0.58731795428661748,0.55447200084479964,0.76990267419430469,0.90867592432579514,0.9041172563704748,1.181353542424161,0.98156063424671924
558,-0.084181719316645948,0,0,3.9379231434697339,1.1800999082231218,-0.98156063424671924,0.90771165139548393,-0.9041172563704748,0.5538836036441086,-0.76990267419430469,0.25535787861063236,-0.58731795428661759,0.077939888798633422,-0.36783149899818013,0.0075647600718046692,-0.12523340851146897,0.0075647600915448743,0.12523340851146886,0.077939888855527176,0.36783149899818024,0.25535787869614668,0.58731795428661748,0.55388360374282364,0.76990267419430469,0.90771165150415345,0.9041172563704748,1.1800999083358434,0.98156063424671924
559,-0.087105041591208604,0,0,3.9335584073844192,1.1787919028447145,-0.98156063424671924,0.90670555715338985,-0.9041172563704748,0.55326968720443515,-0.76990267419430469,0.25507484369265465,-0.58731795428661759,0.077853501370671693,-0.36783149899818013,0.0075563754017209479,-0.12523340851146897,0.0075563754221453202,0.12523340851146886,0.077853501429539354,0.36783149899818024,0.25507484378109635,0.58731795428661748,0.55326968730658155,0.76990267419430469,0.90670555726572255,0.9041172563704748,1.1787919029611891,0.98156063424671924
560,-0.090051369745177939,0,0,3.9290115943447876,1.1774293334261006,-0.98156063424671924,0.90565749323168587,-0.9041172563704748,0.55263016096084683,-0.76990267419430469,0.25478000184417643,-0.58731795428661759,0.07776351025182926,-0.36783149899818013,0.00754764096131665,-0.12523340851146897,0.0075476409824304777,0.12523340851146886,0.077763510312686135,0.36783149899818024,0.25478000193556738,0.58731795428661748,0.55263016106645035,0.76990267419430469,0.90565749334770951,0.9041172563704748,1.1774293335463555,0.98156063424671924
561,-0.093018915074380315,0,0,3.9242824364366147,1.1760121196798976,-0.98156063424671924,0.90456739787475848,-0.9041172563704748,0.55196498723020804,-0.76990267419430469,0.25447333569207897,-0.58731795428661759,0.077669910139513562,-0.36783149899818013,0.0075385562359280237,-0.12523340851146897,0.0075385562577362682,0.12523340851146886,0.077669910202373529,0.36783149899818024,0.25447333578643966,0.58731795428661748,0.551964987339292,0.76990267419430469,0.90456739799449826,0.9041172563704748,1.1760121198039559,0.98156063424671924
562,-0.096005875993779424,0,0,3.9193710486238897,1.1745402960580202,-0.98156063424671924,0.90343529758240315,-0.9041172563704748,0.55127418218263424,-0.76990267419430469,0.25415485269129812,-0.58731795428661759,0.077572703309107455,-0.36783149899818013,0.0075291214464015032,-0.12523340851146897,0.0075291214689085922,0.12523340851146886,0.07757270337398324,0.36783149899818024,0.25415485278864708,0.58731795428661748,0.55127418229522029,0.76990267419430469,0.90343529770588227,0.9041172563704748,1.1745402961859042,0.98156063424671924
563,-0.099010439131211242,0,0,3.9142779353088399,1.1730140137175626,-0.98156063424671924,0.90226130862194265,-0.9041172563704748,0.55055781676418436,-0.76990267419430469,0.25382458555021414,-0.58731795428661759,0.077471899743806388,-0.36783149899818013,0.0075193375616953665,-0.12523340851146897,0.0075193375849053326,0.12523340851146886,0.077471899810709524,0.36783149899818024,0.25382458565056787,0.58731795428661748,0.55055781688029126,0.76990267419430469,0.90226130874918176,0.9041172563704748,1.1730140138492937,0.98156063424671924
564,-0.10203078042827518,0,0,3.9090039958437086,1.1714335421725455,-0.98156063424671924,0.90104563829872231,-0.9041172563704748,0.54981601747211284,-0.76990267419430469,0.2534825925880671,-0.58731795428661759,0.077367517243708106,-0.36783149899818013,0.0075092063094679721,-0.12523340851146897,0.0075092063333843636,0.12523340851146886,0.077367517312648917,0.36783149899818024,0.25348259269144013,0.58731795428661748,0.54981601759175713,0.76990267419430469,0.90104563842973862,0.9041172563704748,1.1714335423081426,0.98156063424671924
565,-0.10506506624771259,0,0,3.9035505289740882,1.1697992706254745,-0.98156063424671924,0.89978858598031852,-0.9041172563704748,0.5490489669798404,-0.76990267419430469,0.25312895802308849,-0.58731795428661759,0.077259581513755671,-0.36783149899818013,0.0074987301846133102,-0.12523340851146897,0.0074987302092393206,0.12523340851146886,0.077259581584743248,0.36783149899818024,0.25312895812949376,0.58731795428661748,0.54904896710303785,0.76990267419430469,0.89978858611512669,0.9041172563704748,1.1697992707649554,0.98156063424671924
566,-0.10811145448660066,0,0,3.8979192361972252,1.1681117089737454,-0.98156063424671924,0.89849054387064642,-0.9041172563704748,0.54825690460931298,-0.76990267419430469,0.25276379219027378,-0.58731795428661759,0.077148126230205699,-0.36783149899818013,0.007487912455712455,-0.12523340851146897,0.0074879124810507923,0.12523340851146886,0.077148126303247758,0.36783149899818024,0.25276379229972207,0.58731795428661748,0.54825690473607613,0.76990267419430469,0.8984905440092591,0.9041172563704748,1.1681117091171227,0.98156063424671924
567,-0.1111680956946858,0,0,3.892112224022676,1.1663714884871028,-0.98156063424671924,0.89715199753105368,-0.9041172563704748,0.54744012664897079,-0.76990267419430469,0.25238723168797583,-0.58731795428661759,0.077033193085371224,-0.36783149899818013,0.0074767571693761681,-0.12523340851146897,0.0074767571954291344,0.12523340851146886,0.077033193160474356,0.36783149899818024,0.25238723180047618,0.58731795428661748,0.54744012677931031,0.76990267419430469,0.89715199767348197,0.9041172563704748,1.1663714886343872,0.98156063424671924
568,-0.11423313419717758,0,0,3.8861320051263371,1.1645793621534763,-0.98156063424671924,0.8957735261463301,-0.9041172563704748,0.5465989865160682,-0.76990267419430469,0.25199943945273917,-0.58731795428661759,0.076914831810462714,-0.36783149899818013,0.0074652691524619147,-0.12523340851146897,0.0074652691792312749,0.12523340851146886,0.076914831887632026,0.36783149899818024,0.25199943956829907,0.58731795428661748,0.54659898664999129,0.76990267419430469,0.895773526292583,0.9041172563704748,1.1645793623046763,0.98156063424671924
569,-0.11730470922132141,0,0,3.8799814983931689,1.1627362046917846,-0.98156063424671924,0.89435580253455493,-0.9041172563704748,0.5457338947626823,-0.76990267419430469,0.25160060476207091,-0.58731795428661759,0.076793100176433371,-0.36783149899818013,0.0074534540121557807,-0.12523340851146897,0.0074534540396429105,0.12523340851146886,0.076793100255672889,0.36783149899818024,0.2516006048806958,0.58731795428661748,0.54573389490019253,0.76990267419430469,0.89435580268463821,0.9041172563704748,1.1627362048469048,0.98156063424671924
570,-0.12038095602606641,0,0,3.8736640278473433,1.1608430122313231,-0.98156063424671924,0.89289959290049126,-0.9041172563704748,0.54484531892523302,-0.76990267419430469,0.25119094316506535,-0.58731795428661759,0.076668063972804706,-0.36783149899818013,0.0074413181339174298,-0.12523340851146897,0.0074413181621231688,0.12523340851146886,0.076668064054117122,0.36783149899818024,0.25119094328675839,0.58731795428661748,0.54484531906633338,0.76990267419430469,0.89289959305440825,0.9041172563704748,1.1608430123903677,0.98156063424671924
571,-0.12346000703414223,0,0,3.8671833204730781,1.1589009016587262,-0.98156063424671924,0.89140575633327912,-0.9041172563704748,0.54393378321797525,-0.76990267419430469,0.25077069634109317,-0.58731795428661759,0.076539796964536111,-0.36783149899818013,0.0074288686772937783,-0.12523340851146897,0.007428868706218607,0.12523340851146886,0.076539797047922756,0.36783149899818024,0.25077069646585581,0.58731795428661748,0.54393378336266762,0.76990267419430469,0.89140575649103038,0.9041172563704748,1.1589009018216965,0.98156063424671924
572,-0.12653999296585777,0,0,3.8605435029328912,1.1569111096345073,-0.98156063424671924,0.88987524404997043,-0.9041172563704748,0.54299986807141154,-0.76990267419430469,0.25034013188699461,-0.58731795428661759,0.076408380827071923,-0.36783149899818013,0.0074161135696148885,-0.12523340851146897,0.0074161135992587895,0.12523340851146886,0.076408380912532853,0.36783149899818024,0.25034013201482641,0.58731795428661748,0.54299986821969559,0.76990267419430469,0.88987524421155439,0.9041172563704748,1.156911109801402,0.98156063424671924
573,-0.12961904397393359,0,0,3.8537490971942403,1.1548749912824676,-0.98156063424671924,0.88830909838744987,-0.9041172563704748,0.54204420951716148,-0.76990267419430469,0.24989954303348533,-0.58731795428661759,0.076273905059783598,-0.36783149899818013,0.0074030614975926085,-0.12523340851146897,0.007403061527955215,0.12523340851146886,0.076273905147317703,0.36783149899818024,0.24989954316438412,0.58731795428661748,0.54204420966903388,0.76990267419430469,0.88830909855286222,0.9041172563704748,1.1548749914532841,0.98156063424671924
574,-0.13269529077867859,0,0,3.846805015079112,1.1527940185563399,-0.98156063424671924,0.88670845154608902,-0.9041172563704748,0.54106749842134028,-0.76990267419430469,0.2494492482917201,-0.58731795428661759,0.076136466878094528,-0.36783149899818013,0.0073897218968504855,-0.12523340851146897,0.0073897219279308772,0.12523340851146886,0.076136466967699365,0.36783149899818024,0.24944924842568186,0.58731795428661748,0.5410674985767957,0.76990267419430469,0.8867084517153232,0.9041172563704748,1.1527940187310712,0.98156063424671924
575,-0.13576686580282243,0,0,3.8397165517550573,1.1506697782892092,-0.98156063424671924,0.88507452408939391,-0.9041172563704748,0.54007047956904874,-0.76990267419430469,0.2489895910312131,-0.58731795428661759,0.075996171084653494,-0.36783149899818013,0.0073761049394198645,-0.12523340851146897,0.0073761049712166684,0.12523340851146886,0.0759961711763254,0.36783149899818024,0.24898959116823166,0.58731795428661748,0.54007047972807942,0.76990267419430469,0.88507452426244149,0.9041172563704748,1.1506697784678466,0.98156063424671924
576,-0.1388319043053142,0,0,3.8324893781898108,1.1485039699323476,-0.98156063424671924,0.88340862320475688,-0.9041172563704748,0.53905395060308747,-0.76990267419430469,0.2485209389905518,-0.58731795428661759,0.07585312991999564,-0.36783149899818013,0.0073622215192453086,-0.12523340851146897,0.0073622215517565957,0.12523340851146886,0.075853130013729578,0.36783149899818024,0.24852093913061929,0.58731795428661748,0.53905395076568297,0.76990267419430469,0.88340862338160775,0.9041172563704748,1.1485039701148796,0.98156063424671924
577,-0.14188854551339936,0,0,3.8251295325951067,1.1462984029911325,-0.98156063424671924,0.88171214073121007,-0.9041172563704748,0.5380187608204986,-0.76990267419430469,0.24804368372256455,-0.58731795428661759,0.075707462893197339,-0.36783149899818013,0.0073480832357480036,-0.12523340851146897,0.0073480832689714658,0.12523340851146886,0.07570746298898709,0.36783149899818024,0.24804368386567099,0.58731795428661748,0.53801876098664614,0.76990267419430469,0.88171214091185102,0.9041172563704748,1.1462984031775449,0.98156063424671924
578,-0.14493493375228741,0,0,3.8176434108888406,1.1440549941667895,-0.98156063424671924,0.87998655096090683,-0.9041172563704748,0.53696580983103148,-0.76990267419430469,0.24755823997583101,-0.58731795428661759,0.075559296593102065,-0.36783149899818013,0.0073337023755036639,-0.12523340851146897,0.0073337024094365273,0.12523340851146886,0.075559296690940039,0.36783149899818024,0.2475582401219647,0.58731795428661748,0.53696581000071653,0.76990267419430469,0.87998655114532154,0.9041172563704748,1.1440549943570673,0.98156063424671924
579,-0.14796921957172482,0,0,3.8100377562077266,1.141775764213588,-0.98156063424671924,0.87823340822173335,-0.9041172563704748,0.53589604608205921,-0.76990267419430469,0.24706504501462181,-0.58731795428661759,0.075408764480753454,-0.36783149899818013,0.0073190918920962439,-0.12523340851146897,0.0073190919267353636,0.12523340851146886,0.075408764580630838,0.36783149899818024,0.24706504516376929,0.58731795428661748,0.53589604625526577,0.76990267419430469,0.8782334084099036,0.9041172563704748,1.1417757644077124,0.98156063424671924
580,-0.15098956086878876,0,0,3.8023196475060459,1.1394628345221645,-0.98156063424671924,0.8764543442492625,-0.9041172563704748,0.53481046525495113,-0.76990267419430469,0.24656455787957504,-0.58731795428661759,0.075256006663740382,-0.36783149899818013,0.0073042653842161909,-0.12523340851146897,0.0073042654195579508,0.12523340851146886,0.075256006765647143,0.36783149899818024,0.24656455803172092,0.58731795428661748,0.534810465431661,0.76990267419430469,0.8764543444411681,0.9041172563704748,1.1394628347201166,0.98156063424671924
581,-0.15399412400622059,0,0,3.7944964872786726,1.1371184234404126,-0.98156063424671924,0.87465106535684567,-0.9041172563704748,0.53371010853826983,-0.76990267419430469,0.24605725859158586,-0.58731795428661759,0.075101169653209315,-0.36783149899818013,0.007289237072076243,-0.12523340851146897,0.0072892371081166429,0.12523340851146886,0.075101169757134212,0.36783149899818024,0.24605725874671289,0.58731795428661748,0.53371010871846225,0.76990267419430469,0.87465106555246408,0.9041172563704748,1.1371184236421696,0.98156063424671924
582,-0.15698108492561968,0,0,3.7865759884493375,1.134744842344213,-0.98156063424671924,0.87282534941329193,-0.9041172563704748,0.53259606078355581,-0.76990267419430469,0.24554364730156497,-0.58731795428661759,0.074944406104355279,-0.36783149899818013,0.0072740217722238763,-0.12523340851146897,0.007274021808958424,0.12523340851146886,0.074944406210285808,0.36783149899818024,0.24554364745965399,0.58731795428661748,0.53259606096720835,0.76990267419430469,0.87282534961259883,0.9041172563704748,1.1347448425497508,0.98156063424671924
583,-0.15994863025482206,0,0,3.7785661604676921,1.1323444914710614,-0.98156063424671924,0.87097904263816894,-0.9041172563704748,0.53146944854982914,-0.76990267419430469,0.24502424338889148,-0.58731795428661759,0.074785874541253142,-0.36783149899818013,0.0072586348708335848,-0.12523340851146897,0.0072586349082574223,0.12523340851146886,0.074785874649175507,0.36783149899818024,0.24502424354992158,0.58731795428661748,0.53146944873691671,0.76990267419430469,0.87097904284113847,0.9041172563704748,1.1323444916803536,0.98156063424671924
584,-0.1628949584087914,0,0,3.7704752946607218,1.1299198555302425,-0.98156063424671924,0.86911405622522675,-0.9041172563704748,0.53033143804320904,-0.76990267419430469,0.24449958451151271,-0.58731795428661759,0.074625739066930624,-0.36783149899818013,0.0072430922955670218,-0.12523340851146897,0.0072430923336748018,0.12523340851146886,0.074625739176829839,0.36783149899818024,0.24449958467546135,0.58731795428661748,0.53033143823370454,0.76990267419430469,0.86911405643183048,0.9041172563704748,1.1299198557432593,0.98156063424671924
585,-0.16581828068335405,0,0,3.7623119488863033,1.1274734991038791,-0.98156063424671924,0.86723236280496552,-0.9041172563704748,0.52918323295838066,-0.76990267419430469,0.24397022561079221,-0.58731795428661759,0.074464169059629742,-0.36783149899818013,0.0072274104860923409,-0.12523340851146897,0.0072274105248783692,0.12523340851146886,0.074464169171489625,0.36783149899818024,0.24397022577763514,0.58731795428661748,0.52918323315225491,0.76990267419430469,0.86723236301517193,0.9041172563704748,1.1274734993205864,0.98156063424671924
586,-0.1687168223411144,0,0,3.7540849315383067,1.1250080618536409,-0.98156063424671924,0.86533599275772599,-0.9041172563704748,0.52802607222885245,-0.76990267419430469,0.24343673787430659,-0.58731795428661759,0.074301338856233703,-0.36783149899818013,0.007211606363358063,-0.12523340851146897,0.0072116064028161569,0.12523340851146886,0.074301338970036893,0.36783149899818024,0.24343673804401761,0.58731795428661748,0.5280260724260748,0.76990267419430469,0.86533599297150154,0.9041172563704748,1.1250080620740037,0.98156063424671924
587,-0.17158882368889058,0,0,3.7458032849541549,1.1225262535483975,-0.98156063424671924,0.863427030389049,-0.9041172563704748,0.52686122769316834,-0.76990267419430469,0.24289970765989519,-0.58731795428661759,0.074137427423866822,-0.36783149899818013,0.0071956972977188323,-0.12523340851146897,0.0071956973378424945,0.12523340851146886,0.074137427539594833,0.36783149899818024,0.24289970783244691,0.58731795428661748,0.5268612278937056,0.76990267419430469,0.86342703060635795,0.9041172563704748,1.1225262537723801,0.98156063424671924
588,-0.17443254114601747,0,0,3.737476268277212,1.1200308489284914,-0.98156063424671924,0.86150760997936526,-0.9041172563704748,0.52569000168443702,-0.76990267419430469,0.24235973538435826,-0.58731795428661759,0.073972618020705191,-0.36783149899818013,0.0071797010760141482,-0.12523340851146897,0.0071797011167963991,0.12523340851146886,0.073972618138338497,0.36783149899818024,0.24235973555972132,0.58731795428661748,0.5256900018882551,0.76990267419430469,0.86150761020016986,0.9041172563704748,1.1200308491560567,0.98156063424671924
589,-0.17724624830286725,0,0,3.7291133398268621,1.1175246824224809,-0.98156063424671924,0.85957991172020798,-0.9041172563704748,0.52451372455061951,-0.76990267419430469,0.24181743438022926,-0.58731795428661759,0.073807097847042716,-0.36783149899818013,0.0071636358677011121,-0.12523340851146897,0.0071636359091345886,0.12523340851146886,0.073807097966560556,0.36783149899818024,0.24181743455837218,0.58731795428661748,0.5245137247576821,0.76990267419430469,0.85957991194446748,0.9041172563704748,1.1175246826535883,0.98156063424671924
590,-0.18002823696894593,0,0,3.7207241390305668,1.1150106427326163,-0.98156063424671924,0.85764615754946028,-0.9041172563704748,0.52333375211320432,-0.76990267419430469,0.24127342972414412,-0.58731795428661759,0.073641057687687889,-0.36783149899818013,0.0071475201901459694,-0.12523340851146897,0.0071475202322228886,0.12523340851146886,0.073641057809068503,0.36783149899818024,0.24127342990503425,0.58731795428661748,0.52333375232347312,0.76990267419430469,0.8576461577771316,0.9041172563704748,1.1150106429672237,0.98156063424671924
591,-0.18277681820992892,0,0,3.71231846797202,1.1124916673052707,-0.98156063424671924,0.85570860689810624,-0.9041172563704748,0.52215146307188687,-0.76990267419430469,0.240728357040317,-0.58731795428661759,0.07347469154676263,-0.36783149899818013,0.0071313728731779878,-0.12523340851146897,0.0071313729158901922,0.12523340851146886,0.073474691669983092,0.36783149899818024,0.24072835722391989,0.58731795428661748,0.5221514632853208,0.76990267419430469,0.85570860712914498,0.9041172563704748,1.1124916675433325,0.98156063424671924
592,-0.18549032337300614,0,0,3.7039062726099976,1.1099707367026828,-0.98156063424671924,0.85376955236108043,-0.9041172563704748,0.52096825636293009,-0.76990267419430469,0.24018286128266056,-0.58731795428661759,0.073308196275983312,-0.36783149899818013,0.0071152130230108723,-0.12523340851146897,0.0071152130663497725,0.12523340851146886,0.073308196401019474,0.36783149899818024,0.24018286146893997,0.58731795428661748,0.52096825657948631,0.76990267419430469,0.85376955259544141,0.9041172563704748,1.1099707369441509,0.98156063424671924
593,-0.18816710509991441,0,0,3.695497623722702,1.1074508688924416,-0.98156063424671924,0.85183131530484124,-0.9041172563704748,0.51978554847891589,-0.76990267419430469,0.23963759549910607,-0.58731795428661759,0.073141771197508643,-0.36783149899818013,0.0070990599856366934,-0.12523340851146897,0.0070990600295934457,0.12523340851146886,0.073141771324335372,0.36783149899818024,0.23963759568802437,0.58731795428661748,0.51978554869854998,0.76990267419430469,0.85183131554247793,0.9041172563704748,1.107450869137266,0.98156063424671924
594,-0.19080553832704211,0,0,3.6871026976314996,1.1049351134708574,-0.98156063424671924,0.84989624142409326,-0.9041172563704748,0.5186047707574658,-0.76990267419430469,0.23909321958161828,-0.58731795428661759,0.072975617722421407,-0.36783149899818013,0.0070829333097963097,-0.12523340851146897,0.0070829333543616204,0.12523340851146886,0.072975617851012448,0.36783149899818024,0.23909321977313622,0.58731795428661748,0.51860477098013114,0.76990267419430469,0.84989624166495525,0.9041172563704748,1.1049351137189867,0.98156063424671924
595,-0.19340402127199849,0,0,3.6787317567580136,1.1024265458363978,-0.98156063424671924,0.84796669626009458,-0.9041172563704748,0.51742736664652456,-0.76990267419430469,0.23855039900540456,-0.58731795428661759,0.072809938965911966,-0.36783149899818013,0.0070668527096293095,-0.12523340851146897,0.0070668527547936401,0.12523340851146886,0.07280993909624002,0.36783149899818024,0.23855039919948121,0.58731795428661748,0.51742736687217283,0.76990267419430469,0.84796669650413081,0.9041172563704748,1.1024265460877787,0.98156063424671924
596,-0.19596097640604915,0,0,3.6703951300676145,1.0999282613290735,-0.98156063424671924,0.84604506069278107,-0.9041172563704748,0.51625478895366339,-0.76990267419430469,0.23800980356075638,-0.58731795428661759,0.07264493936021317,-0.36783149899818013,0.007050838027106065,-0.12523340851146897,0.0070508380728594635,0.12523340851146886,0.072644939492249955,0.36783149899818024,0.23800980375734926,0.58731795428661748,0.51625478918224443,0.76990267419430469,0.8460450609399377,0.9041172563704748,1.0999282615836512,0.98156063424671924
597,-0.19847485141182739,0,0,3.6621031934510384,1.0974433693512875,-0.98156063424671924,0.84413372641862827,-0.9041172563704748,0.51508849708668214,-0.76990267419430469,0.23747210608087918,-0.58731795428661759,0.072480824266310862,-0.36783149899818013,0.0070349091943406224,-0.12523340851146897,0.0070349092406728868,0.12523340851146886,0.07248082440002715,0.36783149899818024,0.23747210627994439,0.58731795428661748,0.51508849731814443,0.76990267419430469,0.84413372666885089,0.9041172563704748,1.0974433696090056,0.98156063424671924
598,-0.20094412012573937,0,0,3.6538663500953739,1.0949749874854968,-0.98156063424671924,0.84223509142606212,-0.9041172563704748,0.5139299542927136,-0.76990267419430469,0.23693798116903292,-0.58731795428661759,0.072317799585443779,-0.36783149899818013,0.0070190861958834838,-0.12523340851146897,0.0070190862427839586,0.12523340851146886,0.072317799720809234,0.36783149899818024,0.23693798137052505,0.58731795428661748,0.51392995452700385,0.76990267419430469,0.84223509167929356,0.9041172563704748,1.0949749877462971,0.98156063424671924
599,-0.20336728346449179,0,0,3.6456950108934141,1.092526235623372,-0.98156063424671924,0.84035155547971219,-0.9041172563704748,0.51278062490272758,-0.76990267419430469,0.23640810392816028,-0.58731795428661759,0.072156071371362998,-0.36783149899818013,0.0070033890310877284,-0.12523340851146897,0.0070033890785455031,0.12523340851146886,0.072156071508346326,0.36783149899818024,0.23640810413203267,0.58731795428661748,0.51278062513979072,0.76990267419430469,0.84035155573589493,0.9041172563704748,1.0925262358871937,0.98156063424671924
600,-0.20574287033517868,0,0,3.6375995749399959,1.0901002301210228,-0.98156063424671924,0.83848551562471574,-0.9041172563704748,0.51164197158826763,-0.76990267419430469,0.23588314869615601,-0.58731795428661759,0.071995845444312923,-0.36783149899818013,0.006987837676642579,-0.12523340851146897,0.0069878377246463882,0.12523340851146886,0.071995845582881871,0.36783149899818024,0.23588314890236059,0.58731795428661748,0.51164197182804649,0.76990267419430469,0.83848551588379805,0.9041172563704748,1.0901002303878033,0.98156063424671924
601,-0.20806943852837573,0,0,3.6295904101607279,1.0877000779938941,-0.98156063424671924,0.8366393617215484,-0.9041172563704748,0.51051545263680764,-0.76990267419430469,0.23536378778972009,-0.58731795428661759,0.071837327007632415,-0.36783149899818013,0.0069724520493610262,-0.12523340851146897,0.006972452097899322,0.12523340851146886,0.071837327147753774,0.36783149899818024,0.23536378799820748,0.58731795428661748,0.51051545287924327,0.76990267419430469,0.83663936198346944,0.9041172563704748,1.0877000782635708,0.98156063424671924
602,-0.2103455755936991,0,0,3.6216778341183469,1.0853288711649067,-0.98156063424671924,0.8348154720217813,-0.9041172563704748,0.50940251925209579,-0.76990267419430469,0.23485069025973077,-0.58731795428661759,0.07168072026787195,-0.36783149899818013,0.0069572519693089085,-0.12523340851146897,0.0069572520183697984,0.12523340851146886,0.071680720409511511,0.36783149899818024,0.23485069047045024,0.58731795428661748,0.50940251949712845,0.76990267419430469,0.83481547228647723,0.9041172563704748,1.0853288714374143,0.98156063424671924
603,-0.21256989969729745,0,0,3.6138720950384977,1.0829896807783372,-0.98156063424671924,0.83301620879442584,-0.9041172563704748,0.50830461288535966,-0.76990267419430469,0.23434452066084513,-0.58731795428661759,0.071526228059253072,-0.36783149899818013,0.00694225712335523,-0.12523340851146897,0.0069422571729266134,0.12523340851146886,0.071526228202375808,0.36783149899818024,0.23434452087374452,0.58731795428661748,0.50830461313292752,0.76990267419430469,0.83301620906183071,0.9041172563704748,1.0829896810536095,0.98156063424671924
604,-0.21474106046075689,0,0,3.6061833530958394,1.08068555159172,-0.98156063424671924,0.83124391401228614,-0.9041172563704748,0.50722316260312617,-0.76990267419430469,0.23384593783798144,-0.58731795428661759,0.071374051473280631,-0.36783149899818013,0.0069274870292229066,-0.12523340851146897,0.0069274870792922849,0.12523340851146886,0.071374051617850667,0.36783149899818024,0.23384593805300727,0.58731795428661748,0.50722316285316604,0.76990267419430469,0.83124391428233346,0.9041172563704748,1.0806855518696885,0.98156063424671924
605,-0.216857739780909,0,0,3.5986216619979854,1.0784194964570033,-0.98156063424671924,0.82950090510696173,-0.9041172563704748,0.50615958249693438,-0.76990267419430469,0.23335559373211434,-0.58731795428661759,0.071224389494249946,-0.36783149899818013,0.0069129610001113072,-0.12523340851146897,0.0069129610506659207,0.12523340851146886,0.071224389640230576,0.36783149899818024,0.23335559394921215,0.58731795428661748,0.50615958274938233,0.76990267419430469,0.82950090537958321,0.9041172563704748,1.0784194967375973,0.98156063424671924
606,-0.21891865263004431,0,0,3.591196950904314,1.0761944909020542,-0.98156063424671924,0.82778947080103926,-0.9041172563704748,0.50511526914014904,-0.76990267419430469,0.23287413220778536,-0.58731795428661759,0.071077438641381205,-0.36783149899818013,0.0068986981099622815,-0.12523340851146897,0.0068986981609891404,0.12523340851146886,0.071077438788734931,0.36783149899818024,0.23287413242689939,0.58731795428661748,0.50511526939493967,0.76990267419430469,0.82778947107616474,0.9041172563704748,1.0761944911852033,0.98156063424671924
607,-0.22092254783604548,0,0,3.5839190067121125,1.0740134678222473,-0.98156063424671924,0.82611186702495853,-0.9041172563704748,0.50409159909644008,-0.76990267419430469,0.23240218790443321,-0.58731795428661759,0.070933392618224872,-0.36783149899818013,0.0068847171594318499,-0.12523340851146897,0.0068847172109176838,0.12523340851146886,0.070933392766913281,0.36783149899818024,0.23240218812550648,0.58731795428661748,0.50409159935350711,0.76990267419430469,0.82611186730251684,0.9041172563704748,1.0740134681078797,0.98156063424671924
608,-0.2228682088419664,0,0,3.5767974567423546,1.0718793122918127,-0.98156063424671924,0.82447031292599249,-0.9041172563704748,0.50308992648447304,-0.76990267419430469,0.23194038511363751,-0.58731795428661759,0.070792441969976014,-0.36783149899818013,0.0068710366426295083,-0.12523340851146897,0.006871036694560761,0.12523340851146886,0.070792442119959914,0.36783149899818024,0.23194038533661301,0.58731795428661748,0.50308992674374831,0.76990267419430469,0.82447031320591269,0.9041172563704748,1.0718793125798542,0.98156063424671924
609,-0.22475445444459563,0,0,3.5698417518536454,1.069794856503494,-0.98156063424671924,0.82286698697592731,-0.9041172563704748,0.50211158060282168,-0.76990267419430469,0.23148933668413177,-0.58731795428661759,0.070654773749263544,-0.36783149899818013,0.0068576747146800454,-0.12523340851146897,0.006857674767042906,0.12523340851146886,0.070654773900502968,0.36783149899818024,0.2314893369089511,0.58731795428661748,0.50211158086423613,0.76990267419430469,0.82286698725813578,0.9041172563704748,1.0697948567938713,0.98156063424671924
610,-0.22658013951155609,0,0,3.5630611500112028,1.0677628748445698,-0.98156063424671924,0.82130402318362361,-0.9041172563704748,0.5011578636188837,-0.76990267419430469,0.23104964295631805,-0.58731795428661759,0.070520571190945708,-0.36783149899818013,0.0068446491601595319,-0.12523340851146897,0.0068446492129399499,0.12523340851146886,0.070520571343399563,0.36783149899818024,0.2310496431829212,0.58731795428661748,0.50115786388236794,0.76990267419430469,0.82130402346804554,0.9041172563704748,1.0677628751372117,0.98156063424671924
611,-0.22834415567650471,0,0,3.5564647003353009,1.0657860791165694,-0.98156063424671924,0.81978350741810313,-0.9041172563704748,0.50023004832523588,-0.76990267419430469,0.23062189072787556,-0.58731795428661759,0.070390013396393239,-0.36783149899818013,0.0068319773624523133,-0.12523340851146897,0.0068319774156360294,0.12523340851146886,0.070390013550020253,0.36783149899818024,0.23062189095620114,0.58731795428661748,0.50023004859071851,0.76990267419430469,0.81978350770466413,0.9041172563704748,1.0657860794113991,0.98156063424671924
612,-0.23004543201201022,0,0,3.5500612276508416,1.063867113905145,-0.98156063424671924,0.81830747384714608,-0.9041172563704748,0.49932937596647364,-0.76990267419430469,0.23020665225186399,-0.58731795428661759,0.070263275027693931,-0.36783149899818013,0.0068196762740707507,-0.12523340851146897,0.0068196763276432201,0.12523340851146886,0.070263275182452123,0.36783149899818024,0.23020665248184985,0.58731795428661748,0.49932937623388185,0.76990267419430469,0.81830747413576865,0.9041172563704748,1.0638671142020835,0.98156063424671924
613,-0.23168293567969933,0,0,3.5438593175586712,1.0620085521063083,-0.98156063424671924,0.8168779014961477,-0.9041172563704748,0.49845705413943697,-0.76990267419430469,0.22980448426866151,-0.58731795428661759,0.070140526012181903,-0.36783149899818013,0.0068077623879770691,-0.12523340851146897,0.0068077624419236342,0.12523340851146886,0.070140526168028586,0.36783149899818024,0.22980448450024493,0.58731795428661748,0.49845705440869342,0.76990267419430469,0.81687790178675412,0.9041172563704748,1.0620085524052747,0.98156063424671924
614,-0.23325567255727619,0,0,3.537867302045405,1.0602128906140491,-0.98156063424671924,0.81549671093111442,-0.9041172563704748,0.49761425476917076,-0.76990267419430469,0.22941592707282285,-0.58731795428661759,0.07002193125762525,-0.36783149899818013,0.0067962517099400196,-0.12523340851146897,0.0067962517642456552,0.12523340851146886,0.070021931414517111,0.36783149899818024,0.22941592730593999,0.58731795428661748,0.49761425504020074,0.76990267419430469,0.81549671122362533,0.9041172563704748,1.0602128909149615,0.98156063424671924
615,-0.23476268784203297,0,0,3.5320932456479603,1.058482546174178,-0.98156063424671924,0.81416576106951344,-0.9041172563704748,0.49680211216292297,-0.76990267419430469,0.22904150361590572,-0.58731795428661759,0.069907650378392708,-0.36783149899818013,0.0067851597319566036,-0.12523340851146897,0.0067851597866062149,0.12523340851146886,0.069907650536285837,0.36783149899818024,0.22904150385049191,0.58731795428661748,0.49680211243565187,0.76990267419430469,0.81416576136384844,0.9041172563704748,1.0584825464769543,0.98156063424671924
616,-0.23620306663048324,0,0,3.5265449321864795,1.0568198514085076,-0.98156063424671924,0.81288684612214279,-0.9041172563704748,0.49602172114407961,-0.76990267419430469,0.22868171864615666,-0.58731795428661759,0.069797837432869991,-0.36783149899818013,0.0067745014067662705,-0.12523340851146897,0.0067745014617444504,0.12523340851146886,0.069797837591719813,0.36783149899818024,0.22868171888214661,0.58731795428661748,0.49602172141843165,0.76990267419430469,0.81288684641822051,0.9041172563704748,1.0568198517130651,0.98156063424671924
617,-0.23757593447376357,0,0,3.5212298520763334,1.0552270510125679,-0.98156063424671924,0.8116616926684832,-0.9041172563704748,0.49527413526754888,-0.76990267419430469,0.22833705788574754,-0.58731795428661759,0.069692640672337075,-0.36783149899818013,0.0067642911234770051,-0.12523340851146897,0.0067642911787682549,0.12523340851146886,0.069692640832098529,0.36783149899818024,0.22833705812307492,0.58731795428661748,0.49527413554344729,0.76990267419430469,0.81166169296622104,0.9041172563704748,1.0552270513188238,0.98156063424671924
618,-0.23888045790846169,0,0,3.5161551902308026,1.0537062981303349,-0.98156063424671924,0.81049195686820408,-0.9041172563704748,0.49456036511822876,-0.76990267419430469,0.22800798724631502,-0.58731795428661759,0.069592202301536746,-0.36783149899818013,0.0067545426843265378,-0.12523340851146897,0.0067545427399151097,0.12523340851146886,0.069592202462164188,0.36783149899818024,0.22800798748491255,0.58731795428661748,0.49456036539559567,0.76990267419430469,0.81049195716751843,0.9041172563704748,1.0537062984382037,0.98156063424671924
619,-0.24011584496254196,0,0,3.5113278145604907,1.0522596509077815,-0.98156063424671924,0.80937922181021849,-0.9041172563704748,0.49388137669340587,-0.76990267419430469,0.22769495208319493,-0.58731795428661759,0.069496658251053278,-0.36783149899818013,0.0067452692825895211,-0.12523340851146897,0.0067452693384595658,0.12523340851146886,0.069496658412500592,0.36783149899818024,0.22769495232299472,0.58731795428661748,0.49388137697216256,0.76990267419430469,0.80937922211102431,0.9041172563704748,1.0522596512171762,0.98156063424671924
620,-0.24128134563605041,0,0,3.5067542650787114,1.0508890692280286,-0.98156063424671924,0.80832499500141841,-0.9041172563704748,0.49323808987038797,-0.76990267419430469,0.22739837648895278,-0.58731795428661759,0.069406137961684974,-0.36783149899818013,0.0067364834816490892,-0.12523340851146897,0.0067364835377845822,0.12523340851146886,0.069406138123905628,0.36783149899818024,0.22739837672988597,0.58731795428661748,0.49323809015045483,0.76990267419430469,0.80832499530362967,0.9041172563704748,1.0508890695388624,0.98156063424671924
621,-0.2423762523562889,0,0,3.5024407436152871,1.0495964116288192,-0.98156063424671924,0.8073307059956516,-0.9041172563704748,0.49263137695971132,-0.76990267419430469,0.22711866262636596,-0.58731795428661759,0.069320764180858266,-0.36783149899818013,0.0067281971952369403,-0.12523340851146897,0.0067281972516217564,0.12523340851146886,0.069320764343805366,0.36783149899818024,0.22711866286836357,0.58731795428661748,0.49263137724100808,0.76990267419430469,0.80733070629918158,0.9041172563704748,1.0495964119410048,0.98156063424671924
622,-0.24339990040715151,0,0,3.4983931041458463,1.048383432404445,-0.98156063424671924,0.80639770416457468,-0.9041172563704748,0.49206206134491981,-0.76990267419430469,0.22685619010131944,-0.58731795428661759,0.069240652771223904,-0.36783149899818013,0.0067204216688559739,-0.12523340851146897,0.0067204217254738059,0.12523340851146886,0.069240652934850086,0.36783149899818024,0.22685619034431198,0.58731795428661748,0.49206206162736627,0.76990267419430469,0.80639770446933645,0.9041172563704748,1.0483834327178934,0.98156063424671924
623,-0.24435166833230787,0,0,3.4946168437369689,1.0472517788922262,-0.98156063424671924,0.8055272566104632,-0.9041172563704748,0.4915309162089665,-0.76990267419430469,0.22661131537563603,-0.58731795428661759,0.069165912531442081,-0.36783149899818013,0.0067131674623858188,-0.12523340851146897,0.0067131675192202657,0.12523340851146886,0.069165912695699619,0.36783149899818024,0.22661131561955344,0.58731795428661748,0.49153091649248187,0.76990267419430469,0.80552725691637095,0.9041172563704748,1.0472517792068494,0.98156063424671924
624,-0.2452309783118902,0,0,3.4911170941115994,1.0462029889448701,-0.98156063424671924,0.80472054622199585,-0.9041172563704748,0.49103866334785723,-0.76990267419430469,0.22638437122012883,-0.58731795428661759,0.069096645029244008,-0.36783149899818013,0.0067064444338800393,-0.12523340851146897,0.0067064444909145171,0.12523340851146886,0.069096645194084788,0.36783149899818024,0.22638437146490073,0.58731795428661748,0.49103866363236026,0.76990267419430469,0.80472054652896186,0.9041172563704748,1.046202989260578,0.98156063424671924
625,-0.2460372965122648,0,0,3.4878986138343406,1.0452384885885935,-0.98156063424671924,0.80397866987292299,-0.9041172563704748,0.49058597207148252,-0.76990267419430469,0.22617566620785026,-0.58731795428661759,0.069032944446762251,-0.36783149899818013,0.0067002617245539688,-0.12523340851146897,0.0067002617817718251,0.12523340851146886,0.069032944612137936,0.36783149899818024,0.22617566645340542,0.58731795428661748,0.49058597235689072,0.76990267419430469,0.80397867018085878,0.9041172563704748,1.045238488905295,0.98156063424671924
626,-0.24677013340829496,0,0,3.4849657811210717,1.0443595898683409,-0.98156063424671924,0.80330263676464819,-0.9041172563704748,0.49017345819226393,-0.76990267419430469,0.22598548424782564,-0.58731795428661759,0.06897489743821783,-0.36783149899818013,0.0066946277449720553,-0.12523340851146897,0.0066946278023565188,0.12523340851146886,0.068974897604079599,0.36783149899818024,0.22598548449409239,0.58731795428661748,0.49017345847849481,0.76990267419430469,0.80330263707346417,0.9041172563704748,1.044359590185945,0.98156063424671924
627,-0.24742904407708216,0,0,3.4823225872723418,1.0435674888799298,-0.98156063424671924,0.80269336691258864,-0.9041172563704748,0.48980168310153627,-0.76990267419430469,0.22581408415923551,-0.58731795428661759,0.068922582999952797,-0.36783149899818013,0.0066895501624333522,-0.12523340851146897,0.0066895502199675631,0.12523340851146886,0.068922583166251522,0.36783149899818024,0.2258140844061419,0.58731795428661748,0.48980168338850683,0.76990267419430469,0.80269336722219597,0.9041172563704748,1.0435674891983442,0.98156063424671924
628,-0.24801362846112712,0,0,3.4799726307415155,1.0428632639924207,-0.98156063424671924,0.80215168977885642,-0.9041172563704748,0.48947115293521032,-0.76990267419430469,0.22566169928676053,-0.58731795428661759,0.068876072353026577,-0.36783149899818013,0.006685035889576401,-0.12523340851146897,0.0066850359472434649,0.12523340851146886,0.068876072519712839,0.36783149899818024,0.22566169953423451,0.58731795428661748,0.48947115322283719,0.76990267419430469,0.8021516900891652,0.9041172563704748,1.0428632643115527,0.98156063424671924
629,-0.24852353159601226,0,0,3.477919111851238,1.0422478742647661,-0.98156063424671924,0.80167834305437169,-0.9041172563704748,0.48918231783062305,-0.76990267419430469,0.22552853715796634,-0.58731795428661759,0.068835428838643145,-0.36783149899818013,0.0066810910742295905,-0.12523340851146897,0.0066810911320124861,0.12523340851146886,0.068835429005667442,0.36783149899818024,0.2255285374059354,0.58731795428661748,0.48918231811882212,0.76990267419430469,0.80167834336529142,0.9041172563704748,1.0422478745845261,0.98156063424671924
630,-0.24895844378909843,0,0,3.4761648282149293,1.0417221580737497,-0.98156063424671924,0.80127397160349512,-0.9041172563704748,0.48893557128255449,-0.76990267419430469,0.22541477918640596,-0.58731795428661759,0.068800707827533059,-0.36783149899818013,0.0066777210906157789,-0.12523340851146897,0.0066777211484974602,0.12523340851146886,0.068800707994845528,0.36783149899818024,0.22541477943479746,0.58731795428661748,0.48893557157124179,0.76990267419430469,0.8012739719149371,0.9041172563704748,1.0417221583940466,0.98156063424671924
631,-0.24931810070542718,0,0,3.4747121710358764,1.0412868320049109,-0.98156063424671924,0.8009391266109519,-0.9041172563704748,0.48873124962268161,-0.76990267419430469,0.22532058043163161,-0.58731795428661759,0.068771956646704116,-0.36783149899818013,0.0066749305322428973,-0.12523340851146897,0.0066749305902062458,0.12523340851146886,0.068771956814254923,0.36783149899818024,0.22532058068037231,0.58731795428661748,0.48873124991177319,0.76990267419430469,0.80093912692282565,0.9041172563704748,1.0412868323256512,0.98156063424671924
632,-0.24960228318596395,0,0,3.4735631229918718,1.0409424902186204,-0.98156063424671924,0.80067426509422601,-0.9041172563704748,0.48856963172204415,-0.76990267419430469,0.22524606946202244,-0.58731795428661759,0.068749214537574349,-0.36783149899818013,0.0066727232078402903,-0.12523340851146897,0.0066727232658681532,0.12523340851146886,0.068749214705313491,0.36783149899818024,0.22524606971103905,0.58731795428661748,0.48856963201145509,0.76990267419430469,0.80067426540644104,0.9041172563704748,1.0409424905397104,0.98156063424671924
633,-0.24981081585468701,0,0,3.4727192615246825,1.0406896054358568,-0.98156063424671924,0.80047975066180299,-0.9041172563704748,0.48845093945372048,-0.76990267419430469,0.22519134856809289,-0.58731795428661759,0.068732512721077429,-0.36783149899818013,0.00667110214767781,-0.12523340851146897,0.0066711022057530231,0.12523340851146886,0.068732512888954725,0.36783149899818024,0.2251913488173119,0.58731795428661748,0.48845093974336562,0.76990267419430469,0.8004797509742686,0.9041172563704748,1.0406896057572028,0.98156063424671924
634,-0.24994355597294937,0,0,3.4721818021330195,1.0405285419120567,-0.98156063424671924,0.80035586349242205,-0.9041172563704748,0.48837534378214575,-0.76990267419430469,0.22515649656986086,-0.58731795428661759,0.06872187525452271,-0.36783149899818013,0.0066700696867317494,-0.12523340851146897,0.0066700697448370955,0.12523340851146886,0.068721875422487907,0.36783149899818024,0.2251564968192086,0.58731795428661748,0.48837534407193983,0.76990267419430469,0.80035586380504686,0.9041172563704748,1.0405285422335655,0.98156063424671924
635,-0.25,0,0,3.4719531907051953,1.0404600326205318,-0.98156063424671924,0.80030316737598872,-0.9041172563704748,0.48834318873064941,-0.76990267419430469,0.22514167207297425,-0.58731795428661759,0.068717350547251366,-0.36783149899818013,0.0066696305235601485,-0.12523340851146897,0.0066696305816783021,0.12523340851146886,0.06871735071525395,0.36783149899818024,0.22514167232237672,0.58731795428661748,0.48834318902050683,0.76990267419430469,0.80030316768868115,0.9041172563704748,1.0404600329421096,0.98156063424671924
636,-0.25005644402705063,0,0,3.4717245364207878,1.0403915104859307,-0.98156063424671924,0.80025046138089151,-0.9041172563704748,0.48831102765121448,-0.76990267419430469,0.22512684479701711,-0.58731795428661759,0.06871282499175696,-0.36783149899818013,0.0066691912780609403,-0.12523340851146897,0.0066691913361918995,0.12523340851146886,0.068712825159796931,0.36783149899818024,0.22512684504647429,0.58731795428661748,0.48831102794113534,0.76990267419430469,0.80025046169365199,0.9041172563704748,1.040391510807577,0.98156063424671924
637,-0.25018918414531299,0,0,3.4711866384337977,1.0402303155257675,-0.98156063424671924,0.80012647311301954,-0.9041172563704748,0.48823537028956782,-0.76990267419430469,0.22509196435770848,-0.58731795428661759,0.068702178844466222,-0.36783149899818013,0.0066681579745720898,-0.12523340851146897,0.0066681580327331768,0.12523340851146886,0.06870217901259415,0.36783149899818024,0.22509196460729433,0.58731795428661748,0.48823537057963773,0.76990267419430469,0.80012647342594001,0.9041172563704748,1.0402303158475745,0.98156063424671924
638,-0.25039771681403605,0,0,3.4703411306168332,1.0399769373719738,-0.98156063424671924,0.79993157918845925,-0.9041172563704748,0.48811644645599672,-0.76990267419430469,0.22503713670486758,-0.58731795428661759,0.068685444443199503,-0.36783149899818013,0.0066665337517673165,-0.12523340851146897,0.0066665338099757398,0.12523340851146886,0.068685444611465626,0.36783149899818024,0.22503713695465544,0.58731795428661748,0.48811644674630073,0.76990267419430469,0.79993157950163085,0.9041172563704748,1.0399769376940335,0.98156063424671924
639,-0.25068189929457285,0,0,3.4691879554275262,1.0396313587804988,-0.98156063424671924,0.79966576634339737,-0.9041172563704748,0.48795424805695226,-0.76990267419430469,0.22496235810711207,-0.58731795428661759,0.068662620649070846,-0.36783149899818013,0.006664318499107624,-0.12523340851146897,0.0066643185573805139,0.12523340851146886,0.068662620817525263,0.36783149899818024,0.2249623583571749,0.58731795428661748,0.48795424834757506,0.76990267419430469,0.79966576665691047,0.9041172563704748,1.0396313591029041,0.98156063424671924
640,-0.25104155621090157,0,0,3.4677269600676097,1.0391935339614129,-0.98156063424671924,0.79932899935704316,-0.9041172563704748,0.48774875360078768,-0.76990267419430469,0.22486761865611241,-0.58731795428661759,0.068633704437877044,-0.36783149899818013,0.0066615119230671645,-0.12523340851146897,0.0066615119814216152,0.12523340851146886,0.068633704606569909,0.36783149899818024,0.22486761890652276,0.58731795428661748,0.48774875389181316,0.76990267419430469,0.79932899967098803,0.9041172563704748,1.039193534284256,0.98156063424671924
641,-0.25147646840398774,0,0,3.4659579450373563,1.0386634031294952,-0.98156063424671924,0.79892123224367773,-0.9041172563704748,0.48749993502712113,-0.76990267419430469,0.22475290541514414,-0.58731795428661759,0.068598691861093519,-0.36783149899818013,0.0066581136404064815,-0.12523340851146897,0.0066581136988595304,0.12523340851146886,0.068598692030074668,0.36783149899818024,0.22475290566597458,0.58731795428661748,0.48749993531863328,0.76990267419430469,0.79892123255814473,0.9041172563704748,1.0386634034528675,0.98156063424671924
642,-0.25198637153887288,0,0,3.4638806740750652,1.0380408954828535,-0.98156063424671924,0.79844241054375686,-0.9041172563704748,0.48720775910486158,-0.76990267419430469,0.22461820306362215,-0.58731795428661759,0.068557578242597922,-0.36783149899818013,0.006654123197266288,-0.12523340851146897,0.006654123255834885,0.12523340851146886,0.068557578411917008,0.36783149899818024,0.224618203314945,0.58731795428661748,0.48720775939694433,0.76990267419430469,0.79844241085883616,0.9041172563704748,1.0380408958068459,0.98156063424671924
643,-0.25257095592291784,0,0,3.4614948800632837,1.0373259309728755,-0.98156063424671924,0.79789247268532648,-0.9041172563704748,0.48687218826294121,-0.76990267419430469,0.22446349428009454,-0.58731795428661759,0.068510358295566828,-0.36783149899818013,0.0066495400805132963,-0.12523340851146897,0.0066495401392143447,0.12523340851146886,0.068510358465273244,0.36783149899818024,0.22446349453198203,0.58731795428661748,0.48687218855567821,0.76990267419430469,0.79789247300110855,0.9041172563704748,1.0373259312975771,0.98156063424671924
644,-0.25322986659170504,0,0,3.4588002707061323,1.0365184220055887,-0.98156063424671924,0.79727135129267546,-0.9041172563704748,0.48649318138885317,-0.76990267419430469,0.22428876011039403,-0.58731795428661759,0.068457026234842275,-0.36783149899818013,0.0066443637286464604,-0.12523340851146897,0.0066443637874967054,0.12523340851146886,0.068457026404985175,0.36783149899818024,0.22428876036291792,0.58731795428661748,0.48649318168232747,0.76990267419430469,0.79727135160924889,0.9041172563704748,1.0365184223310875,0.98156063424671924
645,-0.2539627034877352,0,0,3.4557965346632065,1.0356182752798364,-0.98156063424671924,0.79657897460022964,-0.9041172563704748,0.48607069469140629,-0.76990267419430469,0.22409398036539507,-0.58731795428661759,0.068397575898334395,-0.36783149899818013,0.0066385935435800984,-0.12523340851146897,0.0066385936025962185,0.12523340851146886,0.068397576068962712,0.36783149899818024,0.22409398061862665,0.58731795428661748,0.48607069498570044,0.76990267419430469,0.79657897491768304,0.9041172563704748,1.0356182756062209,0.98156063424671924
646,-0.25476902168810978,0,0,3.4524833482961954,1.034625393809079,-0.98156063424671924,0.79581526800768521,-0.9041172563704748,0.48560468264966361,-0.76990267419430469,0.2238791340585044,-0.58731795428661759,0.068332000880551663,-0.36783149899818013,0.0066322289036042509,-0.12523340851146897,0.0066322289628028041,0.12523340851146886,0.068332001051714025,0.36783149899818024,0.2238791343125143,0.58731795428661748,0.48560468294485953,0.76990267419430469,0.79581526832610638,0.9041172563704748,1.0346253941364376,0.98156063424671924
647,-0.25564833166769213,0,0,3.4488603830519682,1.0335396791339233,-0.98156063424671924,0.79498015578184689,-0.9041172563704748,0.48509509905139991,-0.76990267419430469,0.22364419988442291,-0.58731795428661759,0.068260294678727726,-0.36783149899818013,0.0066252691775676035,-0.12523340851146897,0.0066252692369649854,0.12523340851146886,0.068260294850472483,0.36783149899818024,0.22364420013928155,0.58731795428661748,0.48509509934757872,0.76990267419430469,0.794980156101323,0.9041172563704748,1.0335396794623444,0.98156063424671924
648,-0.25660009959284846,0,0,3.4449273134765357,1.0323610337237155,-0.98156063424671924,0.79407356290388742,-0.9041172563704748,0.48454189812029552,-0.76990267419430469,0.22338915673881865,-0.58731795428661759,0.068182450851434956,-0.36783149899818013,0.0066177137402722947,-0.12523340851146897,0.0066177137998847911,0.12523340851146886,0.068182451023810042,0.36783149899818024,0.22338915699459555,0.58731795428661748,0.48454189841753764,0.76990267419430469,0.79407356322450451,0.9041172563704748,1.0323610340532869,0.98156063424671924
649,-0.2576237476437111,0,0,3.4406838258314121,1.0310893635586529,-0.98156063424671924,0.79309541705546427,-0.9041172563704748,0.48394503572786007,-0.76990267419430469,0.22311398427706042,-0.58731795428661759,0.068098463189120467,-0.36783149899818013,0.0066095619890259999,-0.12523340851146897,0.0066095620488696941,0.12523340851146886,0.068098463362173373,0.36783149899818024,0.22311398453382447,0.58731795428661748,0.48394503602624533,0.76990267419430469,0.79309541737730771,0.9041172563704748,1.0310893638894612,0.98156063424671924
650,-0.25871865436394959,0,0,3.4361296272846329,1.0297245808841089,-0.98156063424671924,0.79204565073729505,-0.9041172563704748,0.48330447068618476,-0.76990267419430469,0.22281866351021792,-0.58731795428661759,0.068008325896016089,-0.36783149899818013,0.0066008133612978689,-0.12523340851146897,0.0066008134213887083,0.12523340851146886,0.068008326069793845,0.36783149899818024,0.22281866376803736,0.58731795428661748,0.4833044709857921,0.76990267419430469,0.79204565106044977,0.9041172563704748,1.0297245812162397,0.98156063424671924
651,-0.25988415503745804,0,0,3.4312644556384067,1.0282666071257751,-0.98156063424671924,0.79092420351143244,-0.9041172563704748,0.48262016611617092,-0.76990267419430469,0.22250317743585937,-0.58731795428661759,0.067912033782669162,-0.36783149899818013,0.0065914673534053832,-0.12523340851146897,0.0065914674137591556,0.12523340851146886,0.067912033957218357,0.36783149899818024,0.22250317769480171,0.58731795428661748,0.48262016641707856,0.76990267419430469,0.7909242038359835,0.9041172563704748,1.0282666074593132,0.98156063424671924
652,-0.26111954209153831,0,0,3.4260880895568699,1.0267153759546706,-0.98156063424671924,0.78973102435881681,-0.9041172563704748,0.48189209088610241,-0.76990267419430469,0.22216751170127824,-0.58731795428661759,0.067809582468371696,-0.36783149899818013,0.0065815235401619253,-0.12523340851146897,0.0065815236007942257,0.12523340851146886,0.067809582643738417,0.36783149899818024,0.22216751196141035,0.58731795428661748,0.48189209118838777,0.76990267419430469,0.78973102468484546,0.9041172563704748,1.0267153762896997,0.98156063424671924
653,-0.26242406552623643,0,0,3.4206003592505394,1.0250708364890113,-0.98156063424671924,0.78846607414209402,-0.9041172563704748,0.48112022111445485,-0.76990267419430469,0.22181165529633562,-0.58731795428661759,0.067700968592628349,-0.36783149899818013,0.0065709815954016317,-0.12523340851146897,0.0065709816563278315,0.12523340851146886,0.067700968768858172,0.36783149899818024,0.22181165555772347,0.58731795428661748,0.48112022141819422,0.76990267419430469,0.78846607446968209,0.9041172563704748,1.0250708368256141,0.98156063424671924
654,-0.26379693336951676,0,0,3.4148011575766306,1.0233329566207074,-0.98156063424671924,0.7871293281642987,-0.9041172563704748,0.4803045417311958,-0.76990267419430469,0.22143560127326953,-0.58731795428661759,0.06758619003485547,-0.36783149899818013,0.0065598413133030791,-0.12523340851146897,0.0065598413745384136,0.12523340851146886,0.067586190211993358,0.36783149899818024,0.22143560153597833,0.58731795428661748,0.48030454203646433,0.76990267419430469,0.78712932849352679,0.9041172563704748,1.0233329569589653,0.98156063424671924
655,-0.26523731215796703,0,0,3.4086904515065899,1.0215017264519046,-0.98156063424671924,0.7857207788121785,-0.9041172563704748,0.47944504809073601,-0.76990267419430469,0.2210393474903167,-0.58731795428661759,0.067465246141348009,-0.36783149899818013,0.0065481026304185595,-0.12523340851146897,0.0065481026919779819,0.12523340851146886,0.067465246319438316,0.36783149899818024,0.2210393477544107,0.58731795428661748,0.47944504839760776,0.76990267419430469,0.78572077914312644,0.9041172563704748,1.0215017267918971,0.98156063424671924
656,-0.26674432744272381,0,0,3.4022682939162157,1.0195771618281964,-0.98156063424671924,0.78424043827387846,-0.9041172563704748,0.47854174763025531,-0.76990267419430469,0.22062289737625213,-0.58731795428661759,0.067338137958631056,-0.36783149899818013,0.0065357656483227902,-0.12523340851146897,0.0065357657102211031,0.12523340851146886,0.067338138137717551,0.36783149899818024,0.22062289764179513,0.58731795428661748,0.47854174793880233,0.76990267419430469,0.78424043860662573,0.9041172563704748,1.0195771621700018,0.98156063424671924
657,-0.26831706432030067,0,0,3.3955348356466475,1.0175593079530079,-0.98156063424671924,0.78268834131906229,-0.9041172563704748,0.47759466156612329,-0.76990267419430469,0.22018626071249481,-0.58731795428661759,0.067204868472172524,-0.36783149899818013,0.006522830656782253,-0.12523340851146897,0.0065228307190339585,0.12523340851146886,0.067204868652298355,0.36783149899818024,0.22018626097954919,0.58731795428661748,0.47759466187641741,0.76990267419430469,0.78268834165368584,0.9041172563704748,1.0175593082967036,0.98156063424671924
658,-0.26995456798798978,0,0,3.3884903377876179,1.0154482430685898,-0.98156063424671924,0.78106454813026382,-0.9041172563704748,0.47660382662158723,-0.76990267419430469,0.21972945442962474,-0.58731795428661759,0.067065442849494963,-0.36783149899818013,0.0065092981573511713,-0.12523340851146897,0.0065092982199706825,0.12523340851146886,0.067065443030702665,0.36783149899818024,0.21972945469825172,0.58731795428661748,0.47660382693369924,0.76990267419430469,0.78106454846683915,0.9041172563704748,1.0154482434142518,0.98156063424671924
659,-0.27165584432349532,0,0,3.3811351841290755,1.013244082187468,-0.98156063424671924,0.77936914717305128,-0.9041172563704748,0.47556929677813747,-0.76990267419430469,0.21925250341481875,-0.58731795428661759,0.066919868686619616,-0.36783149899818013,0.0064951688872913593,-0.12523340851146897,0.006495168950292716,0.12523340851146886,0.066919868868951043,0.36783149899818024,0.21925250368507865,0.58731795428661748,0.4755692970921373,0.76990267419430469,0.77936914751165243,0.9041172563704748,1.0132440825351703,0.98156063424671924
660,-0.27341986048844391,0,0,3.3734698937290943,1.0109469808587386,-0.98156063424671924,0.77760225809299621,-0.9041172563704748,0.47449114504323175,-0.76990267419430469,0.21875544132682678,-0.58731795428661759,0.066768156256812108,-0.36783149899818013,0.0064804438437149493,-0.12523340851146897,0.0064804439071120606,0.12523340851146886,0.066768156440308507,0.36783149899818024,0.21875544159877916,0.58731795428661748,0.47449114535918763,0.76990267419430469,0.77760225843369446,0.9041172563704748,1.0109469812085545,0.98156063424671924
661,-0.27524554555540437,0,0,3.3654951335435066,1.0085571389528629,-0.98156063424671924,0.77576403462686727,-0.9041172563704748,0.47336946522670081,-0.76990267419430469,0.2182383114149512,-0.58731795428661759,0.066610318760549972,-0.36783149899818013,0.0064651243078461505,-0.12523340851146897,0.0064651243716526306,0.12523340851146886,0.066610318945251754,0.36783149899818024,0.21823831168865418,0.58731795428661748,0.47336946554467935,0.76990267419430469,0.7757640349697339,0.9041172563704748,1.008557139304864,0.98156063424671924
662,-0.2771317911580336,0,0,3.3572117310618839,1.0060748044483641,-0.98156063424671924,0.77385466751529064,-0.9041172563704748,0.47220437371804513,-0.76990267419430469,0.21770116733843728,-0.58731795428661759,0.066446372575615462,-0.36783149899818013,0.0064492118692948937,-0.12523340851146897,0.0064492119335241224,0.12523340851146886,0.066446372761562192,0.36783149899818024,0.217701167613948,0.58731795428661748,0.47220437403811161,0.76990267419430469,0.77385466786039558,0.9041172563704748,1.0060748048026205,0.98156063424671924
663,-0.27907745216395452,0,0,3.3486206868950825,1.0035002772040098,-0.98156063424671924,0.7718743874042443,-0.9041172563704748,0.47099601125692048,-0.76990267419430469,0.21714407398272309,-0.58731795428661759,0.06627633750622991,-0.36783149899818013,0.0064327084502375743,-0.12523340851146897,0.0064327085149026748,0.12523340851146886,0.066276337693460349,0.36783149899818024,0.21714407426009769,0.58731795428661748,0.47099601157913845,0.76990267419430469,0.77187438775165584,0.9041172563704748,1.0035002775605899,0.98156063424671924
664,-0.28108134736995571,0,0,3.339723187257845,1.0008339126995442,-0.98156063424671924,0.76982346772236165,-0.9041172563704748,0.46974454468886245,-0.76990267419430469,0.21656710826888406,-0.58731795428661759,0.066100237030110906,-0.36783149899818013,0.0064156163293961526,-0.12523340851146897,0.0064156163945099948,0.12523340851146886,0.066100237218663122,0.36783149899818024,0.21656710854817743,0.58731795428661748,0.46974454501329482,0.76990267419430469,0.76982346807214652,0.9041172563704748,1.0008339130585147,0.98156063424671924
665,-0.283142260219091,0,0,3.3305206162908036,0.9980761257282913,-0.98156063424671924,0.76770222752121664,-0.9041172563704748,0.46845016869842321,-0.76990267419430469,0.21597035995266356,-0.58731795428661759,0.065918098542351256,-0.36783149899818013,0.0063979381657087893,-0.12523340851146897,0.0063979382312839344,0.12523340851146886,0.065918098732262412,0.36783149899818024,0.2159703602339289,0.58731795428661748,0.46845016902513109,0.76990267419430469,0.76770222787343978,0.9041172563704748,0.99807612608971763,0.98156063424671924
666,-0.28525893953924308,0,0,3.3210145681660528,0.99522739402490168,-0.98156063424671924,0.76551103426572209,-0.9041172563704748,0.46711310751186508,-0.76990267419430469,0.21535393240946835,-0.58731795428661759,0.065729953595014018,-0.36783149899818013,0.0063796770215846614,-0.12523340851146897,0.006379677087633347,0.12523340851146886,0.065729953786320433,0.36783149899818024,0.21535393269275774,0.58731795428661748,0.46711310784090793,0.76990267419430469,0.7655110346204469,0.9041172563704748,0.99522739438884777,0.98156063424671924
667,-0.28743010030270255,0,0,3.3112068589205501,0.99228826181153662,-0.98156063424671924,0.76325030656178927,-0.9041172563704748,0.46573361656157197,-0.76990267419430469,0.21471794340171552,-0.58731795428661759,0.065535838131340438,-0.36783149899818013,0.0063608363856359042,-0.12523340851146897,0.0063608364521701077,0.12523340851146886,0.065535838324077653,0.36783149899818024,0.21471794368707936,0.58731795428661748,0.46573361689300763,0.76990267419430469,0.76325030691907769,0.9041172563704748,0.99228826217806421,0.98156063424671924
668,-0.2896544244063009,0,0,3.3010995379630286,0.98925934324620923,-0.98156063424671924,0.7609205168087313,-0.9041172563704748,0.46431198410453994,-0.76990267419430469,0.21406252582500815,-0.58731795428661759,0.065335792713496613,-0.36783149899818013,0.0063414201947824943,-0.12523340851146897,0.0063414202618138791,0.12523340851146886,0.065335792907699156,0.36783149899818024,0.21406252611249518,0.58731795428661748,0.46431198443842492,0.76990267419430469,0.76092051716864251,0.9041172563704748,0.98925934361537793,0.98156063424671924
669,-0.29193056147162427,0,0,3.2906948991993024,0.98614132575676849,-0.98156063424671924,0.758522193763702,-0.9041172563704748,0.46284853278719257,-0.76990267419430469,0.21338782842956369,-0.58731795428661759,0.065129862742766692,-0.36783149899818013,0.0063214328556239997,-0.12523340851146897,0.0063214329231638172,0.12523340851146886,0.065129862938468161,0.36783149899818024,0.21338782871922177,0.58731795428661748,0.46284853312358126,0.76990267419430469,0.75852219412629396,0.9041172563704748,0.98614132612863659,0.98156063424671924
670,-0.29425712966482132,0,0,3.2799954917242564,0.98293497324503043,-0.98156063424671924,0.75605592500625551,-0.9041172563704748,0.46134362114925087,-0.76990267419430469,0.21269401651354658,-0.58731795428661759,0.064918098671170432,-0.36783149899818013,0.0063008792649788259,-0.12523340851146897,0.006300879333038069,0.12523340851146886,0.064918098868403523,0.36783149899818024,0.21269401680542188,0.58731795428661748,0.46134362148819591,0.76990267419430469,0.75605592537158417,0.9041172563704748,0.98293497361965365,0.98156063424671924
671,-0.29663271653550821,0,0,3.2690041300276889,0.97964112914521784,-0.98156063424671924,0.75352235929084554,-0.9041172563704748,0.45979764505922055,-0.76990267419430469,0.21198127258487326,-0.58731795428661759,0.064700556203458187,-0.36783149899818013,0.0062797648294897626,-0.12523340851146897,0.006279764898079061,0.12523340851146886,0.064700556402254611,0.36783149899818024,0.21198127287901039,0.58731795428661748,0.459797645400773,0.76990267419430469,0.7535223596589643,0.9041172563704748,0.9796411295226497,0.98156063424671924
672,-0.29905587987426063,0,0,3.2577239036646417,0.97626071932192704,-0.98156063424671924,0.75092220877588867,-0.9041172563704748,0.45821103907456245,-0.76990267419430469,0.21124979698829272,-0.58731795428661759,0.064477296488507724,-0.36783149899818013,0.0062580954842006561,-0.12523340851146897,0.0062580955533303086,0.12523340851146886,0.064477296688898261,0.36783149899818024,0.21124979728473492,0.58731795428661748,0.45821103941877145,0.76990267419430469,0.75092220914684915,0.9041172563704748,0.97626071970222128,0.98156063424671924
673,-0.30152514858817259,0,0,3.2461581863411291,0.97279475479289612,-0.98156063424671924,0.74825625111806904,-0.9041172563704748,0.45658427771963328,-0.76990267419430469,0.21049980849455863,-0.58731795428661759,0.064248386299150001,-0.36783149899818013,0.0062358777100101704,-0.12523340851146897,0.0062358777796900633,0.12523340851146886,0.06424838650116442,0.36783149899818024,0.21049980879334776,0.58731795428661748,0.45658427806654617,0.76990267419430469,0.74825625149192143,0.9041172563704748,0.97279475517610281,0.98156063424671924
674,-0.30403902359395085,0,0,3.2343106443697813,0.96924433426295864,-0.98156063424671924,0.74552533142140931,-0.9041172563704748,0.45491787667500361,-0.76990267419430469,0.20973154484874254,-0.58731795428661759,0.064013898199524313,-0.36783149899818013,0.0062131185499149991,-0.12523340851146897,0.0062131186201547532,0.12523340851146886,0.064013898403191369,0.36783149899818024,0.20973154514991885,0.58731795428661748,0.45491787702466602,0.76990267419430469,0.74552533179820168,0.9041172563704748,0.96924433464912629,0.98156063424671924
675,-0.30659597872800148,0,0,3.2221852444502841,0.9656106464556522,-0.98156063424671924,0.74273036403070158,-0.9041172563704748,0.45321239387180495,-0.76990267419430469,0.20894526327476262,-0.58731795428661759,0.06377391069906993,-0.36783149899818013,0.0061898256239562586,-0.12523340851146897,0.0061898256947650566,0.12523340851146886,0.063773910904417197,0.36783149899818024,0.20894526357836488,0.58731795428661748,0.45321239422426085,0.76990267419430469,0.74273036441048013,0.9041172563704748,0.965610646844827,0.98156063424671924
676,-0.30919446167295789,0,0,3.2097862607338103,0.96189497223025633,-0.98156063424671924,0.7398723341598954,-0.9041172563704748,0.45146843048537033,-0.76990267419430469,0.20814124093348291,-0.58731795428661759,0.063528508392345986,-0.36783149899818013,0.006166007142790148,-0.12523340851146897,0.0061660072141768467,0.12523340851146886,0.063528508599400124,0.36783149899818024,0.20814124123954814,0.58731795428661748,0.45146843084066096,0.76990267419430469,0.73987233454270473,0.9041172563704748,0.96189497262248291,0.98156063424671924
677,-0.31183289490008559,0,0,3.1971182811317833,0.95809868647237573,-0.98156063424671924,0.73695229934630246,-0.9041172563704748,0.44968663182258317,-0.76990267419430469,0.20731977533180998,-0.58731795428661759,0.063277782083895631,-0.36783149899818013,0.0061416719198072066,-0.12523340851146897,0.006141671991780214,0.12523340851146886,0.063277782292682147,0.36783149899818024,0.2073197756403736,0.58731795428661748,0.44968663218074834,0.76990267419430469,0.73695229973218468,0.9041172563704748,0.9580986868676965,0.98156063424671924
678,-0.31450967662699386,0,0,3.1841862128333966,0.95422325974740629,-0.98156063424671924,0.73397139072241024,-0.9041172563704748,0.44786768809793892,-0.76990267419430469,0.20648118468048096,-0.58731795428661759,0.06302182889744927,-0.36783149899818013,0.0061168293817313504,-0.12523340851146897,0.0061168294542987651,0.12523340851146886,0.063021829107992644,0.36783149899818024,0.2064811849915768,0.58731795428661748,0.44786768845901642,0.76990267419430469,0.73397139111140519,0.9041172563704748,0.95422326014586079,0.98156063424671924
679,-0.31722318179007108,0,0,3.1709952869983322,0.95027025970682877,-0.98156063424671924,0.73093081409757898,-0.9041172563704748,0.44601233509359245,-0.76990267419430469,0.20562580819836687,-0.58731795428661759,0.06276075236880356,-0.36783149899818013,0.0060914895776347467,-0.12523340851146897,0.0060914896508042085,0.12523340851146886,0.062760752581127122,0.36783149899818024,0.20562580851202733,0.58731795428661748,0.44601233545761798,0.76990267419430469,0.73093081448972475,0.9041172563704748,0.95027026010845517,0.98156063424671924
680,-0.31997176303105407,0,0,3.1575510625952612,0.94624135223851835,-0.98156063424671924,0.7278318508428383,-0.9041172563704748,0.44412135469925695,-0.76990267419430469,0.20475400636138344,-0.58731795428661759,0.062494662521793469,-0.36783149899818013,0.0060656631863114357,-0.12523340851146897,0.0060656632600902772,0.12523340851146886,0.06249466273591954,0.36783149899818024,0.20475400667763921,0.58731795428661748,0.44412135506626499,0.76990267419430469,0.72783185123816918,0.9041172563704748,0.94624135264335307,0.98156063424671924
681,-0.32275375169713272,0,0,3.1438594293594919,0.9421383023530735,-0.98156063424671924,0.72467585857263639,-0.9041172563704748,0.4421955753282103,-0.76990267419430469,0.20386616109428238,-0.58731795428661759,0.06222367592683066,-0.36783149899818013,0.0060393615219591461,-0.12523340851146897,0.0060393615963542299,0.12523340851146886,0.062223676142780342,0.36783149899818024,0.20386616141316233,0.58731795428661748,0.4421955756982327,0.76990267419430469,0.72467585897118558,0.9041172563704748,0.94213830276115063,0.98156063424671924
682,-0.32556745885398253,0,0,3.129926609846966,0.93796297479934798,-0.98156063424671924,0.72146427161829885,-0.9041172563704748,0.44023587220619559,-0.76990267419430469,0.20296267590384429,-0.58731795428661759,0.061947915741556211,-0.36783149899818013,0.0060125965381248696,-0.12523340851146897,0.0060125966131426845,0.12523340851146886,0.061947915959349426,0.36783149899818024,0.20296267622537528,0.58731795428661748,0.4402358725792615,0.76990267419430469,0.72146427202009755,0.9041172563704748,0.93796297521070293,0.98156063424671924
683,-0.32841117631110939,0,0,3.1157591605655126,0.93371733440347215,-0.98156063424671924,0.71819860128878865,-0.9041172563704748,0.43824316753053638,-0.76990267419430469,0.20204397595223553,-0.58731795428661759,0.061667511733230602,-0.36783149899818013,0.0059853808298780996,-0.12523340851146897,0.0059853809055247413,0.12523340851146886,0.061667511952886202,0.36783149899818024,0.20204397627644291,0.58731795428661748,0.43824316790667306,0.76990267419430469,0.71819860169386573,0.9041172563704748,0.93371733481813457,0.98156063424671924
684,-0.3312831776588856,0,0,3.1013639721680448,0.92940344612673775,-0.98156063424671924,0.71488043591523809,-0.9041172563704748,0.43621843049731068,-0.76990267419430469,0.2011105080695362,-0.58731795428661759,0.061382600282557334,-0.36783149899818013,0.0059577276341818931,-0.12523340851146897,0.0059577277104630915,0.12523340851146886,0.061382600504093034,0.36783149899818024,0.20111050839644359,0.58731795428661748,0.43621843087654327,0.76990267419430469,0.71488043632362053,0.9041172563704748,0.92940344654473395,0.98156063424671924
685,-0.33418171931664598,0,0,3.0867482686960148,0.92502347483888159,-0.98156063424671924,0.71151144067656302,-0.9041172563704748,0.43416267719494023,-0.76990267419430469,0.20016274070468218,-0.58731795428661759,0.061093324368709498,-0.36783149899818013,0.005929650828439605,-0.12523340851146897,0.0059296509053606639,0.12523340851146886,0.061093324592141791,0.36783149899818024,0.20016274103431139,0.58731795428661748,0.43416267757729188,0.76990267419430469,0.71151144108827502,0.9041172563704748,0.92502347526023587,0.98156063424671924
686,-0.33710504159120858,0,0,3.0719196058661518,0.92057968480466368,-0.98156063424671924,0.70809335720454492,-0.9041172563704748,0.43207697036321346,-0.76990267419430469,0.19920116381436626,-0.58731795428661759,0.060799833535420733,-0.36783149899818013,0.0059011649272036459,-0.12523340851146897,0.0059011650047695353,0.12523340851146886,0.060799833760764976,0.36783149899818024,0.19920116414673728,0.58731795428661748,0.43207697074870566,0.76990267419430469,0.70809335761960956,0.9041172563704748,0.92057968522939904,0.98156063424671924
687,-0.34005136974517791,0,0,3.0568858683965643,0.91607443888256757,-0.98156063424671924,0.70462800296748518,-0.9041172563704748,0.42996241901719257,-0.76990267419430469,0.1982262886896477,-0.58731795428661759,0.06050228383806288,-0.36783149899818013,0.0058722850770390068,-0.12523340851146897,0.005872285155254251,0.12523340851146886,0.060502284065333291,0.36783149899818024,0.19822628902477876,0.58731795428661748,0.42996241940584434,0.76990267419430469,0.70462800338592257,0.9041172563704748,0.91607443931070354,0.98156063424671924
688,-0.34301891507438032,0,0,3.0416552663733807,0.91151019743596651,-0.98156063424671924,0.70111727043269645,-0.9041172563704748,0.42782017793616683,-0.76990267419430469,0.19723864772034347,-0.58731795428661759,0.060200837771733975,-0.36783149899818013,0.0058430270495434446,-0.12523340851146897,0.0058430271284122372,0.12523340851146886,0.060200838000943738,0.36783149899818024,0.19723864805825106,0.58731795428661748,0.42782017832799429,0.76990267419430469,0.70111727085452524,0.9041172563704748,0.91151019786752152,0.98156063424671924
689,-0.34600587599377941,0,0,3.0262363306623237,0.90688951695808651,-0.98156063424671924,0.6975631260088474,-0.9041172563704748,0.42565144701827429,-0.76990267419430469,0.19623879409748812,-0.58731795428661759,0.059895664180443939,-0.36783149899818013,0.0058134072325332596,-0.12523340851146897,0.0058134073120593033,0.12523340851146886,0.059895664411604925,0.36783149899818024,0.19623879443818693,0.58731795428661748,0.42565144741329247,0.76990267419430469,0.69756312643408358,0.9041172563704748,0.90688951739307599,0.98156063424671924
690,-0.34901043913121121,0,0,3.010637907374389,0.90221504841350342,-0.98156063424671924,0.69396760877027241,-0.9041172563704748,0.42345747050207849,-0.76990267419430469,0.19522730145445658,-0.58731795428661759,0.059586938147578219,-0.36783149899818013,0.0057834426194117092,-0.12523340851146897,0.0057834426995983183,0.12523340851146886,0.059586938380701122,0.36783149899818024,0.19522730179795944,0.58731795428661748,0.42345747090030061,0.76990267419430469,0.69396760919892908,0.9041172563704748,0.90221504885194026,0.98156063424671924
691,-0.35203078042827518,0,0,2.9948691513983881,0.89748953530000275,-0.98156063424671924,0.69033282896618808,-0.9041172563704748,0.42123953605689596,-0.76990267419430469,0.19420476344757617,-0.58731795428661759,0.059274840867893253,-0.36783149899818013,0.0057531507967450851,-0.12523340851146897,0.0057531508775951149,0.12523340851146886,0.059274841102987537,0.36783149899818024,0.19420476379389437,0.58731795428661748,0.4212395364583334,0.76990267419430469,0.69033282939827656,0.9041172563704748,0.8974895357418976,0.98156063424671924
692,-0.35506506624771261,0,0,2.9789395190174579,0.89271581143593293,-0.98156063424671924,0.68666096631876239,-0.9041172563704748,0.41899897374428169,-0.76990267419430469,0.19317179327733836,-0.58731795428661759,0.058959559501381237,-0.36783149899818013,0.0057225499300789196,-0.12523340851146897,0.0057225500115948812,0.12523340851146886,0.058959559738455236,0.36783149899818024,0.19317179362648162,0.58731795428661748,0.41899897414894349,0.76990267419430469,0.68666096675429145,0.9041172563704748,0.89271581188129312,0.98156063424671924
693,-0.35811145448660064,0,0,2.9628587596302678,0.88789679847924108,-0.98156063424671924,0.68295426811480953,-0.9041172563704748,0.41673715485358509,-0.76990267419430469,0.19212902315155361,-0.58731795428661759,0.058641287009415302,-0.36783149899818013,0.0056916587480345116,-0.12523340851146897,0.0056916588302184552,0.12523340851146886,0.058641287248476059,0.36783149899818024,0.19212902350352928,0.58731795428661748,0.41673715526147814,0.76990267419430469,0.68295426855378627,0.9041172563704748,0.88789679892807327,0.98156063424671924
694,-0.36116809569468578,0,0,2.9466369066018192,0.88303550318568891,-0.98156063424671924,0.67921504709685199,-0.9041172563704748,0.41445549061508102,-0.76990267419430469,0.19107710369206321,-0.58731795428661759,0.058320221973667312,-0.36783149899818013,0.0056604965247332032,-0.12523340851146897,0.0056604966075867883,0.12523340851146886,0.058320222214720691,0.36783149899818024,0.19107710404687694,0.58731795428661748,0.41445549102621021,0.76990267419430469,0.67921504753928086,0.9041172563704748,0.88303550363799765,0.98156063424671924
695,-0.36423313419717757,0,0,2.9302842672720701,0.87813501441467756,-0.98156063424671924,0.67544567916005616,-0.9041172563704748,0.41215543079464639,-0.76990267419430469,0.19001670328684092,-0.58731795428661759,0.057996568398357262,-0.36783149899818013,0.0056290830606029905,-0.12523340851146897,0.0056290831441274036,0.12523340851146886,0.057996568641407953,0.36783149899818024,0.19001670364449677,0.58731795428661748,0.41215543120901449,0.76990267419430469,0.67544567960593949,0.9041172563704748,0.87813501487046464,0.98156063424671924
696,-0.36730470922132141,0,0,2.913811412154705,0.87319849989238152,-0.98156063424671924,0.67164860086249423,-0.9041172563704748,0.40983846217452546,-0.76990267419430469,0.18894850738957841,-0.58731795428661759,0.057670535496474003,-0.36783149899818013,0.0055974386616292346,-0.12523340851146897,0.0055974387458252945,0.12523340851146886,0.057670535741525496,0.36783149899818024,0.18894850775007835,0.58731795428661748,0.40983846259213313,0.76990267419430469,0.67164860131183179,0.9041172563704748,0.87319850035164592,0.98156063424671924
697,-0.37038095602606641,0,0,2.8972291633611134,0.86822920274269266,-0.98156063424671924,0.66782630675680965,-0.9041172563704748,0.40750610692511957,-0.76990267419430469,0.1878732177690281,-0.58731795428661759,0.05734233746066094,-0.36783149899818013,0.0055655841171172032,-0.12523340851146897,0.0055655842019852499,0.12523340851146886,0.057342337707715442,0.36783149899818024,0.18787321813237248,0.58731795428661748,0.40750610734596548,0.76990267419430469,0.66782630720959923,0.9041172563704748,0.86822920320543162,0.98156063424671924
698,-0.37346000703414223,0,0,2.8805485822885757,0.86323043779767328,-0.98156063424671924,0.66398134655228191,-0.9041172563704748,0.40515992087328551,-0.76990267419430469,0.18679155171063355,-0.58731795428661759,0.05701219321953907,-0.36783149899818013,0.0055335406760409307,-0.12523340851146897,0.0055335407615809467,0.12523340851146886,0.057012193468597629,0.36783149899818024,0.18679155207682133,0.58731795428661748,0.40515992129736594,0.76990267419430469,0.66398134700851952,0.9041172563704748,0.86323043826388202,0.98156063424671924
699,-0.37653999296585777,0,0,2.8637809566140611,0.85820558769991295,-0.98156063424671924,0.66011632211682869,-0.9041172563704748,0.40280149167296314,-0.76990267419430469,0.18570424117313186,-0.58731795428661759,0.056680326180286601,-0.36783149899818013,0.0055013300220583703,-0.12523340851146897,0.0055013301082698788,0.12523340851146886,0.056680326431348967,0.36783149899818024,0.18570424154216,0.58731795428661748,0.40280149210027211,0.76990267419430469,0.66011632257650765,0.9041172563704748,0.85820558816958203,0.98156063424671924
700,-0.37961904397393359,0,0,2.8469377866383514,0.85315809881019089,-0.98156063424671924,0.65623388432925611,-0.9041172563704748,0.40043243688442626,-0.76990267419430469,0.18461203190302697,-0.58731795428661759,0.056346963958360065,-0.36783149899818013,0.0054689742472783243,-0.12523340851146897,0.0054689743341605115,0.12523340851146886,0.056346964211424752,0.36783149899818024,0.18461203227489081,0.58731795428661748,0.40043243731495604,0.76990267419430469,0.65623388479236688,0.9041172563704748,0.85315809928331099,0.98156063424671924
701,-0.38269529077867859,0,0,2.8300307710273445,0.84809147693449349,-0.98156063424671924,0.65233672979255519,-0.9041172563704748,0.39805440196874264,-0.76990267419430469,0.18351568250997238,-0.58731795428661759,0.056012338095284192,-0.36783149899818013,0.0054364958248695645,-0.12523340851146897,0.0054364959124211278,0.12523340851146886,0.056012338350348495,0.36783149899818024,0.18351568288466544,0.58731795428661748,0.39805440240248358,0.76990267419430469,0.65233673025908667,0.9041172563704748,0.84809147741105373,0.98156063424671924
702,-0.38576686580282243,0,0,2.8130717920000379,0.84300928288521315,-0.98156063424671924,0.6484275974196555,-0.9041172563704748,0.39566905820440984,-0.76990267419430469,0.1824159635062737,-0.58731795428661759,0.055676683765490613,-0.36783149899818013,0.0054039175806067947,-0.12523340851146897,0.0054039176688260226,0.12523340851146886,0.05567668402255066,0.36783149899818024,0.18241596388378759,0.58731795428661748,0.39566905864135044,0.76990267419430469,0.64842759788959492,0.9041172563704748,0.84300928336519965,0.98156063424671924
703,-0.38883190430531422,0,0,2.7960729000145204,0.83791512789191169,-0.98156063424671924,0.64450926490346783,-0.9041172563704748,0.39327810053338264,-0.76990267419430469,0.18131365631384008,-0.58731795428661759,0.055340239473221108,-0.36783149899818013,0.0053712626634524968,-0.12523340851146897,0.0053712627523371899,0.12523340851146886,0.055340239732271784,0.36783149899818024,0.18131365669416438,0.58731795428661748,0.39327810097350951,0.76990267419430469,0.64450926537680131,0.9041172563704748,0.83791512837530735,0.98156063424671924
704,-0.39188854551339936,0,0,2.7790462980052575,0.83281266887761363,-0.98156063424671924,0.64058454508349616,-0.9041172563704748,0.39088324534398688,-0.76990267419430469,0.18020955224203672,-0.58731795428661759,0.055003246740549752,-0.36783149899818013,0.0053385545152765711,-0.12523340851146897,0.0053385546048241878,0.12523340851146886,0.055003247001584654,0.36783149899818024,0.18020955262515953,0.58731795428661748,0.39088324578728434,0.76990267419430469,0.64058454556020661,0.9041172563704748,0.83281266936440201,0.98156063424671924
705,-0.39493493375228739,0,0,2.7620043252262088,0.82770560361698875,-0.98156063424671924,0.63665628222159365,-0.9041172563704748,0.38848622819839512,-0.76990267419430469,0.17910445143997913,-0.58731795428661759,0.054665949787603869,-0.36783149899818013,0.0053058168398190664,-0.12523340851146897,0.005305816930026643,0.12523340851146886,0.054665950050615503,0.36783149899818024,0.17910445182588677,0.58731795428661748,0.38848622864484539,0.76990267419430469,0.63665628270166175,0.9041172563704748,0.82770560410715011,0.98156063424671924
706,-0.39796921957172482,0,0,2.7449594407556628,0.82259766579314619,-0.98156063424671924,0.63272734819973964,-0.9041172563704748,0.38608880151251923,-0.76990267419430469,0.17799916182689035,-0.58731795428661759,0.054328595206089389,-0.36783149899818013,0.0052730735710028341,-0.12523340851146897,0.005273073661867053,0.12523340851146886,0.054328595471069191,0.36783149899818024,0.17799916221556736,0.58731795428661748,0.38608880196210316,0.76990267419430469,0.63272734868314429,0.9041172563704748,0.8225976662866562,0.98156063424671924
707,-0.40098956086878879,0,0,2.7279242067194858,0.81749261997004852,-0.98156063424671924,0.62880063865291369,-0.9041172563704748,0.38369273219629885,-0.76990267419430469,0.17689449800419874,-0.58731795428661759,0.053991431627243493,-0.36783149899818013,0.0052403488407054078,-0.12523340851146897,0.0052403489322225333,0.12523340851146886,0.053991431894181777,0.36783149899818024,0.17689449839562826,0.58731795428661748,0.38369273264899489,0.76990267419430469,0.62880063913963191,0.9041172563704748,0.81749262046688509,0.98156063424671924
708,-0.40399412400622059,0,0,2.7109112712901244,0.81239425649772956,-0.98156063424671924,0.62487906905027801,-0.9041172563704748,0.38129979926244562,-0.76990267419430469,0.17579128015309378,-0.58731795428661759,0.05365470938534847,-0.36783149899818013,0.0052076669460999706,-0.12523340851146897,0.0052076670382659208,0.12523340851146886,0.0536547096542343,0.36783149899818024,0.17579128054725754,0.58731795428661748,0.38129979971823086,0.76990267419430469,0.6248790695402836,0.9041172563704748,0.81239425699786749,0.98156063424671924
709,-0.40698108492561968,0,0,2.6939333515187376,0.80730638636750007,-0.98156063424671924,0.62096557073789271,-0.9041172563704748,0.3789117914117201,-0.76990267419430469,0.17469033292126251,-0.58731795428661759,0.053318680177943133,-0.36783149899818013,0.0051750523166759358,-0.12523340851146897,0.0051750524094861892,0.12523340851146886,0.053318680448764359,0.36783149899818024,0.17469033331814035,0.58731795428661748,0.37891179187056934,0.76990267419430469,0.62096557123115936,0.9041172563704748,0.80730638687091283,0.98156063424671924
710,-0.40994863025482209,0,0,2.6770032160581492,0.80223283603443651,-0.98156063424671924,0.61706308695626944,-0.9041172563704748,0.37653050460284887,-0.76990267419430469,0.1735924843025444,-0.58731795428661759,0.052983596723873101,-0.36783149899818013,0.0051425294810495837,-0.12523340851146897,0.0051425295744992822,0.12523340851146886,0.052983596996616457,0.36783149899818024,0.17359248470211455,0.58731795428661748,0.37653050506473545,0.76990267419430469,0.61706308745276894,0.9041172563704748,0.80223283654109545,0.98156063424671924
711,-0.41289495840879142,0,0,2.660133667833489,0.79717744222419418,-0.98156063424671924,0.61317456884586474,-0.9041172563704748,0.37415773961508692,-0.76990267419430469,0.17249856451319479,-0.58731795428661759,0.052649712420305937,-0.36783149899818013,0.0051101230336743839,-0.12523340851146897,0.0051101231277582539,0.12523340851146886,0.052649712694956975,0.36783149899818024,0.17249856491543406,0.58731795428661748,0.37415774007998231,0.76990267419430469,0.61317456934556602,0.9041172563704748,0.79717744273406732,0.98156063424671924
712,-0.41581828068335402,0,0,2.6433375267171604,0.79214404674111383,-0.98156063424671924,0.60930297145356671,-0.9041172563704748,0.3717952996113863,-0.76990267419430469,0.17140940486842915,-0.58731795428661759,0.052317280999831767,-0.36783149899818013,0.0050778576015594922,-0.12523340851146897,0.0050778576962719549,0.12523340851146886,0.052317281276374965,0.36783149899818024,0.17140940527331258,0.58731795428661748,0.37179530007926048,0.76990267419430469,0.60930297195643746,0.9041172563704748,0.79214404725416698,0.98156063424671924
713,-0.4187168223411144,0,0,2.6266276122634111,0.78713649129419261,-0.98156063424671924,0.60545124975292886,-0.9041172563704748,0.36944498770994999,-0.76990267419430469,0.17032583666283169,-0.58731795428661759,0.051986556188743871,-0.36783149899818013,0.0050457578111029406,-0.12523340851146897,0.0050457579064379894,0.12523340851146886,0.051986556467162527,0.36783149899818024,0.17032583707033286,0.58731795428661748,0.36944498818077098,0.76990267419430469,0.60545125025893487,0.9041172563704748,0.78713649181039091,0.98156063424671924
714,-0.42158882368889061,0,0,2.6100167265568071,0.78215861235718709,-0.98156063424671924,0.60162235469065228,-0.9041172563704748,0.36710860457180439,-0.76990267419430469,0.16924869005815057,-0.58731795428661759,0.051657791367573154,-0.36783149899818013,0.0050138482551433583,-0.12523340851146897,0.0050138483510946902,0.12523340851146886,0.051657791647849463,0.36783149899818024,0.16924869046824156,0.58731795428661748,0.36710860504553883,0.76990267419430469,0.60162235519975737,0.9041172563704748,0.78215861287649402,0.98156063424671924
715,-0.42443254114601747,0,0,2.5935176372272157,0.77721423607861961,-0.98156063424671924,0.59781922927145192,-0.9041172563704748,0.36478794601179415,-0.76990267419430469,0.16817879298189098,-0.58731795428661759,0.051331239234918662,-0.36783149899818013,0.0049821534603318391,-0.12523340851146897,0.0049821535568927476,0.12523340851146886,0.051331239517033743,0.36783149899818024,0.16817879339454214,0.58731795428661748,0.36478794648840779,0.76990267419430469,0.59781922978361834,0.9041172563704748,0.77721423660099742,0.98156063424671924
716,-0.42724624830286728,0,0,2.5771430606820251,0.77230717325687825,-0.98156063424671924,0.59404480469299603,-0.9041172563704748,0.36248480064013011,-0.76990267419430469,0.1671169700399936,-0.58731795428661759,0.0510071514755773,-0.36783149899818013,0.0049506978549208923,-0.12523340851146897,0.0049506979520843363,0.12523340851146886,0.051007151759511281,0.36783149899818024,0.16711697045517393,0.58731795428661748,0.36248480111958653,0.76990267419430469,0.5940448052081837,0.9041172563704748,0.77230717378228642,0.98156063424671924
717,-0.43002823696894593,0,0,2.5609056456044557,0.76744121439506552,-0.98156063424671924,0.59030199654218296,-0.9041172563704748,0.36020094754136717,-0.76990267419430469,0.16606404144676967,-0.58731795428661759,0.050685778433940516,-0.36783149899818013,0.0049195057370647333,-0.12523340851146897,0.0049195058348233045,0.12523340851146886,0.050685778719672371,0.36783149899818024,0.16606404186444718,0.58731795428661748,0.36020094802362806,0.76990267419430469,0.59030199706034991,0.9041172563704748,0.76744121492346173,0.98156063424671924
718,-0.43277681820992892,0,0,2.544817956764303,0.76262012484946728,-0.98156063424671924,0.58659370106343156,-0.9041172563704748,0.35793815399732226,-0.76990267419430469,0.16502082197509513,-0.58731795428661759,0.050367368793574188,-0.36783149899818013,0.0048886012437196185,-0.12523340851146897,0.0048886013420655705,0.12523340851146886,0.050367369081081789,0.36783149899818024,0.16502082239523613,0.58731795428661748,0.35793815448234811,0.76990267419430469,0.58659370158453505,0.9041172563704748,0.76262012538080826,0.98156063424671924
719,-0.43549032337300614,0,0,2.5288924591848656,0.75784764008476757,-0.98156063424671924,0.582922791509078,-0.9041172563704748,0.35569817326009562,-0.76990267419430469,0.16398811992970222,-0.58731795428661759,0.050052169263848548,-0.36783149899818013,0.0048580083202285134,-0.12523340851146897,0.0048580084191537348,0.12523340851146886,0.050052169553108705,0.36783149899818024,0.16398812035227142,0.58731795428661748,0.35569817374784524,0.76990267419430469,0.58292279203307362,0.9041172563704748,0.75784764061900822,0.98156063424671924
720,-0.43816710509991441,0,0,2.5131415027074415,0.75312746104840178,-0.98156063424671924,0.57929211458141106,-0.9041172563704748,0.35348274238100824,-0.76990267419430469,0.16296673614625048,-0.58731795428661759,0.0497404242744365,-0.36783149899818013,0.0048277506906693572,-0.12523340851146897,0.0048277507901655055,0.12523340851146886,0.049740424565425011,0.36783149899818024,0.16296673657121161,0.58731795428661748,0.35348274287143905,0.76990267419430469,0.57929211510825229,0.9041172563704748,0.75312746158549582,0.98156063424671924
721,-0.44080553832704211,0,0,2.4975773069911642,0.74846324967537536,-0.98156063424671924,0.57570448697505805,-0.9041172563704748,0.35129358010077388,-0.76990267419430469,0.16195746301863007,-0.58731795428661759,0.049432375678428578,-0.36783149899818013,0.0047978518290398677,-0.12523340851146897,0.0047978519290982121,0.12523340851146886,0.04943237597112022,0.36783149899818024,0.16195746344594539,0.58731795428661748,0.3512935805938418,0.76990267419430469,0.57570448750469794,0.9041172563704748,0.74846325021527427,0.98156063424671924
722,-0.44340402127199852,0,0,2.4822119469835213,0.74385862453412765,-0.98156063424671924,0.57216269202786296,-0.9041172563704748,0.34913238480587189,-0.76990267419430469,0.16096108355678465,-0.58731795428661759,0.049128262464763414,-0.36783149899818013,0.0047683349313462093,-0.12523340851146897,0.0047683350319577796,0.12523340851146886,0.049128262759131965,0.36783149899818024,0.16096108398641512,0.58731795428661748,0.34913238530153162,0.76990267419430469,0.57216269256025309,0.9041172563704748,0.74385862507678135,0.98156063424671924
723,-0.44596097640604915,0,0,2.4670573388932269,0.73931715662294384,-0.98156063424671924,0.56866947648756128,-0.9041172563704748,0.34700083255558095,-0.76990267419430469,0.15997837047711119,-0.58731795428661759,0.048828320480601144,-0.36783149899818013,0.0047392228886569791,-0.12523340851146897,0.0047392229898124529,0.12523340851146886,0.048828320776619381,0.36783149899818024,0.15997837090901623,0.58731795428661748,0.3470008330537851,0.76990267419430469,0.56866947702265158,0.9041172563704748,0.73931715716830204,0.98156063424671924
724,-0.44847485141182741,0,0,2.4521252266937945,0.73484236532540292,-0.98156063424671924,0.56522754740078507,-0.9041172563704748,0.3449005751836548,-0.76990267419430469,0.15901008532727243,-0.58731795428661759,0.04853278216420031,-0.36783149899818013,0.0047105382611764201,-0.12523340851146897,0.0047105383628662338,0.12523340851146886,0.048532782461840077,0.36783149899818024,0.15901008576141068,0.58731795428661748,0.34490057568435462,0.76990267419430469,0.56522754793852381,0.9041172563704748,0.73484236587341312,0.98156063424671924
725,-0.45094412012573937,0,0,2.4374271691828722,0.7304377145323756,-0.98156063424671924,0.56183956913017086,-0.9041172563704748,0.34283323847816954,-0.76990267419430469,0.15805697764704935,-0.58731795428661759,0.048241876288794457,-0.36783149899818013,0.0046823032533854919,-0.12523340851146897,0.0046823033555997082,0.12523340851146886,0.048241876588026623,0.36783149899818024,0.15805697808337818,0.58731795428661748,0.34283323898131562,0.76990267419430469,0.56183956967050575,0.9041172563704748,0.73043771508298383,0.98156063424671924
726,-0.45336728346449179,0,0,2.4229745276185044,0.72610660893691137,-0.98156063424671924,0.5585081605044564,-0.9041172563704748,0.34080042044251857,-0.76990267419430469,0.15711978416660441,-0.58731795428661759,0.047955827717887457,-0.36783149899818013,0.0046545396902909573,-0.12523340851146897,0.0046545397930194063,0.12523340851146886,0.047955828018681985,0.36783149899818024,0.15711978460508,0.58731795428661748,0.34080042094806007,0.76990267419430469,0.55850816104733247,0.9041172563704748,0.72610660949006434,0.98156063424671924
727,-0.45574287033517868,0,0,2.4087784539504264,0.72185239050744454,-0.98156063424671924,0.55523589210573288,-0.9041172563704748,0.33880368964009888,-0.76990267419430469,0.1561992280433295,-0.58731795428661759,0.047674857172325641,-0.36783149899818013,0.0046272689948177936,-0.12523340851146897,0.0046272690980499707,0.12523340851146886,0.047674857474651555,0.36783149899818024,0.15619922848390674,0.58731795428661748,0.33880369014798362,0.76990267419430469,0.55523589265108786,0.9041172563704748,0.72185239106308807,0.98156063424671924
728,-0.45806943852837573,0,0,2.3948498796600246,0.71767833514340273,-0.98156063424671924,0.55202528369699277,-0.9041172563704748,0.336844583624611,-0.76990267419430469,0.15529601813816443,-0.58731795428661759,0.047399181009417049,-0.36783149899818013,0.0046005121663706423,-0.12523340851146897,0.0046005122700957888,0.12523340851146886,0.047399181313242542,0.36783149899818024,0.15529601858079733,0.58731795428661748,0.3368445841347853,0.76990267419430469,0.55202528424476849,0.9041172563704748,0.71767833570148054,0.98156063424671924
729,-0.4603455755936991,0,0,2.3811995052199788,0.71358764951651388,-0.98156063424671924,0.54887880179252768,-0.9041172563704748,0.33492460745751751,-0.76990267419430469,0.15441084833209873,-0.58731795428661759,0.047129011014315297,-0.36783149899818013,0.0045742897605858118,-0.12523340851146897,0.0045742898647928723,0.12523340851146886,0.047129011319607554,0.36783149899818024,0.15441084877673991,0.58731795428661748,0.33492460796992696,0.76990267419430469,0.54887880234266662,0.9041172563704748,0.71358765007696834,0.98156063424671924
730,-0.46256989969729745,0,0,2.3678377901800558,0.70958346809976125,-0.98156063424671924,0.54579885737265388,-0.9041172563704748,0.3330452323135733,-0.76990267419430469,0.1535443968832767,-0.58731795428661759,0.046864554203796094,-0.36783149899818013,0.004548621870285984,-0.12523340851146897,0.0045486219749636993,0.12523340851146886,0.046864554510521482,0.36783149899818024,0.15354439732987751,0.58731795428661748,0.33304523282816251,0.76990267419430469,0.54579885792509608,0.9041172563704748,0.70958346866253419,0.98156063424671924
731,-0.46474106046075692,0,0,2.3547749438826737,0.70566885038506444,-0.98156063424671924,0.54278780374359847,-0.9041172563704748,0.33120789417493474,-0.76990267419430469,0.15269732582494047,-0.58731795428661759,0.046606012642498612,-0.36783149899818013,0.004523528107644911,-0.12523340851146897,0.0045235282127816965,0.12523340851146886,0.046606012950622631,0.36783149899818024,0.15269732627345106,0.58731795428661748,0.3312078946916473,0.76990267419430469,0.54278780429828377,0.9041172563704748,0.70566885095009568,0.98156063424671924
732,-0.466857739780909,0,0,2.3420209168076584,0.70184677828951192,-0.98156063424671924,0.53984793454242241,-0.9041172563704748,0.32941399261376747,-0.76990267419430469,0.15187028040417316,-0.58731795428661759,0.046353583271619737,-0.36783149899818013,0.0044990275875605558,-0.12523340851146897,0.0044990276931445991,0.12523340851146886,0.046353583581107069,0.36783149899818024,0.15187028085454307,0.58731795428661748,0.3294139931325461,0.76990267419430469,0.53984793509928974,0.9041172563704748,0.70184677885674029,0.98156063424671924
733,-0.46891865263004429,0,0,2.3295853925432035,0.69812015374925429,-0.98156063424671924,0.53698148188628558,-0.9041172563704748,0.32766488966293178,-0.76990267419430469,0.15106388856124972,-0.58731795428661759,0.046107457750002287,-0.36783149899818013,0.004475138912231333,-0.12523340851146897,0.0044751390182506019,0.12523340851146886,0.046107458060816814,0.36783149899818024,0.15106388901342771,0.58731795428661748,0.32766489018371808,0.76990267419430469,0.536981482445273,0.9041172563704748,0.69812015431861707,0.98156063424671924
734,-0.47092254783604548,0,0,2.3174777803754298,0.69449179649877602,-0.98156063424671924,0.53419061466430162,-0.9041172563704748,0.32596190877367681,-0.76990267419430469,0.15027876044910035,-0.58731795428661759,0.045867822307466603,-0.36783149899818013,0.0044518801569206458,-0.12523340851146897,0.0044518802633628654,0.12523340851146886,0.045867822619571445,0.36783149899818024,0.15027876090303435,0.58731795428661748,0.32596190929641128,0.76990267419430469,0.53419061522534594,0.9041172563704748,0.69449179707020581,0.98156063424671924
735,-0.4728682088419664,0,0,2.3057072084870085,0.69096444203268292,-0.98156063424671924,0.53147743696978544,-0.9041172563704748,0.32430633385900126,-0.76990267419430469,0.14951548799226944,-0.58731795428661759,0.04563485761019688,-0.36783149899818013,0.0044292688568914277,-0.12523340851146897,0.0044292689637440595,0.12523340851146886,0.045634857923554414,0.36783149899818024,0.14951548844790663,0.58731795428661748,0.32430633438362377,0.76990267419430469,0.53147743753282284,0.9041172563704748,0.69096444260611478,0.98156063424671924
736,-0.47475445444459563,0,0,2.2942825177515593,0.68754073974603691,-0.98156063424671924,0.52884398666982879,-0.9041172563704748,0.3226994084208113,-0.76990267419430469,0.14877464448451022,-0.58731795428661759,0.045408738637918895,-0.36783149899818013,0.0044073219954851254,-0.12523340851146897,0.00440732210273542,0.12523340851146886,0.045408738952490757,0.36783149899818024,0.1487746449417966,0.58731795428661748,0.32269940894726146,0.76990267419430469,0.52884398723479409,0.9041172563704748,0.68754074032140622,0.98156063424671924
737,-0.47658013951155609,0,0,2.2832122561079422,0.68422325124847005,-0.98156063424671924,0.52629223410854686,-0.9041172563704748,0.32114233475864568,-0.76990267419430469,0.14805678422397864,-0.58731795428661759,0.045189634572555426,-0.36783149899818013,0.0043860559933147367,-0.12523340851146897,0.0043860561009497227,0.12523340851146886,0.045189634888302646,0.36783149899818024,0.14805678468285946,0.58731795428661748,0.32114233528686165,0.76990267419430469,0.52629223467537434,0.9041172563704748,0.68422325182571075,0.98156063424671924
738,-0.47834415567650468,0,0,2.2725046734960213,0.68101444884655371,-0.98156063424671924,0.52382408093974531,-0.9041172563704748,0.31963627325737082,-0.76990267419430469,0.14736244218483951,-0.58731795428661759,0.044977708697994175,-0.36783149899818013,0.0043654866985363711,-0.12523340851146897,0.0043654868065428924,0.12523340851146886,0.044977709014877042,0.36783149899818024,0.14736244264525927,0.58731795428661748,0.31963627378729015,0.76990267419430469,0.52382408150836846,0.9041172563704748,0.68101444942559974,0.98156063424671924
739,-0.48004543201201022,0,0,2.2621677173325669,0.67791671418803701,-0.98156063424671924,0.52144135908409184,-0.9041172563704748,0.31818234175084847,-0.76990267419430469,0.14669213372389764,-0.58731795428661759,0.044773118310546256,-0.36783149899818013,0.0043456293781584943,-0.12523340851146897,0.0043456294865231483,0.12523340851146886,0.044773118628524233,0.36783149899818024,0.14669213418580007,0.58731795428661748,0.31818234228240994,0.76990267419430469,0.52144135965444349,0.9041172563704748,0.67791671476882065,0.98156063424671924
740,-0.48168293567969933,0,0,2.2522090285046295,0.67493233706115974,-0.98156063424671924,0.51914582980556989,-0.9041172563704748,0.31678161495838891,-0.76990267419430469,0.14604635432078555,-0.58731795428661759,0.044576014639646569,-0.36783149899818013,0.0043264987103451185,-0.12523340851146897,0.0043264988190543866,0.12523340851146886,0.044576014958678481,0.36783149899818024,0.14604635478411351,0.58731795428661748,0.31678161549153228,0.76990267419430469,0.51914583037758166,0.9041172563704748,0.67493233764361293,0.98156063424671924
741,-0.48325567255727619,0,0,2.242635937854581,0.67206351434130129,-0.98156063424671924,0.51693918290125829,-0.9041172563704748,0.31543512399036483,-0.76990267419430469,0.14542557935003192,-0.58731795428661759,0.044386542778285007,-0.36783149899818013,0.0043081087776636676,-0.12523340851146897,0.0043081088867037466,0.12523340851146886,0.044386543098329061,0.36783149899818024,0.14542557981472765,0.58731795428661748,0.31543512452502587,0.76990267419430469,0.51693918347486245,0.9041172563704748,0.6720635149253551,0.98156063424671924
742,-0.48476268784203297,0,0,2.2334554631302468,0.66931234907701154,-0.98156063424671924,0.51482303599832524,-0.9041172563704748,0.31414385591922933,-0.76990267419430469,0.14483026388329082,-0.58731795428661759,0.044204841622643348,-0.36783149899818013,0.0042904730612260316,-0.12523340851146897,0.0042904731705830151,0.12523340851146886,0.044204841943657161,0.36783149899818024,0.14483026434929602,0.58731795428661748,0.31414385645534215,0.76990267419430469,0.51482303657345241,0.9041172563704748,0.66931234966259567,0.98156063424671924
743,-0.48620306663048324,0,0,2.2246743063717451,0.66668084970690966,-0.98156063424671924,0.51279893395167953,-0.9041172563704748,0.31290875341196561,-0.76990267419430469,0.14426084251988952,-0.58731795428661759,0.044031043820375274,-0.36783149899818013,0.0042736044356688294,-0.12523340851146897,0.0042736045453285604,0.12523340851146886,0.04403104414231588,0.36783149899818024,0.14426084298714531,0.58731795428661748,0.31290875394946421,0.76990267419430469,0.51279893452825964,0.9041172563704748,0.66668085029395441,0.98156063424671924
744,-0.48757593447376357,0,0,2.2162988517047419,0.66417092939837663,-0.98156063424671924,0.51086834833530448,-0.9041172563704748,0.31173071441970213,-0.76990267419430469,0.14371772924373016,-0.58731795428661759,0.043865275726930088,-0.36783149899818013,0.0042575151649141161,-0.12523340851146897,0.0042575152748623247,0.12523340851146886,0.043865276049753932,0.36783149899818024,0.14371772971217667,0.58731795428661748,0.31173071495851995,0.76990267419430469,0.51086834891326727,0.9041172563704748,0.66417092998681126,0.98156063424671924
745,-0.48888045790846169,0,0,2.2083351635105068,0.66178440549916395,-0.98156063424671924,0.5090326770204463,-0.9041172563704748,0.31061059192032281,-0.76990267419430469,0.14320131730462532,-0.58731795428661759,0.043707657369334171,-0.36783149899818013,0.0042422168986541624,-0.12523340851146897,0.0042422170088763636,0.12523340851146886,0.043707657692997115,0.36783149899818024,0.14320131777420211,0.58731795428661748,0.31061059246039252,0.76990267419430469,0.50903267759972126,0.9041172563704748,0.66178440608891753,0.98156063424671924
746,-0.49011584496254196,0,0,2.2007889849400657,0.65952299909212264,-0.98156063424671924,0.50729324383312024,-0.9041172563704748,0.30954919370947759,-0.76990267419430469,0.14271197912194694,-0.58731795428661759,0.043558302416782928,-0.36783149899818013,0.0042277206694970428,-0.12523340851146897,0.0042277207799786476,0.12523340851146886,0.043558302741240416,0.36783149899818024,0.14271197959259302,0.58731795428661748,0.30954919425073152,0.76990267419430469,0.50729324441363488,0.9041172563704748,0.65952299968312422,0.98156063424671924
747,-0.49128134563605041,0,0,2.1936657367422612,0.65738833464400148,-0.98156063424671924,0.50565129828396838,-0.9041172563704748,0.30854728223574518,-0.76990267419430469,0.1422500662086312,-0.58731795428661759,0.043417318157445622,-0.36783149899818013,0.0042140368907154224,-0.12523340851146897,0.0042140370014416735,0.12523340851146886,0.043417318482652699,0.36783149899818024,0.14225006668028523,0.58731795428661748,0.30854728277811466,0.76990267419430469,0.50565129886565108,0.9041172563704748,0.65738833523617912,0.98156063424671924
748,-0.4923762523562889,0,0,2.1869705163720208,0.65538193973821746,-0.98156063424671924,0.50410801536271499,-0.9041172563704748,0.30760557447520703,-0.76990267419430469,0.14181590911335348,-0.58731795428661759,0.043284805480816146,-0.36783149899818013,0.0042011753545334787,-0.12523340851146897,0.0042011754654894809,0.12523340851146886,0.04328480580672734,0.36783149899818024,0.1418159095859535,0.58731795428661748,0.30760557501862312,0.76990267419430469,0.50410801594549315,0.9041172563704748,0.65538194033149821,0.98156063424671924
749,-0.49339990040715154,0,0,2.180708097348965,0.65350524488264317,-0.98156063424671924,0.50266449539031999,-0.9041172563704748,0.30672474184123277,-0.76990267419430469,0.14140981737893615,-0.58731795428661759,0.043160858865018352,-0.36783149899818013,0.0041891452308948406,-0.12523340851146897,0.0041891453420655807,0.12523340851146886,0.043160859191587859,0.36783149899818024,0.14140981785241999,0.58731795428661748,0.30672474238562658,0.76990267419430469,0.50266449597412066,0.9041172563704748,0.65350524547695432,0.98156063424671924
750,-0.49435166833230787,0,0,2.1748829288334504,0.65175958338256057,-0.98156063424671924,0.5013217639212556,-0.9041172563704748,0.30590541012485029,-0.76990267419430469,0.14103207951485744,-0.58731795428661759,0.043045566368415243,-0.36783149899818013,0.0041779550666481277,-0.12523340851146897,0.0041779551780184998,0.12523340851146886,0.043045566695596893,0.36783149899818024,0.14103207998916234,0.58731795428661748,0.30590541067015237,0.76990267419430469,0.50132176450600685,0.9041172563704748,0.65175958397782963,0.98156063424671924
751,-0.49523097831189022,0,0,2.1694991353910558,0.65014619127008089,-0.98156063424671924,0.50008077168921972,-0.9041172563704748,0.30514815946161866,-0.76990267419430469,0.14068296298197913,-0.58731795428661759,0.042939009624947587,-0.36783149899818013,0.0041676127850945608,-0.12523340851146897,0.0041676128966493088,0.12523340851146886,0.042939009952694791,0.36783149899818024,0.14068296345704212,0.58731795428661748,0.30514816000775985,0.76990267419430469,0.50008077227484771,0.9041172563704748,0.65014619186623412,0.98156063424671924
752,-0.4960372965122648,0,0,2.1645605169152717,0.64866620728097713,-0.98156063424671924,0.49894239458931428,-0.9041172563704748,0.30445352432075534,-0.76990267419430469,0.14036271418753335,-0.58731795428661759,0.04284126384260379,-0.36783149899818013,0.0041581256858393978,-0.12523340851146897,0.0041581257975631869,0.12523340851146886,0.042841264170869635,0.36783149899818024,0.14036271466329103,0.58731795428661748,0.30445352486766553,0.76990267419430469,0.49894239517574523,0.9041172563704748,0.64866620787794049,0.98156063424671924
753,-0.49677013340829496,0,0,2.1600705486833878,0.64732067287143269,-0.98156063424671924,0.4979074336909281,-0.9041172563704748,0.30382199351299571,-0.76990267419430469,0.14007155848874644,-0.58731795428661759,0.04275239780452595,-0.36783149899818013,0.0041495004448993469,-0.12523340851146897,0.0041495005567767302,0.12523340851146886,0.042752398133263182,0.36783149899818024,0.14007155896513512,0.58731795428661748,0.30382199406060428,0.76990267419430469,0.49790743427808803,0.9041172563704748,0.64732067346913158,0.98156063424671924
754,-0.49742904407708216,0,0,2.1560323815207587,0.64611053226726767,-0.98156063424671924,0.496976615275601,-0.9041172563704748,0.30325401021369852,-0.76990267419430469,0.13980970020349112,-0.58731795428661759,0.042672473872261099,-0.36783149899818013,0.0041417431150180964,-0.12523340851146897,0.0041417432270335446,0.12523340851146886,0.042672474201422186,0.36783149899818024,0.13980970068044687,0.58731795428661748,0.3032540107619347,0.76990267419430469,0.49697661586341546,0.9041172563704748,0.64611053286562725,0.98156063424671924
755,-0.49801362846112712,0,0,2.1524488420614682,0.64503663254205257,-0.98156063424671924,0.49615059089710828,-0.9041172563704748,0.30274997199950882,-0.76990267419430469,0.13957732262718922,-0.58731795428661759,0.04260154799092028,-0.36783149899818013,0.004134859126167038,-0.12523340851146897,0.004134859238304975,0.12523340851146886,0.042601548320457421,0.36783149899818024,0.13957732310464788,0.58731795428661748,0.30274997254830155,0.76990267419430469,0.49615059148550233,0.9041172563704748,0.64503663314099824,0.98156063424671924
756,-0.49852353159601226,0,0,2.1493224331073062,0.64409972372468682,-0.98156063424671924,0.49542993746420649,-0.9041172563704748,0.30231023089884995,-0.76990267419430469,0.13937458805609004,-0.58731795428661759,0.042539669696283533,-0.36783149899818013,0.004128853286234923,-0.12523340851146897,0.0041288533984796738,0.12523340851146886,0.042539670026148675,0.36783149899818024,0.13937458853398732,0.58731795428661748,0.30231023144812802,0.76990267419430469,0.49542993805310592,0.9041172563704748,0.64409972432414386,0.98156063424671924
757,-0.49895844378909843,0,0,2.1466553341471188,0.64330045895503385,-0.98156063424671924,0.4948151573603462,-0.9041172563704748,0.30193509346497133,-0.76990267419430469,0.13920163782094808,-0.58731795428661759,0.042486882125078784,-0.36783149899818013,0.0041237297820254665,-0.12523340851146897,0.0041237298943613181,0.12523340851146886,0.042486882455223668,0.36783149899818024,0.13920163829921944,0.58731795428661748,0.30193509401466312,0.76990267419430469,0.49481515794967651,0.9041172563704748,0.64330045955492676,0.98156063424671924
758,-0.49931810070542715,0,0,2.1444494022824254,0.64263939476130716,-0.98156063424671924,0.49430667865703226,-0.9041172563704748,0.30162482090614057,-0.76990267419430469,0.13905859234704529,-0.58731795428661759,0.042443222033301878,-0.36783149899818013,0.0041194921810355127,-0.12523340851146897,0.0041194922934466895,0.12523340851146886,0.042443222363678111,0.36783149899818024,0.13905859282562597,0.58731795428661748,0.30162482145617431,0.76990267419430469,0.49430667924671889,0.9041172563704748,0.64263939536156034,0.98156063424671924
759,-0.49960228318596395,0,0,2.1427061746144851,0.64211699177541559,-0.98156063424671924,0.49390485566405495,-0.9041172563704748,0.3013796294213929,-0.76990267419430469,0.13894555130898234,-0.58731795428661759,0.042408719843461742,-0.36783149899818013,0.0041161434360405596,-0.12523340851146897,0.0041161435485112469,0.12523340851146886,0.042408720174020767,0.36783149899818024,0.13894555178780738,0.58731795428661748,0.30137962997169693,0.76990267419430469,0.49390485625402236,0.9041172563704748,0.64211699237595343,0.98156063424671924
760,-0.49981081585468701,0,0,2.1414268778649315,0.64173361761603309,-0.98156063424671924,0.49360997114709515,-0.9041172563704748,0.30119969155370946,-0.76990267419430469,0.1388625942545369,-0.58731795428661759,0.042383399834993174,-0.36783149899818013,0.0041136859035760401,-0.12523340851146897,0.0041136860160904008,0.12523340851146886,0.042383400165686355,0.36783149899818024,0.13886259473354123,0.58731795428661748,0.30119969210421171,0.76990267419430469,0.49360997173726823,0.9041172563704748,0.64173361821677966,0.98156063424671924
761,-0.49994355597294937,0,0,2.1406124976232652,0.64148956764039211,-0.98156063424671924,0.49342225228963005,-0.9041172563704748,0.30108514592993602,-0.76990267419430469,0.13880978509507433,-0.58731795428661759,0.042367281514812359,-0.36783149899818013,0.0041121214769619541,-0.12523340851146897,0.0041121215895041103,0.12523340851146886,0.042367281845590951,0.36783149899818024,0.13880978557419277,0.58731795428661748,0.30108514648056439,0.76990267419430469,0.49342225287993369,0.9041172563704748,0.64148956824127135,0.98156063424671924
762,-0.5,0,0,2.1402661929123123,0.64138578853089501,-0.98156063424671924,0.49334242726275834,-0.9041172563704748,0.30103643687843618,-0.76990267419430469,0.13878732868003901,-0.58731795428661759,0.042360427406711892,-0.36783149899818013,0.0041114562246895225,-0.12523340851146897,0.0041114563372434947,0.12523340851146886,0.042360427737526796,0.36783149899818024,0.13878732915920602,0.58731795428661748,0.30103643742911823,0.76990267419430469,0.49334242785311733,0.9041172563704748,0.6413857891318302,0.98156063424671924
763,-0.50005644402705063,0,0,2.1399198808978435,0.64128200723271167,-0.98156063424671924,0.4932626005523888,-0.9041172563704748,0.30098772679966956,-0.76990267419430469,0.13876487179140118,-0.58731795428661759,0.042353573154059299,-0.36783149899818013,0.0041107909583870221,-0.12523340851146897,0.0041107910709528069,0.12523340851146886,0.042353573484910506,0.36783149899818024,0.13876487227061673,0.58731795428661748,0.30098772735040535,0.76990267419430469,0.49326260114280279,0.9041172563704748,0.64128200783370271,0.98156063424671924
764,-0.50018918414531299,0,0,2.1391054259108833,0.6410379348577222,-0.98156063424671924,0.49307486446574728,-0.9041172563704748,0.30087317066269115,-0.76990267419430469,0.13871205778501797,-0.58731795428661759,0.042337453354509856,-0.36783149899818013,0.0041092263881870646,-0.12523340851146897,0.0041092265007806345,0.12523340851146886,0.042337453685446474,0.36783149899818024,0.13871205826434757,0.58731795428661748,0.30087317121355323,0.76990267419430469,0.49307486505629039,0.9041172563704748,0.64103793545884469,0.98156063424671924
765,-0.50039771681403611,0,0,2.1378258485915662,0.64065447661839914,-0.98156063424671924,0.4927799152760074,-0.9041172563704748,0.30069319333182226,-0.76990267419430469,0.13862908253679432,-0.58731795428661759,0.042312127792967988,-0.36783149899818013,0.004106768316747441,-0.12523340851146897,0.0041067684293846652,0.12523340851146886,0.042312128124038818,0.36783149899818024,0.13862908301630292,0.58731795428661748,0.30069319388288263,0.76990267419430469,0.49277991586675335,0.9041172563704748,0.64065447721972801,0.98156063424671924
766,-0.50068189929457285,0,0,2.1360819175786716,0.64013186285711177,-0.98156063424671924,0.49237793015838222,-0.9041172563704748,0.30044790291897894,-0.76990267419430469,0.13851599588974672,-0.58731795428661759,0.042277611682432922,-0.36783149899818013,0.0041034182206253671,-0.12523340851146897,0.0041034183333220585,0.12523340851146886,0.042277612013686641,0.36783149899818024,0.1385159963694991,0.58731795428661748,0.30044790347030959,0.76990267419430469,0.492377930749405,0.9041172563704748,0.64013186345872231,0.98156063424671924
767,-0.50104155621090163,0,0,2.1338745647293829,0.6394703728288218,-0.98156063424671924,0.49186912391077131,-0.9041172563704748,0.30013743049335573,-0.76990267419430469,0.1383728582709238,-0.58731795428661759,0.042233923466343921,-0.36783149899818013,0.0040991778899210638,-0.12523340851146897,0.0040991780026929953,0.12523340851146886,0.042233923797829115,0.36783149899818024,0.13837285875098468,0.58731795428661748,0.30013743104502832,0.76990267419430469,0.49186912450214476,0.9041172563704748,0.63947037343078839,0.98156063424671924
768,-0.50147646840398774,0,0,2.1312049552655759,0.63867035572221942,-0.98156063424671924,0.49125376512284363,-0.9041172563704748,0.29976193994776312,-0.76990267419430469,0.13819974524010084,-0.58731795428661759,0.042181086206924741,-0.36783149899818013,0.0040940495630289704,-0.12523340851146897,0.0040940496758918666,0.12523340851146886,0.042181086538689828,0.36783149899818024,0.13819974572053462,0.58731795428661748,0.29976194049984894,0.76990267419430469,0.4912537657146408,0.9041172563704748,0.63867035632461644,0.98156063424671924
769,-0.50198637153887293,0,0,2.1280744985328153,0.63773223388393485,-0.98156063424671924,0.49053217865604037,-0.9041172563704748,0.29932162951192065,-0.76990267419430469,0.13799674818745516,-0.58731795428661759,0.042119127798127119,-0.36783149899818013,0.0040880359473058165,-0.12523340851146897,0.0040880360602753279,0.12523340851146886,0.042119128130220347,0.36783149899818024,0.13799674866832592,0.58731795428661748,0.29932163006449058,0.76990267419430469,0.49053217924833414,0.9041172563704748,0.63773223448683625,0.98156063424671924
770,-0.50257095592291789,0,0,2.1244848517629245,0.63665650394608742,-0.98156063424671924,0.48970474651086737,-0.9041172563704748,0.2988167322816761,-0.76990267419430469,0.13776397457755335,-0.58731795428661759,0.042048081040100035,-0.36783149899818013,0.0040811402262985004,-0.12523340851146897,0.0040811403393902282,0.12523340851146886,0.042048081372569435,0.36783149899818024,0.1377639750589249,0.58731795428661748,0.29881673283480076,0.76990267419430469,0.48970474710373052,0.9041172563704748,0.63665650454956668,0.98156063424671924
771,-0.50322986659170499,0,0,2.1204379226118335,0.63544373758681905,-0.98156063424671924,0.48877190841188228,-0.9041172563704748,0.29824751657596305,-0.76990267419430469,0.13750154811391987,-0.58731795428661759,0.041967983689419161,-0.36783149899818013,0.0040733660646193499,-0.12523340851146897,0.0040733661778487775,0.12523340851146886,0.041967984022312568,0.36783149899818024,0.13750154859585573,0.58731795428661748,0.29824751712971281,0.76990267419430469,0.48877190900538636,0.9041172563704748,0.63544373819094979,0.98156063424671924
772,-0.5039627034877352,0,0,2.1159358715241274,0.63409458223889037,-0.98156063424671924,0.48773416235273492,-0.9041172563704748,0.2976142862693848,-0.76990267419430469,0.13720960889236861,-0.58731795428661759,0.041878878505886272,-0.36783149899818013,0.0040647176124883602,-0.12523340851146897,0.0040647177258708971,0.12523340851146886,0.041878878839251246,0.36783149899818024,0.13720960937493187,0.58731795428661748,0.29761428682382934,0.76990267419430469,0.48773416294695121,0.9041172563704748,0.63409458284374509,0.98156063424671924
773,-0.50476902168810978,0,0,2.1109811141717141,0.63260976182049067,-0.98156063424671924,0.4865920651582929,-0.9041172563704748,0.29691738113522065,-0.76990267419430469,0.13688831355913988,-0.58731795428661759,0.041780813300795687,-0.36783149899818013,0.0040551995104179299,-0.12523340851146897,0.0040551996239688816,0.12523340851146886,0.041780813634679524,0.36783149899818024,0.13688831404239313,0.58731795428661748,0.29691738169042903,0.76990267419430469,0.48659206575329211,0.9041172563704748,0.63260976242614109,0.98156063424671924
774,-0.50564833166769207,0,0,2.1055763240212952,0.6309900775046462,-0.98156063424671924,0.48534623307645741,-0.9041172563704748,0.29615717720655127,-0.76990267419430469,0.13653783547739046,-0.58731795428661759,0.04167384098775001,-0.36783149899818013,0.0040448168941449756,-0.12523340851146897,0.0040448170078795191,0.12523340851146886,0.041673841322199721,0.36783149899818024,0.13653783596139563,0.58731795428661748,0.29615717776259209,0.76990267419430469,0.48534623367230956,0.9041172563704748,0.63099007811116303,0.98156063424671924
775,-0.50660009959284846,0,0,2.0997244350352182,0.6292364085286003,-0.98156063424671924,0.48399734240072223,-0.9041172563704748,0.29533408715614273,-0.76990267419430469,0.13615836490233235,-0.58731795428661759,0.041558019636115655,-0.36783149899818013,0.0040335753998192465,-0.12523340851146897,0.0040335755137524488,0.12523340851146886,0.04155801997117789,0.36783149899818024,0.13615836538715079,0.58731795428661748,0.29533408771308373,0.76990267419430469,0.48399734299749675,0.9041172563704748,0.62923640913605394,0.98156063424671924
776,-0.5076237476437111,0,0,2.0934286444851824,0.62734971303701392,-0.98156063424671924,0.48254613011874947,-0.9041172563704748,0.29444856069220571,-0.76990267419430469,0.1357501091636901,-0.58731795428661759,0.041433412526712288,-0.36783149899818013,0.0040214811694085023,-0.12523340851146897,0.0040214812835552656,0.12523340851146886,0.041433412862433308,0.36783149899818024,0.13575010964938258,0.58731795428661748,0.29444856125011371,0.76990267419430469,0.48254613071651503,0.9041172563704748,0.62734971364547398,0.98156063424671924
777,-0.50871865436394959,0,0,2.0866924158544289,0.62533102895167914,-0.98156063424671924,0.48099339458133733,-0.9041172563704748,0.29350108496659849,-0.76990267419430469,0.13531329285389546,-0.58731795428661759,0.041300088209253169,-0.36783149899818013,0.0040085408562735804,-0.12523340851146897,0.0040085409706486818,0.12523340851146886,0.041300088545678841,0.36783149899818024,0.13531329334052211,0.58731795428661748,0.29350108552553972,0.76990267419430469,0.48099339518016188,0.9041172563704748,0.625331029561214,0.98156063424671924
778,-0.5098841550374581,0,0,2.0795194817956935,0.62318147485794695,-0.98156063424671924,0.4793399961842455,-0.9041172563704748,0.29249218499087465,-0.76990267419430469,0.13484815801989863,-0.58731795428661759,0.04115812056088939,-0.36783149899818013,0.0039947616308506576,-0.12523340851146897,0.0039947617454687322,0.12523340851146886,0.041158120898065136,0.36783149899818024,0.13484815850751888,0.58731795428661748,0.29249218555091439,0.76990267419430469,0.47933999678419614,0.9041172563704748,0.6231814754686239,0.98156063424671924
779,-0.51111954209153831,0,0,2.0719138471122323,0.62090225089806772,-0.98156063424671924,0.47758685805533607,-0.9041172563704748,0.29142242405557534,-0.76990267419430469,0.13435496435647476,-0.58731795428661759,0.041007588845210684,-0.36783149899818013,0.0039801511863778189,-0.12523340851146897,0.0039801513012533308,0.12523340851146886,0.041007589183181488,0.36783149899818024,0.13435496484514725,0.58731795428661748,0.29142242461677792,0.76990267419430469,0.47758685865647871,0.9041172563704748,0.62090225150995415,0.98156063424671924
780,-0.51242406552623643,0,0,2.063879791724494,0.61849463966023255,-0.98156063424671924,0.47573496673840643,-0.9041172563704748,0.29029240414750268,-0.76990267419430469,0.13383398939860078,-0.58731795428661759,0.040848577770962284,-0.36783149899818013,0.0039647177445940292,-0.12523340851146897,0.003964717859741256,0.12523340851146886,0.040848578109772646,0.36783149899818024,0.13383398988838341,0.58731795428661748,0.29029240470993151,0.76990267419430469,0.47573496734080573,0.9041172563704748,0.61849464027339418,0.98156063424671924
781,-0.51379693336951671,0,0,2.0554218735864471,0.61596000705252396,-0.98156063424671924,0.47378537286541855,-0.9041172563704748,0.28910276635991206,-0.76990267419430469,0.13328552871056681,-0.58731795428661759,0.040681177549765177,-0.36783149899818013,0.0039484700613413755,-0.12523340851146897,0.0039484701767744552,0.12523340851146886,0.040681177889459103,0.36783149899818024,0.13328552920151671,0.58731795428661748,0.28910276692362946,0.76990267419430469,0.47378537346913807,0.9041172563704748,0.61596000766702552,0.98156063424671924
782,-0.51523731215796698,0,0,2.0465449315107862,0.61329980314956223,-0.98156063424671924,0.47173919180772306,-0.9041172563704748,0.28785419128988787,-0.76990267419430469,0.13270989606917921,-0.58731795428661759,0.040505483952032996,-0.36783149899818013,0.0039314174319923616,-0.12523340851146897,0.0039314175477252085,0.12523340851146886,0.040505484292653951,0.36783149899818024,0.1327098965613526,0.58731795428661748,0.28785419185495509,0.76990267419430469,0.47173919241282469,0.9041172563704748,0.613299803765467,0.98156063424671924
783,-0.51674432744272381,0,0,2.0372540878649215,0.61051556300042753,-0.98156063424671924,0.46959760429749892,-0.9041172563704748,0.28654739941754515,-0.76990267419430469,0.13210742363858438,-0.58731795428661759,0.040321598360331341,-0.36783149899818013,0.003913569696628841,-0.12523340851146897,0.003913569812675214,0.12523340851146886,0.040321598701922236,0.36783149899818024,0.13210742413203633,0.58731795428661748,0.28654739998402207,0.76990267419430469,0.46959760490404417,0.9041172563704748,0.6105155636177968,0.98156063424671924
784,-0.51831706432030067,0,0,2.0275547510956584,0.6076089073852452,-0.98156063424671924,0.46736185700970506,-0.9041172563704748,0.28518315146113432,-0.76990267419430469,0.13147846213398284,-0.58731795428661759,0.040129627819346654,-0.36783149899818013,0.0038949372448919915,-0.12523340851146897,0.0038949373612654132,0.12523340851146886,0.040129628161949746,0.36783149899818024,0.13147846262876769,0.58731795428661748,0.28518315202908007,0.76990267419430469,0.46736185761775417,0.9041172563704748,0.60760890800414014,0.98156063424671924
785,-0.51995456798798978,0,0,2.0174526180428889,0.60458154350854243,-0.98156063424671924,0.46503326309539833,-0.9041172563704748,0.2837622487024713,-0.76990267419430469,0.13082338097166307,-0.58731795428661759,0.039929685081679031,-0.36783149899818013,0.003875531020426834,-0.12523340851146897,0.0038755311371407057,0.12523340851146886,0.039929685425336051,0.36783149899818024,0.13082338146783412,0.58731795428661748,0.2837622492719436,0.76990267419430469,0.4650332637050103,0.9041172563704748,0.60458154412902254,0.98156063424671924
786,-0.52165584432349532,0,0,2.0069536760000051,0.60143526561670602,-0.98156063424671924,0.46261320265666939,-0.9041172563704748,0.28228553327674183,-0.76990267419430469,0.13014256840261101,-0.58731795428661759,0.039721888648622292,-0.36783149899818013,0.0038553625248404309,-0.12523340851146897,0.0038553626419078695,0.12523340851146886,0.039721888993374289,0.36783149899818024,0.1301425689002205,0.58731795428661748,0.28228553384779725,0.76990267419430469,0.4626132032679024,0.9041172563704748,0.60143526623882893,0.98156063424671924
787,-0.52341986048844391,0,0,1.9960642044806856,0.59817195552744384,-0.98156063424671924,0.46010312315389706,-0.9041172563704748,0.28075388842100663,-0.76990267419430469,0.1294364316270783,-0.58731795428661759,0.039506362805132221,-0.36783149899818013,0.0038344438210957356,-0.12523340851146897,0.0038344439385297156,0.12523340851146886,0.039506363151019658,0.36783149899818024,0.12943643212617736,0.58731795428661748,0.28075388899370074,0.76990267419430469,0.46010312376680768,0.9041172563704748,0.5981719561512655,0.98156063424671924
788,-0.52524554555540437,0,0,1.9847907766510202,0.59479358305895713,-0.98156063424671924,0.45750453973585864,-0.9041172563704748,0.27916823867563528,-0.76990267419430469,0.12870539688744953,-0.58731795428661759,0.039283237648171584,-0.36783149899818013,0.0038127875362628239,-0.12523340851146897,0.003812787654076073,0.12523340851146886,0.039283237995234241,0.36783149899818024,0.12870539738808837,0.58731795428661748,0.2791682392500221,0.76990267419430469,0.45750454035050159,0.9041172563704748,0.59479358368453261,0.98156063424671924
789,-0.52713179115803355,0,0,1.9731402603865928,0.59130220634672415,-0.98156063424671924,0.45481903548339464,-0.9041172563704748,0.27752955003298924,-0.76990267419430469,0.12794990953679028,-0.58731795428661759,0.039052649107632051,-0.36783149899818013,0.0037904068635494967,-0.12523340851146897,0.0037904069817545319,0.12523340851146886,0.039052649455908979,0.36783149899818024,0.12794991003901793,0.58731795428661748,0.27752955060912138,0.76990267419430469,0.45481903609982327,0.9041172563704748,0.59130220697410707,0.98156063424671924
790,-0.52907745216395452,0,0,1.9611198189155918,0.58769997203622315,-0.98156063424671924,0.4520482615576471,-0.9041172563704748,0.27583883002787712,-0.76990267419430469,0.1271704340805494,-0.58731795428661759,0.038814738959062532,-0.36783149899818013,0.0037673155635366885,-0.12523340851146897,0.003767315682145814,0.12523340851146886,0.038814739308592021,0.36783149899818024,0.12717043458441371,0.58731795428661748,0.2758388306058055,0.76990267419430469,0.45204826217591348,0.9041172563704748,0.58769997266546559,0.98156063424671924
791,-0.53108134736995571,0,0,1.9487369110093322,0.58398911534002973,-0.98156063424671924,0.44919393724397844,-0.9041172563704748,0.27409712776435247,-0.76990267419430469,0.1263674541889141,-0.58731795428661759,0.038569654827440174,-0.36783149899818013,0.0037435279645444976,-0.12523340851146897,0.0037435280835697755,0.12523340851146886,0.038569655178259825,0.36783149899818024,0.12636745469446189,0.58731795428661748,0.27409712834412669,0.76990267419430469,0.44919393786413248,0.9041172563704748,0.58398911597118208,0.98156063424671924
792,-0.53314226021909095,0,0,1.9359992906834718,0.5801719599482752,-0.98156063424671924,0.44625784988309847,-0.9041172563704748,0.2723055338736885,-0.76990267419430469,0.12554147267743479,-0.58731795428661759,0.03831755018125671,-0.36783149899818013,0.003719058962058193,-0.12523340851146897,0.003719059081511438,0.12523340851146886,0.038317550533403369,0.36783149899818024,0.1255414731847114,0.58731795428661748,0.27230553445535682,0.76990267419430469,0.44625785050518885,0.9041172563704748,0.58017196058138654,0.98156063424671924
793,-0.53525893953924308,0,0,1.9229150063746703,0.57625091778191351,-0.98156063424671924,0.44324185468128136,-0.9041172563704748,0.27046518039857265,-0.76990267419430469,0.12469301145363494,-0.58731795428661759,0.038058584316222881,-0.36783149899818013,0.0036939240171465978,-0.12523340851146897,0.0036939241370393555,0.12523340851146886,0.038058584669732644,0.36783149899818024,0.12469301196268444,0.58731795428661748,0.27046518098218175,0.76990267419430469,0.4432418553053552,0.9041172563704748,0.57625091841703135,0.98156063424671924
794,-0.53743010030270255,0,0,1.9094923995590747,0.57222848857871478,-0.98156063424671924,0.44014787439191772,-0.9041172563704748,0.26857724059879079,-0.76990267419430469,0.12382261142742575,-0.58731795428661759,0.037792922327925249,-0.36783149899818013,0.0036681391538081515,-0.12523340851146897,0.0036681392741517351,0.12523340851146886,0.037792922682833414,0.36783149899818024,0.123822611938291,0.58731795428661748,0.2685772411843862,0.76990267419430469,0.44014787501802016,0.9041172563704748,0.57222848921588532,0.98156063424671924
795,-0.53965442440630085,0,0,1.8957401027816867,0.56810725930271411,-0.98156063424671924,0.43697789886127447,-0.9041172563704748,0.26664292867405098,-0.76990267419430469,0.12293083238331873,-0.58731795428661759,0.03752073507282315,-0.36783149899818013,0.0036417209551853494,-0.12523340851146897,0.0036417210759908196,0.12523340851146886,0.037520735429164197,0.36783149899818024,0.12293083289604126,0.58731795428661748,0.2666429292616766,0.76990267419430469,0.43697789948944943,0.9041172563704748,0.56810725994198186,0.98156063424671924
796,-0.54193056147162422,0,0,1.8816670370669291,0.5638899033682222,-0.98156063424671924,0.43373398443161731,-0.9041172563704748,0.2646634993997698,-0.76990267419430469,0.1220182528125115,-0.58731795428661759,0.037242199116998408,-0.36783149899818013,0.0036146865585904571,-0.12523340851146897,0.0036146866798685575,0.12523340851146886,0.037242199474805907,0.36783149899818024,0.12201825332713141,0.58731795428661748,0.26466349998946759,0.76990267419430469,0.43373398506190708,0.9041172563704748,0.56388990400962946,0.98156063424671924
797,-0.54425712966482132,0,0,1.8672824086847726,0.55957917967071047,-0.98156063424671924,0.43041825319578608,-0.9041172563704748,0.26264024767221594,-0.76990267419430469,0.12108546970318496,-0.58731795428661759,0.036957496672149918,-0.36783149899818013,0.0035870536492931624,-0.12523340851146897,0.0035870537710543981,0.12523340851146886,0.036957497031456656,0.36783149899818024,0.12108547021974095,0.58731795428661748,0.26264024826402621,0.76990267419430469,0.43041825382823107,0.9041172563704748,0.55957918031429787,0.98156063424671924
798,-0.54663271653550827,0,0,1.8525957052479838,0.5551779314172518,-0.98156063424671924,0.42703289209758954,-0.9041172563704748,0.26057450795957321,-0.76990267419430469,0.12013309828742604,-0.58731795428661759,0.036666815518349993,-0.36783149899818013,0.0035588404530234232,-0.12523340851146897,0.0035588405752780251,0.12523340851146886,0.036666815879187874,0.36783149899818024,0.12013309880595525,0.58731795428661748,0.26057450855353459,0.76990267419430469,0.42703289273222833,0.9041172563704748,0.55517793206305854,0.98156063424671924
799,-0.54905587987426063,0,0,1.837616691120298,0.55068908475046296,-0.98156063424671924,0.42358015187336656,-0.9041172563704748,0.25846765365608354,-0.76990267419430469,0.11916177174346673,-0.58731795428661759,0.036370348913162376,-0.36783149899818013,0.0035300657271505466,-0.12523340851146897,0.0035300658499084715,0.12523340851146886,0.036370349275562375,0.36783149899818024,0.11916177226400518,0.58731795428661748,0.25846765425223317,0.76990267419430469,0.42358015251023623,0.9041172563704748,0.55068908539852568,0.98156063424671924
800,-0.55152514858817259,0,0,1.8223554021174317,0.54611564716052352,-0.98156063424671924,0.42006234583054147,-0.9041172563704748,0.25632109633672384,-0.76990267419430469,0.118172140852067,-0.58731795428661759,0.036068295486763713,-0.36783149899818013,0.003500748750503832,-0.12523340851146897,0.003500748873774722,0.12523340851146886,0.036068295850755952,0.36783149899818024,0.11817214137464911,0.58731795428661748,0.25632109693509697,0.76990267419430469,0.42006234646967722,0.9041172563704748,0.54611564781087729,0.98156063424671924
801,-0.55403902359395085,0,0,1.806822139487235,0.54146070568117699,-0.98156063424671924,0.41648184846001834,-0.9041172563704748,0.25413628491049262,-0.76990267419430469,0.11716487360615277,-0.58731795428661759,0.035760859122798257,-0.36783149899818013,0.0034709093118083746,-0.12523340851146897,0.0034709094356016375,0.12523340851146886,0.035760859488411914,0.36783149899818024,0.11716487413081147,0.58731795428661748,0.25413628551112277,0.76990267419430469,0.41648184910145331,0.9041172563704748,0.54146070633385501,0.98156063424671924
802,-0.55659597872800148,0,0,1.7910274631575627,0.53672742486627967,-0.98156063424671924,0.41284109387977952,-0.9041172563704748,0.25191470467069732,-0.76990267419430469,0.11614065477296856,-0.58731795428661759,0.03544824882473873,-0.36783149899818013,0.0034405676967142786,-0.12523340851146897,0.0034405678210389949,0.12523340851146886,0.035448249192001985,0.36783149899818024,0.1161406552997353,0.58731795428661748,0.25191470527361604,0.76990267419430469,0.41284109452354451,0.9041172563704748,0.53672742552131336,0.98156063424671924
803,-0.55919446167295783,0,0,1.7749821842452311,0.5319190445449189,-0.98156063424671924,0.40914257410816218,-0.9041172563704748,0.24965787624131178,-0.76990267419430469,0.11510018540831471,-0.58731795428661759,0.035130678567622566,-0.36783149899818013,0.0034097446734062814,-0.12523340851146897,0.0034097447982712734,0.12523340851146886,0.035130678936562652,0.36783149899818024,0.11510018593721938,0.58731795428661748,0.24965787684654905,0.76990267419430469,0.40914257475428667,0.9041172563704748,0.53191904520233702,0.98156063424671924
804,-0.56183289490008559,0,0,1.7586973568221884,0.5270388773539314,-0.98156063424671924,0.40538883716591817,-0.9041172563704748,0.24736735441885629,-0.76990267419430469,0.11404418232261751,-0.58731795428661759,0.034808367135086803,-0.36783149899818013,0.0033784614767865878,-0.12523340851146897,0.0033784616022003475,0.12523340851146886,0.034808367505729979,0.36783149899818024,0.1140441828536885,0.58731795428661748,0.24736735502644022,0.76990267419430469,0.40538883781442986,0.9041172563704748,0.52703887801376137,0.98156063424671924
805,-0.56450967662699392,0,0,1.7421842689396414,0.52209030604805517,-0.98156063424671924,0.40158248500722876,-0.9041172563704748,0.24504472690990853,-0.76990267419430469,0.11297337749888173,-0.58731795428661759,0.034481537941716635,-0.36783149899818013,0.0033467397912321389,-0.12523340851146897,0.003346739917202907,0.12523340851146886,0.034481538314088185,0.36783149899818024,0.11297337803214597,0.58731795428661748,0.24504472751986539,0.76990267419430469,0.40158248565815335,0.9041172563704748,0.52209030671032242,0.98156063424671924
806,-0.56722318179007103,0,0,1.7254544329141155,0.51707678058889572,-0.98156063424671924,0.39772617128059062,-0.9041172563704748,0.2426916129648011,-0.76990267419430469,0.11188851746278179,-0.58731795428661759,0.0341504188407857,-0.36783149899818013,0.003314601731934169,-0.12523340851146897,0.0033146018584698542,0.12523340851146886,0.034150419214909945,0.36783149899818024,0.11188851799826463,0.58731795428661748,0.24269161357715544,0.76990267419430469,0.39772617193395188,0.9041172563704748,0.51707678125362388,0.98156063424671924
807,-0.56997176303105401,0,0,1.7085195748840134,0.51200181501528197,-0.98156063424671924,0.39382259892154931,-0.9041172563704748,0.24030966190871253,-0.76990267419430469,0.11079036260544851,-0.58731795428661759,0.033815241917558136,-0.36783149899818013,0.0032820698248362543,-0.12523340851146897,0.0032820699519445148,0.12523340851146886,0.033815242293458447,0.36783149899818024,0.11079036314317357,0.58731795428661748,0.24030966252348676,0.76990267419430469,0.39382259957736843,0.9041172563704748,0.51200181568249248,0.98156063424671924
808,-0.57275375169713272,0,0,1.6913916236487432,0.50686898409862324,-0.98156063424671924,0.38987451758005964,-0.9041172563704748,0.2379005515718487,-0.76990267419430469,0.10967968645973278,-0.58731795428661759,0.03347624326839127,-0.36783149899818013,0.0032491669851943267,-0.12523340851146897,0.0032491671128824966,0.12523340851146886,0.033476243646089913,0.36783149899818024,0.10967968699972221,0.58731795428661748,0.23790055218906375,0.76990267419430469,0.38987451823835662,0.9041172563704748,0.50686898476833575,0.98156063424671924
809,-0.57556745885398253,0,0,1.6740826988068267,0.50168191978818799,-0.98156063424671924,0.38588472088625969,-0.9041172563704748,0.23546598662102383,-0.76990267419430469,0.10855727493101182,-0.58731795428661759,0.033133662765963336,-0.36783149899818013,0.0032159164947898828,-0.12523340851146897,0.0032159166230650094,0.12523340851146886,0.033133663145481593,0.36783149899818024,0.10855727547328611,0.58731795428661748,0.23546598724069881,0.76990267419430469,0.38588472154705256,0.9041172563704748,0.50168192046041982,0.98156063424671924
810,-0.57841117631110939,0,0,1.6566050982132574,0.49644430745237811,-0.98156063424671924,0.38185604355932529,-0.9041172563704748,0.23300769679549127,-0.76990267419430469,0.10742392548385113,-0.58731795428661759,0.032787743811027982,-0.36783149899818013,0.0031823419778355534,-0.12523340851146897,0.0031823421067044043,0.12523340851146886,0.032787744192386094,0.36783149899818024,0.10742392602842901,0.58731795428661748,0.23300769741764318,0.76990267419430469,0.3818560442226302,0.9041172563704748,0.4964443081271448,0.98156063424671924
811,-0.5812831776588856,0,0,1.6389712847804698,0.49115988192330262,-0.98156063424671924,0.3777913583650267,-0.9041172563704748,0.23052743505044943,-0.76990267419430469,0.10628044628610196,-0.58731795428661759,0.032438733071177242,-0.36783149899818013,0.0031484673756197283,-0.12523340851146897,0.0031484675050888031,0.12523340851146886,0.032438733454394311,0.36783149899818024,0.10628044683300082,0.58731795428661748,0.23052743567509368,0.76990267419430469,0.3777913590308577,0.9041172563704748,0.49115988260061738,0.98156063424671924
812,-0.58418171931664598,0,0,1.6211938726509041,0.48583242335302873,-0.98156063424671924,0.37369357292843269,-0.9041172563704748,0.2280269756121629,-0.76990267419430469,0.10512765531225023,-0.58731795428661759,0.032086880207167157,-0.36783149899818013,0.0031143169199440235,-0.12523340851146897,0.0031143170500195216,0.12523340851146886,0.03208688059226128,0.36783149899818024,0.10512765586148584,0.58731795428661748,0.2280269762393129,0.76990267419430469,0.37369357359680222,0.9041172563704748,0.48583242403290366,0.98156063424671924
813,-0.58710504159120858,0,0,1.6032856127735156,0.48046575289121324,-0.98156063424671924,0.36956562640922092,-0.9041172563704748,0.22550811194924328,-0.76990267419430469,0.10396637940811335,-0.58731795428661759,0.03173243758744617,-0.36783149899818013,0.0030799151054156826,-0.12523340851146897,0.0030799152361035611,0.12523340851146886,0.031732437974434424,0.36783149899818024,0.10396637995969982,0.58731795428661748,0.2255081125789106,0.76990267419430469,0.36956562708013957,0.9041172563704748,0.48046575357365862,0.98156063424671924
814,-0.59005136974517791,0,0,1.5852593779195923,0.47506372819470666,-0.98156063424671924,0.36541048604774706,-0.9041172563704748,0.22297265466506852,-0.76990267419430469,0.10279745331917862,-0.58731795428661759,0.031375659991586258,-0.36783149899818013,0.0030452866606629826,-0.12523340851146897,0.0030452867919688919,0.12523340851146886,0.03137566038048463,0.36783149899818024,0.10279745387312843,0.58731795428661748,0.22297265529726312,0.76990267419430469,0.36541048672122389,0.9041172563704748,0.47506372887973053,0.98156063424671924
815,-0.59301891507438032,0,0,1.5671281471775644,0.46963023878102467,-0.98156063424671924,0.36123114359101816,-0.9041172563704748,0.2204224293169201,-0.76990267419430469,0.10162171868515613,-0.58731795428661759,0.031016804303402094,-0.36783149899818013,0.0030104565185496441,-0.12523340851146897,0.0030104566504789935,0.12523340851146886,0.031016804694225516,0.36783149899818024,0.10162171924148015,0.58731795428661748,0.22042242995165007,0.76990267419430469,0.36123114426706016,0.9041172563704748,0.4696302394686328,0.98156063424671924
816,-0.59600587599377941,0,0,1.5489049899692493,0.46416920123840466,-0.98156063424671924,0.35703061160835403,-0.9041172563704748,0.21785927416780773,-0.76990267419430469,0.10044002300349898,-0.58731795428661759,0.030656129194598546,-0.36783149899818013,0.0029754497854700798,-0.12523340851146897,0.0029754499180279586,0.12523340851146886,0.030656129587360838,0.36783149899818024,0.10044002356220666,0.58731795428661748,0.21785927480507916,0.76990267419430469,0.35703061228696575,0.9041172563704748,0.46416920192860145,0.98156063424671924
817,-0.59901043913121121,0,0,1.5306030496337923,0.458684554306312,-0.98156063424671924,0.35281191970740078,-0.9041172563704748,0.2152850378774894,-0.76990267419430469,0.099253218564890694,-0.58731795428661759,0.030293894799861915,-0.36783149899818013,0.0029402917098140273,-0.12523340851146897,0.0029402918430052587,0.12523340851146886,0.030293895194575798,0.36783149899818024,0.09925321912598975,0.58731795428661748,0.21528503851730676,0.76990267419430469,0.35281192038858555,0.9041172563704748,0.45868455499909966,0.98156063424671924
818,-0.60203078042827518,0,0,1.5122355266281651,0.45318025384103727,-0.98156063424671924,0.3485781106617587,-0.9041172563704748,0.21270157713955901,-0.76990267419430469,0.098062161363867389,-0.58731795428661759,0.029930362384361926,-0.36783149899818013,0.0029050076496946894,-0.12523340851146897,0.0029050077835238034,0.12523340851146886,0.029930362781038979,0.36783149899818024,0.09806216192736382,0.58731795428661748,0.21270157778192497,0.76990267419430469,0.34857811134551842,0.9041172563704748,0.45318025453641586,0.98156063424671924
819,-0.60506506624771261,0,0,1.4938156613962796,0.44766026768198491,-0.98156063424671924,0.34433223646222522,-0.9041172563704748,0.21011075427192327,-0.76990267419430469,0.096867709987951148,-0.58731795428661759,0.029565794004694997,-0.36783149899818013,0.0028696230400402363,-0.12523340851146897,0.002869623174511512,0.12523340851146886,0.029565794403345731,0.36783149899818024,0.096867710553849365,0.58731795428661748,0.21011075491683825,0.76990267419430469,0.34433223714855937,0.9041172563704748,0.44766026837995349,0.98156063424671924
820,-0.60811145448660064,0,0,1.475356716961012,0.44212857043492737,-0.98156063424671924,0.34007735430416575,-0.9041172563704748,0.20751443476830397,-0.76990267419430469,0.095670724488815778,-0.58731795428661759,0.029200452164343374,-0.36783149899818013,0.0028341633591530691,-0.12523340851146897,0.0028341634942705002,0.12523340851146886,0.029200452564977136,0.36783149899818024,0.095670725057118558,0.58731795428661748,0.20751443541576683,0.76990267419430469,0.34007735499307179,0.9041172563704748,0.44212857113548298,0.98156063424671924
821,-0.61116809569468578,0,0,1.4568719612961212,0.43658913818929729,-0.98156063424671924,0.33581652252415023,-0.9041172563704748,0.20491448481878347,-0.76990267419430469,0.09447206523917917,-0.58731795428661759,0.02883459946477776,-0.36783149899818013,0.0027986540948461919,-0.12523340851146897,0.0027986542306135146,0.12523340851146886,0.028834599867402801,0.36783149899818024,0.094472065809887734,0.58731795428661748,0.20491448546879135,0.76990267419430469,0.33581652321562372,0.9041172563704748,0.43658913889243461,0.98156063424671924
822,-0.61423313419717762,0,0,1.4383746495367045,0.43104594318709094,-0.98156063424671924,0.33155279649936981,-0.9041172563704748,0.20231276880763802,-0.76990267419430469,0.093272591779225339,-0.58731795428661759,0.028468498253364366,-0.36783149899818013,0.002763120710269486,-0.12523340851146897,0.0027631208466901316,0.12523340851146886,0.028468498657987753,0.36783149899818024,0.093272592352339465,0.58731795428661748,0.20231276946018645,0.76990267419430469,0.33155279719340475,0.9041172563704748,0.43104594389280276,0.98156063424671924
823,-0.61730470922132141,0,0,1.4198780060890286,0.42550294846162184,-0.98156063424671924,0.32728922452386205,-0.9041172563704748,0.19971114679701943,-0.76990267419430469,0.092073161656502089,-0.58731795428661759,0.028102410269280311,-0.36783149899818013,0.0027275886095425991,-0.12523340851146897,0.002727588746619746,0.12523340851146886,0.028102410675908063,0.36783149899818024,0.092073162232020153,0.58731795428661748,0.19971114745210239,0.76990267419430469,0.32728922522045084,0.9041172563704748,0.42550294916989828,0.98156063424671924
824,-0.62038095602606647,0,0,1.4013952067015198,0.41996410246462923,-0.98156063424671924,0.32302884367578055,-0.9041172563704748,0.1971114720051724,-0.76990267419430469,0.090874629263299353,-0.58731795428661759,0.027736596288660365,-0.36783149899818013,0.0026920831033133185,-0.12523340851146897,0.0026920832410498412,0.12523340851146886,0.027736596697297281,0.36783149899818024,0.09087462984121801,0.58731795428661748,0.19711147266278234,0.76990267419430469,0.3230288443749138,0.9041172563704748,0.41996410317546023,0.98156063424671924
825,-0.62346000703414228,0,0,1.3829393605603399,0.41443333370075891,-0.98156063424671924,0.31877467569033269,-0.9041172563704748,0.19451558828811069,-0.76990267419430469,0.089677844675622065,-0.58731795428661759,0.027371315770230192,-0.36783149899818013,0.0026566293743630642,-0.12523340851146897,0.0026566295127615994,0.12523340851146886,0.02737131618087996,0.36783149899818024,0.089677845255936431,0.58731795428661748,0.19451558894823823,0.76990267419430469,0.31877467639199941,0.9041172563704748,0.41443333441413355,0.98156063424671924
826,-0.62653999296585772,0,0,1.3645234924732774,0.40891454538850908,-0.98156063424671924,0.31452972285307457,-0.9041172563704748,0.19192532763371456,-0.76990267419430469,0.088483652497889823,-0.58731795428661759,0.027006826502687677,-0.36783149899818013,0.0026212524433821493,-0.12523340851146897,0.0026212525824450502,0.12523340851146886,0.027006826915352784,0.36783149899818024,0.08848365308059343,0.58731795428661748,0.19192532829634856,0.76990267419430469,0.31452972355726222,0.9041172563704748,0.40891454610441402,0.98156063424671924
827,-0.62961904397393353,0,0,1.3461605252065929,0.4034116101670111,-0.98156063424671924,0.31029696392846262,-0.9041172563704748,0.18934250767734168,-0.76990267419430469,0.087292890717555041,-0.58731795428661759,0.026643384255111348,-0.36783149899818013,0.0025859771350387676,-0.12523340851146897,0.0025859772747681598,0.12523340851146886,0.026643384669793171,0.36783149899818024,0.087292891302640063,0.58731795428661748,0.18934250834246988,0.76990267419430469,0.31029696463515671,0.9041172563704748,0.40341161088543109,0.98156063424671924
828,-0.63269529077867859,0,0,1.3278632620391431,0.3979283648679236,-0.98156063424671924,0.30607935013848842,-0.9041172563704748,0.18676892924800065,-0.76990267419430469,0.086106389573810616,-0.58731795428661759,0.026281242431669412,-0.36783149899818013,0.0025508280444654797,-0.12523340851146897,0.0025508281848631762,0.12523340851146886,0.026281242848368153,0.36783149899818024,0.086106390161267699,0.58731795428661748,0.18676892991560856,0.76990267419430469,0.30607935084767285,0.9041172563704748,0.39792836558884109,0.98156063424671924
829,-0.63576686580282238,0,0,1.309644369598248,0.39246860537175976,-0.98156063424671924,0.30187980120625818,-0.9041172563704748,0.18420637395415043,-0.76990267419430469,0.084924970444567663,-0.58731795428661759,0.025920651731904994,-0.36783149899818013,0.0025158295042868066,-0.12523340851146897,0.002515829645354357,0.12523340851146886,0.025920652150619675,0.36783149899818024,0.084924971034386079,0.58731795428661748,0.18420637462422257,0.76990267419430469,0.30187980191791564,0.9041172563704748,0.39246860609515577,0.98156063424671924
830,-0.63883190430531422,0,0,1.2915163610408635,0.38703608156769198,-0.98156063424671924,0.29770120147916651,-0.9041172563704748,0.18165660181806989,-0.76990267419430469,0.083749444755824895,-0.58731795428661759,0.025561859817855675,-0.36783149899818013,0.0024810055523102588,-0.12523340851146897,0.0024810056940489057,0.12523340851146886,0.025561860238584106,0.36783149899818024,0.083749445347992252,0.58731795428661748,0.18165660249058915,0.76990267419430469,0.29770120219327711,0.9041172563704748,0.38703608229354636,0.98156063424671924
831,-0.64188854551339936,0,0,1.27349157964295,0.38163449243568587,-0.98156063424671924,0.29354639614615724,-0.9041172563704748,0.17912134896764137,-0.76990267419430469,0.082580612917507581,-0.58731795428661759,0.025205110989252068,-0.36783149899818013,0.0024463799000014126,-0.12523340851146897,0.0024463800424121612,0.12523340851146886,0.025205111411990937,0.36783149899818024,0.082580613512010098,0.58731795428661748,0.17912134964258927,0.76990267419430469,0.29354639686270079,0.9041172563704748,0.38163449316397685,0.98156063424671924
832,-0.64493493375228739,0,0,1.2555821828583662,0.37626748126933662,-0.98156063424671924,0.28941818756322124,-0.9041172563704748,0.17660232539417453,-0.76990267419430469,0.081419263289753185,-0.58731795428661759,0.024850645868009519,-0.36783149899818013,0.0024119759018610665,-0.12523340851146897,0.0024119760449446358,0.12523340851146886,0.024850646292754301,0.36783149899818024,0.081419263886575749,0.58731795428661748,0.17660232607153087,0.76990267419430469,0.28941818828217597,0.9041172563704748,0.37626748200004168,0.98156063424671924
833,-0.64796921957172482,0,0,1.2378001269072323,0.37093863105737596,-0.98156063424671924,0.28531933170093132,-0.9041172563704748,0.17410121278470178,-0.76990267419430469,0.080266171183531132,-0.58731795428661759,0.024498701093198814,-0.36783149899818013,0.0023778165258193963,-0.12523340851146897,0.0023778166695762582,0.12523340851146886,0.024498701519943815,0.36783149899818024,0.080266171782657283,0.58731795428661748,0.17410121346444463,0.76990267419430469,0.28531933242227397,0.9041172563704748,0.37093863179047176,0.98156063424671924
834,-0.65098956086878879,0,0,1.2201571519515118,0.36565146004115645,-0.98156063424671924,0.28125253472733769,-0.9041172563704748,0.17161966243686852,-0.76990267419430469,0.079122097899341284,-0.58731795428661759,0.024149509027639439,-0.36783149899818013,0.0023439243247582444,-0.12523340851146897,0.0023439244691885854,0.12523340851146886,0.024149509456377782,0.36783149899818024,0.079122098500753177,0.58731795428661748,0.1716196631189747,0.76990267419430469,0.28125253545104378,0.9041172563704748,0.3656514607766177,0.98156063424671924
835,-0.65399412400622059,0,0,1.2026647679134943,0.36040941746479238,-0.98156063424671924,0.27722044973905569,-0.9041172563704748,0.16915929326424978,-0.76990267419430469,0.077987789807601682,-0.58731795428661759,0.023803297477217131,-0.36783149899818013,0.0023103214092683598,-0.12523340851146897,0.0023103215543721135,0.12523340851146886,0.02380329790794079,0.36783149899818024,0.077987790411280081,0.58731795428661748,0.16915929394869497,0.76990267419430469,0.27722045046509902,0.9041172563704748,0.36040941820259248,0.98156063424671924
836,-0.65698108492561968,0,0,1.1853342409899565,0.35521587953378297,-0.98156063424671924,0.27322567365270911,-0.9041172563704748,0.16672168989951658,-0.76990267419430469,0.076863977474148082,-0.58731795428661759,0.023460289423970392,-0.36783149899818013,0.0022770294217431025,-0.12523340851146897,0.0022770295675198925,0.12523340851146886,0.023460289856670133,0.36783149899818024,0.076863978080072531,0.58731795428661748,0.16672169058627517,0.76990267419430469,0.27322567438106243,0.9041172563704748,0.35521588027389378,0.98156063424671924
837,-0.65994863025482209,0,0,1.1681765809122007,0.35007414559715472,-0.98156063424671924,0.2692707442683035,-0.9041172563704748,0.16430840090251275,-0.76990267419430469,0.075751374834100701,-0.58731795428661759,0.023120702773939451,-0.36783149899818013,0.0022440695119048883,-0.12523340851146897,0.0022440696583540779,0.12523340851146886,0.02312070320860489,0.36783149899818024,0.075751375442249455,0.58731795428661748,0.16430840159155766,0.76990267419430469,0.26927074499893838,0.9041172563704748,0.35007414633954687,0.98156063424671924
838,-0.66289495840879142,0,0,1.1512025289985721,0.34498743456709202,-0.98156063424671924,0.26535813751527004,-0.9041172563704748,0.16192093707979707,-0.76990267419430469,0.074650678417120073,-0.58731795428661759,0.022784750120700227,-0.36783149899818013,0.0022114623138541072,-0.12523340851146897,0.0022114624609747419,0.12523340851146886,0.022784750557319759,0.36783149899818024,0.074650679027469968,0.58731795428661748,0.16192093777110009,0.76990267419430469,0.26535813824815707,0.9041172563704748,0.34498743531173448,0.98156063424671924
839,-0.66581828068335402,0,0,1.1344225470429743,0.33995888158909315,-0.98156063424671924,0.26149026489121058,-0.9041172563704748,0.15956076992177096,-0.76990267419430469,0.073562566626873077,-0.58731795428661759,0.022452638525444317,-0.36783149899818013,0.002179227924723868,-0.12523340851146897,0.0021792280725147274,0.12523340851146886,0.022452638964005154,0.36783149899818024,0.07356256723939987,0.58731795428661748,0.15956077061530285,0.76990267419430469,0.26149026562631883,0.9041172563704748,0.33995888233595439,0.98156063424671924
840,-0.6687168223411144,0,0,1.1178468070787768,0.33499153497446427,-0.98156063424671924,0.25766947110242561,-0.9041172563704748,0.15722933016293439,-0.76990267419430469,0.072487699077265669,-0.58731795428661759,0.022124569314384911,-0.36783149899818013,0.0021473858850165023,-0.12523340851146897,0.0021473860334760295,0.12523340851146886,0.02212456975487314,0.36783149899818024,0.07248769969194388,0.58731795428661748,0.15722933085866475,0.76990267419430469,0.257669471839723,0.9041172563704748,0.33499153572351148,0.98156063424671924
841,-0.67158882368889061,0,0,1.1014851820538918,0.33008835340586457,-0.98156063424671924,0.25389803191447041,-0.9041172563704748,0.15492800647030022,-0.76990267419430469,0.071426715987760098,-0.58731795428661759,0.021800737894196703,-0.36783149899818013,0.0021159551606902997,-0.12523340851146897,0.0021159553098166525,0.12523340851146886,0.021800738336597202,0.36783149899818024,0.071426716604563095,0.58731795428661748,0.15492800716819738,0.76990267419430469,0.25389803265392408,0.9041172563704748,0.33008835415706411,0.98156063424671924
842,-0.67443254114601747,0,0,1.0853472374483335,0.32525220342529393,-0.98156063424671924,0.25017815221996048,-0.9041172563704748,0.15265814426437263,-0.76990267419430469,0.070380237639809023,-0.58731795428661759,0.021481333586109541,-0.36783149899818013,0.0020849541270568758,-0.12523340851146897,0.0020849542768478684,0.12523340851146886,0.021481334030406005,0.36783149899818024,0.070380238258708983,0.58731795428661748,0.15265814496440447,0.76990267419430469,0.25017815296153634,0.9041172563704748,0.32525220417861106,0.98156063424671924
843,-0.67724624830286728,0,0,1.069442223861401,0.32048585721265066,-0.98156063424671924,0.24651196432987754,-0.9041172563704748,0.15042104467650697,-0.76990267419430469,0.069348863896164792,-0.58731795428661759,0.02116653947919292,-0.36783149899818013,0.0020544005545410872,-0.12523340851146897,0.0020544007049942124,0.12523340851146886,0.021166539925367912,0.36783149899818024,0.06934886451713286,0.58731795428661748,0.15042104537863996,0.76990267419430469,0.24651196507354065,0.9041172563704748,0.32048585796804979,0.98156063424671924
844,-0.68002823696894588,0,0,1.0537790705909738,0.31579199066160341,-0.98156063424671924,0.24290152649356483,-0.9041172563704748,0.14821796364581369,-0.76990267419430469,0.068333173784523915,-0.58731795428661759,0.020856532303276706,-0.36783149899818013,0.0020243115963468751,-0.12523340851146897,0.0020243117474592729,0.12523340851146886,0.020856532751311614,0.36783149899818024,0.068333174407530131,0.58731795428661748,0.14821796435001316,0.76990267419430469,0.24290152723927919,0.9041172563704748,0.3157919914190479,0.98156063424671924
845,-0.68277681820992897,0,0,1.038366380222856,0.31117318175814801,-0.98156063424671924,0.23934882165154256,-0.9041172563704748,0.1460501111581288,-0.76990267419430469,0.067333725146668452,-0.58731795428661759,0.020551482321862578,-0.36783149899818013,0.0019947037780633572,-0.12523340851146897,0.0019947039298318222,0.12523340851146886,0.020551482771737642,0.36783149899818024,0.067333725771681868,0.58731795428661748,0.14605011186435923,0.76990267419430469,0.23934882239927133,0.9041172563704748,0.31117318251760034,0.98156063424671924
846,-0.68549032337300608,0,0,1.0232124242431289,0.30663190926573652,-0.98156063424671924,0.23585575642413226,-0.9041172563704748,0.14391865062887538,-0.76990267419430469,0.066351054353945518,-0.58731795428661759,0.020251553245283223,-0.36783149899818013,0.0019655929892361769,-0.12523340851146897,0.0019655931416571134,0.12523340851146886,0.020251553696977495,0.36783149899818024,0.066351054980934077,0.58731795428661748,0.14391865133710022,0.76990267419430469,0.23585575717383803,0.9041172563704748,0.30663191002715828,0.98156063424671924
847,-0.68816710509991441,0,0,1.0083251396819346,0.3021705517195013,-0.98156063424671924,0.23242416033783253,-0.9041172563704748,0.14182469843099915,-0.76990267419430469,0.065385676089630612,-0.58731795428661759,0.019956902164275626,-0.36783149899818013,0.0019369944769201542,-0.12523340851146897,0.0019369946299896315,0.12523340851146886,0.019956902617767069,0.36783149899818024,0.065385676718561325,0.58731795428661748,0.1418246991411812,0.76990267419430469,0.23242416108947694,0.9041172563704748,0.30217055248285307,0.98156063424671924
848,-0.69080553832704217,0,0,0.99371212679176213,0.29779138673049216,-0.98156063424671924,0.22905578529015078,-0.9041172563704748,0.13976932356841054,-0.76990267419430469,0.064438083198373949,-0.58731795428661759,0.019667679504029447,-0.36783149899818013,0.0019089228412193296,-0.12523340851146897,0.0019089229949329932,0.12523340851146886,0.019667679959294825,0.36783149899818024,0.064438083829212942,0.58731795428661748,0.13976932428051161,0.76990267419430469,0.22905578604369478,0.9041172563704748,0.29779138749573414,0.98156063424671924
849,-0.69340402127199852,0,0,0.97938064775877276,0.29349659059949346,-0.98156063424671924,0.2257523052525581,-0.9041172563704748,0.1377535474947279,-0.76990267419430469,0.063508746602635641,-0.58731795428661759,0.019384028998681378,-0.36783149899818013,0.001881392032811361,-0.12523340851146897,0.0018813921871644909,0.12523340851146886,0.019384029455696311,0.36783149899818024,0.063508747235348051,0.58731795428661748,0.13775354820870911,0.76990267419430469,0.22575230600796153,0.9041172563704748,0.29349659136658546,0.98156063424671924
850,-0.69596097640604915,0,0,0.96533762644044552,0.28928823823840238,-0.98156063424671924,0.22251531621001408,-0.9041172563704748,0.13577834407637651,-0.76990267419430469,0.062598115285672967,-0.58731795428661759,0.01910608768612259,-0.36783149899818013,0.0018544153524436007,-0.12523340851146897,0.0018544155074310389,0.12523340851146886,0.01910608814486155,0.36783149899818024,0.062598115920222949,0.58731795428661748,0.13577834479219811,0.76990267419430469,0.2225153169672362,0.9041172563704748,0.28928823900730316,0.98156063424671924
851,-0.69847485141182741,0,0,0.95158964911805777,0.28516830339572835,-0.98156063424671924,0.21934633633441816,-0.9041172563704748,0.13384463969842747,-0.76990267419430469,0.061706616340335529,-0.58731795428661759,0.018833985922891965,-0.36783149899818013,0.0018280054523785623,-0.12523340851146897,0.001828005607994743,0.12523340851146886,0.018833986383328276,0.36783149899818024,0.061706616976686453,0.58731795428661748,0.13384464041604913,0.76990267419430469,0.21934633709341811,0.9041172563704748,0.28516830416639627,0.98156063424671924
852,-0.70094412012573937,0,0,0.93814296624756277,0.28113865918128916,-0.98156063424671924,0.21624680638819602,-0.9041172563704748,0.13195331351086545,-0.76990267419430469,0.060834655082602412,-0.58731795428661759,0.018567847418829588,-0.36783149899818013,0.0018021743397574187,-0.12523340851146897,0.0018021744959962902,0.12523340851146886,0.018567847880935476,0.36783149899818024,0.060834655720716738,0.58731795428661748,0.13195331423024617,0.76990267419430469,0.21624680714893202,0.9041172563704748,0.2811386599536822,0.98156063424671924
853,-0.70336728346449173,0,0,0.92500349518764957,0.27720107888374451,-0.98156063424671924,0.2132180903531313,-0.9041172563704748,0.13010519781230048,-0.76990267419430469,0.05998261522848547,-0.58731795428661759,0.018307789291070978,-0.36783149899818013,0.0017769333818405551,-0.12523340851146897,0.0017769335386956281,0.12523340851146886,0.018307789754817581,0.36783149899818024,0.059982615868324908,0.58731795428661748,0.13010519853339861,0.76990267419430469,0.21321809111556089,0.9041172563704748,0.2772010796578202,0.98156063424671924
854,-0.70574287033517868,0,0,0.91217682387914101,0.2733572370732219,-0.98156063424671924,0.21026147627848563,-0.9041172563704748,0.12830107856748887,-0.76990267419430469,0.059150859132622899,-0.58731795428661759,0.018053922136870189,-0.36783149899818013,0.0017522933130757552,-0.12523340851146897,0.0017522934705400419,0.12523340851146886,0.018053922602227549,0.36783149899818024,0.059150859774148329,0.58731795428661748,0.12830107929026208,0.76990267419430469,0.21026147704256601,0.9041172563704748,0.27335723784893723,0.98156063424671924
855,-0.70806943852837567,0,0,0.89966821544516173,0.26960871097987515,-0.98156063424671924,0.20737817734136169,-0.9041172563704748,0.12654169605436391,-0.76990267419430469,0.058339728086580972,-0.58731795428661759,0.017806350124646902,-0.36783149899818013,0.0017282642439350987,-0.12523340851146897,0.0017282644020011337,0.12523340851146886,0.017806350591583989,0.36783149899818024,0.058339728729752509,0.58731795428661748,0.12654169677876939,0.76990267419430469,0.20737817810704939,0.9041172563704748,0.26960871175718626,0.98156063424671924
856,-0.71034557559369915,0,0,0.88748261367732262,0.26595698213796043,-0.98156063424671924,0.20456933311129671,-0.9041172563704748,0.12482774563568848,-0.76990267419430469,0.057549542674610196,-0.58731795428661759,0.017565171102569777,-0.36783149899818013,0.0017048556714539824,-0.12523340851146897,0.0017048558301137706,0.12523340851146886,0.017565171571054469,0.36783149899818024,0.057549543319387234,0.58731795428661748,0.12482774636168298,0.76990267419430469,0.20456933387854787,0.9041172563704748,0.26595698291682318,0.98156063424671924
857,-0.71256989969729745,0,0,0.87562464936877138,0.26240343828369783,-0.98156063424671924,0.20183601101006343,-0.9041172563704748,0.12315987864982228,-0.76990267419430469,0.05678060318431713,-0.58731795428661759,0.017330476723900944,-0.36783149899818013,0.0016820764913968809,-0.12523340851146897,0.001682076650641926,0.12523340851146886,0.017330477193900084,0.36783149899818024,0.056780603830658409,0.58731795428661748,0.12315987937736199,0.76990267419430469,0.20183601177883406,0.9041172563704748,0.26240343906406793,0.98156063424671924
858,-0.71474106046075692,0,0,0.86409864745104514,0.25894937549401248,-0.98156063424671924,0.19917920795675159,-0.9041172563704748,0.12153870341454659,-0.76990267419430469,0.056033190069459678,-0.58731795428661759,0.017102352588249565,-0.36783149899818013,0.0016599350119673214,-0.12523340851146897,0.0016599351717885588,0.12523340851146886,0.017102353059728962,0.36783149899818024,0.056033190717323253,0.58731795428661748,0.12153870414358728,0.76990267419430469,0.19917920872699735,0.9041172563704748,0.25894937627584552,0.98156063424671924
859,-0.71685773978090905,0,0,0.85290863488775848,0.25559600055208176,-0.98156063424671924,0.19659985218730386,-0.9041172563704748,0.11996478633734116,-0.76990267419430469,0.055307564461819551,-0.58731795428661759,0.016880878397804725,-0.36783149899818013,0.0016384389689716287,-0.12523340851146897,0.0016384391293594513,0.12523340851146886,0.016880878870729175,0.36783149899818024,0.055307565111162901,0.58731795428661748,0.11996478706783809,0.76990267419430469,0.1965998529589798,0.9041172563704748,0.25559600133533278,0.98156063424671924
860,-0.71891865263004429,0,0,0.84205834927484102,0.25234443352461705,-0.98156063424671924,0.19409880523691533,-0.9041172563704748,0.11843865312503969,-0.76990267419430469,0.054603968728891998,-0.58731795428661759,0.016666128127552506,-0.36783149899818013,0.0016175955423400332,-0.12523340851146897,0.0016175957032842712,0.12523340851146886,0.016666128601885793,0.36783149899818024,0.054603969379671963,0.58731795428661748,0.11843865385694791,0.76990267419430469,0.19409880600997609,0.9041172563704748,0.25234443430924069,0.98156063424671924
861,-0.72092254783604548,0,0,0.83155124809340553,0.24919571053472286,-0.98156063424671924,0.19167686407286666,-0.9041172563704748,0.11696079008528038,-0.76990267419430469,0.053922627073895578,-0.58731795428661759,0.016458170208409912,-0.36783149899818013,0.0015974113739014571,-0.12523340851146897,0.0015974115353913621,0.12523340851146886,0.016458170684114828,0.36783149899818024,0.053922627726068546,0.58731795428661748,0.11696079081855457,0.76990267419430469,0.19167686484726679,0.9041172563704748,0.24919571132067209,0.98156063424671924
862,-0.72286820884196645,0,0,0.82139051855864276,0.24615078671337406,-0.98156063424671924,0.18933476336474545,-0.9041172563704748,0.11553164551178956,-0.76990267419430469,0.053263746174431609,-0.58731795428661759,0.016257067722155499,-0.36783149899818013,0.0015778925863032794,-0.12523340851146897,0.0015778927483274959,0.12523340851146886,0.016257068199193859,0.36783149899818024,0.053263746827954032,0.58731795428661748,0.11553164624638397,0.76990267419430469,0.18933476414043962,0.9041172563704748,0.24615078750060299,0.98156063424671924
863,-0.72475445444459563,0,0,0.81157908800527778,0.24321053931168191,-0.98156063424671924,0.18707317787834829,-0.9041172563704748,0.11415163114513503,-0.76990267419430469,0.052627515855938473,-0.58731795428661759,0.016062878606979636,-0.36783149899818013,0.0015590448029618096,-0.12523340851146897,0.0015590449655083867,0.12523340851146886,0.016062879085312332,0.36783149899818024,0.052627516510765741,0.58731795428661748,0.11415163188100368,0.76990267419430469,0.18707317865529072,0.9041172563704748,0.24321054010014495,0.98156063424671924
864,-0.72658013951155609,0,0,0.80211963474770598,0.24037577095541371,-0.98156063424671924,0.18489272497899803,-0.9041172563704748,0.112821123700245,-0.76990267419430469,0.052014109795925474,-0.58731795428661759,0.015875655872429756,-0.36783149899818013,0.0015408731689246597,-0.12523340851146897,0.0015408733319810309,0.12523340851146886,0.015875656352016789,0.36783149899818024,0.052014110452012312,0.58731795428661748,0.11282112443734166,0.76990267419430469,0.18489272575714258,0.9041172563704748,0.24037577174506519,0.98156063424671924
865,-0.72834415567650468,0,0,0.79301459935098872,0.23764721302263686,-0.98156063424671924,0.18279396722956645,-0.9041172563704748,0.11154046645171556,-0.76990267419430469,0.051423686254849832,-0.58731795428661759,0.0156954478224876,-0.36783149899818013,0.0015233823725223413,-0.12523340851146897,0.0015233825360753349,0.12523340851146886,0.015695448303288072,0.36783149899818024,0.051423686912150553,0.58731795428661748,0.11154046718999357,0.76990267419430469,0.18279396800886691,0.9041172563704748,0.23764721381343099,0.98156063424671924
866,-0.73004543201201022,0,0,0.78426619624686988,0.23502552912475672,-0.98156063424671924,0.18077741506802575,-0.9041172563704748,0.11030997086764677,-0.76990267419430469,0.050856388829366966,-0.58731795428661759,0.015522298285474695,-0.36783149899818013,0.0015065766676826933,-0.12523340851146897,0.0015065768317184969,0.12523340851146886,0.015522298767446794,0.36783149899818024,0.050856389487835482,0.58731795428661748,0.11030997160705899,0.76990267419430469,0.18077741584843579,0.9041172563704748,0.23502552991664724,0.98156063424671924
867,-0.73168293567969933,0,0,0.77587642562798731,0.23251131867092298,-0.98156063424671924,0.17884352954912655,-0.9041172563704748,0.10912991828260755,-0.76990267419430469,0.050312347223620747,-0.58731795428661759,0.01535624684946418,-0.36783149899818013,0.001490459896779664,-0.12523340851146897,0.0014904600612838691,0.12523340851146886,0.015356247332565215,0.36783149899818024,0.050312347883210456,0.58731795428661748,0.10912991902310697,0.76990267419430469,0.17884353033059966,0.9041172563704748,0.23251131946386353,0.98156063424671924
868,-0.73325567255727619,0,0,0.7678470855518803,0.23010512049530607,-0.98156063424671924,0.17699272513443376,-0.9041172563704748,0.10800056160011023,-0.76990267419430469,0.0497916780341374,-0.58731795428661759,0.015197329101844894,-0.36783149899818013,0.0014750355138851991,-0.12523340851146897,0.0014750356788427322,0.12523340851146886,0.015197329586031356,0.36783149899818024,0.049791678694801382,0.58731795428661748,0.10800056234164966,0.76990267419430469,0.1769927259169233,0.9041172563704748,0.23010512128925051,0.98156063424671924
869,-0.73476268784203302,0,0,0.76017978418613763,0.22780741652667122,-0.98156063424671924,0.17522537251489656,-0.9041172563704748,0.10692212701493607,-0.76990267419430469,0.049294485543872488,-0.58731795428661759,0.01504557687167897,-0.36783149899818013,0.0014603066082921358,-0.12523340851146897,0.0014603067736873338,0.12523340851146886,0.015045577356906571,0.36783149899818024,0.049294486205563537,0.58731795428661748,0.1069221277574683,0.76990267419430469,0.17522537329835566,0.9041172563704748,0.22780741732157317,0.98156063424671924
870,-0.73620306663048329,0,0,0.75287595212545155,0.22561863547949962,-0.98156063424671924,0.17354180144999284,-0.9041172563704748,0.10589481574557486,-0.76990267419430469,0.04882086252092048,-0.58731795428661759,0.014901018473482614,-0.36783149899818013,0.0014462759281753668,-0.12523340851146897,0.0014462760939919178,0.12523340851146886,0.014901018959706308,0.36783149899818024,0.048820863183591058,0.58731795428661748,0.10589481648905259,0.76990267419430469,0.17354180223437476,0.9041172563704748,0.22561863627531342,0.98156063424671924
871,-0.73757593447376357,0,0,0.74593685471120952,0.22353915654587167,-0.98156063424671924,0.17194230360745924,-0.9041172563704748,0.10491880576702174,-0.76990267419430469,0.048370891017388881,-0.58731795428661759,0.014763678951057053,-0.36783149899818013,0.0014329459042577617,-0.12523340851146897,0.0014329460704787648,0.12523340851146886,0.014763679438231073,0.36783149899818024,0.048370891680990957,0.58731795428661748,0.10491880651139768,0.76990267419430469,0.17194230439271707,0.9041172563704748,0.2235391573425515,0.98156063424671924
872,-0.73888045790846169,0,0,0.73936360428508374,0.22156931306756961,-0.98156063424671924,0.17042713538780668,-0.9041172563704748,0.10399425353429032,-0.76990267419430469,0.047944643163992051,-0.58731795428661759,0.014633580320013169,-0.36783149899818013,0.0014203186733493893,-0.12523340851146897,0.0014203188399573186,0.12523340851146886,0.014633580808091046,0.36783149899818024,0.047944643828477414,0.58731795428661748,0.10399425427951692,0.76990267419430469,0.17042713617389349,0.9041172563704748,0.22156931386506901,0.98156063424671924
873,-0.74011584496254201,0,0,0.73315717230804656,0.21970939616785209,-0.98156063424671924,0.1689965207178161,-0.9041172563704748,0.10312129568699716,-0.76990267419430469,0.047542181955919138,-0.58731795428661759,0.014510741807632671,-0.36783149899818013,0.0014083961016281455,-0.12523340851146897,0.001408396268604898,0.12523340851146886,0.01451074229656725,0.36783149899818024,0.047542182621239326,0.58731795428661748,0.10312129643302675,0.76990267419430469,0.16899652150468505,0.9041172563704748,0.21970939696612446,0.98156063424671924
874,-0.74128134563605041,0,0,0.72731840127822023,0.21795965832294414,-0.98156063424671924,0.16765065379766425,-0.9041172563704748,0.10230005072565211,-0.76990267419430469,0.04716356202565674,-0.58731795428661759,0.014395180088747699,-0.36783149899818013,0.0013971798075340088,-0.12523340851146897,0.0013971799748608933,0.12523340851146886,0.014395180578491203,0.36783149899818024,0.047163562691763028,0.58731795428661748,0.10230005147243698,0.76990267419430469,0.16765065458526845,0.9041172563704748,0.21795965912194293,0.98156063424671924
875,-0.7423762523562889,0,0,0.72184801638130591,0.21632031685338751,-0.98156063424671924,0.16638970178640816,-0.9041172563704748,0.10153062065033472,-0.76990267419430469,0.046808830398470606,-0.58731795428661759,0.014286909516327679,-0.36783149899818013,0.001386671184149531,-0.12523340851146897,0.0013866713518073,0.12523340851146886,0.014286910006831728,0.36783149899818024,0.04680883106531411,0.58731795428661748,0.10153062139782719,0.76990267419430469,0.16638970257470087,0.9041172563704748,0.21632031765306647,0.98156063424671924
876,-0.74339990040715154,0,0,0.71674663681027306,0.21479155731627692,-0.98156063424671924,0.16521380741123179,-0.9041172563704748,0.10081309255285066,-0.76990267419430469,0.046478027226440233,-0.58731795428661759,0.014185942345520059,-0.36783149899818013,0.0013768714209449976,-0.12523340851146897,0.0013768715889138582,0.12523340851146886,0.014185942836735682,0.36783149899818024,0.046478027893971881,0.58731795428661748,0.10081309330100292,0.76990267419430469,0.16521380820016612,0.9041172563704748,0.21479155811658965,0.98156063424671924
877,-0.74435166833230793,0,0,0.71201478669200602,0.21337353677971094,-0.98156063424671924,0.16412309148609494,-0.9041172563704748,0.10014754015360554,-0.76990267419430469,0.046171186497006363,-0.58731795428661759,0.014092288949911956,-0.36783149899818013,0.0013677815247685444,-0.12523340851146897,0.0013677816930281949,0.12523340851146886,0.014092289441789658,0.36783149899818024,0.04617118716517684,0.58731795428661748,0.1001475409023698,0.76990267419430469,0.16412309227562405,0.9041172563704748,0.21337353758061103,0.98156063424671924
878,-0.74523097831189022,0,0,0.70765290556211269,0.2120663869618368,-0.98156063424671924,0.16311765532623038,-0.9041172563704748,0.099534025274925733,-0.76990267419430469,0.045888336712218543,-0.58731795428661759,0.014005958028848934,-0.36783149899818013,0.0013594023399683126,-0.12523340851146897,0.0013594025084979417,0.12523340851146886,0.014005958521338712,0.36783149899818024,0.04588833738097834,0.58731795428661748,0.099534026024254138,0.76990267419430469,0.16311765611630752,0.9041172563704748,0.21206638776327819,0.98156063424671924
879,-0.7460372965122648,0,0,0.70366135833134769,0.21087021721754609,-0.98156063424671924,0.16219758304545617,-0.9041172563704748,0.098972599242873174,-0.76990267419430469,0.045629501535016062,-0.58731795428661759,0.013926956804691753,-0.36783149899818013,0.0013517345675379507,-0.12523340851146897,0.0013517347363162884,0.12523340851146886,0.013926957297743162,0.36783149899818024,0.045629502204315497,0.58731795428661748,0.098972599992717819,0.76990267419430469,0.16219758383603458,0.9041172563704748,0.21087021801948252,0.98156063424671924
880,-0.74677013340829501,0,0,0.70004044469187621,0.20978511735730318,-0.98156063424671924,0.16136294372436805,-0.9041172563704748,0.098463304210271566,-0.76990267419430469,0.045394700399184924,-0.58731795428661759,0.013855291208986374,-0.36783149899818013,0.0013447787831860987,-0.12523340851146897,0.0013447789521914316,0.12523340851146886,0.013855291702548516,0.36783149899818024,0.045394701068974204,0.58731795428661748,0.098463304960584391,0.76990267419430469,0.16136294451540095,0.9041172563704748,0.20978511815968851,0.98156063424671924
881,-0.74742904407708211,0,0,0.69679040791571678,0.20881116028382479,-0.98156063424671924,0.16061379343842594,-0.9041172563704748,0.098006174394239823,-0.76990267419430469,0.04518394907990006,-0.58731795428661759,0.013790966056603862,-0.36783149899818013,0.001338535454238207,-0.12523340851146897,0.0013385356234484197,0.12523340851146886,0.013790966550625446,0.36783149899818024,0.045183949750129279,0.58731795428661748,0.098006175144972854,0.76990267419430469,0.16061379422986666,0.9041172563704748,0.20881116108661255,0.98156063424671924
882,-0.74801362846112718,0,0,0.69391144300784979,0.20794840443536874,-0.98156063424671924,0.15995017713728801,-0.9041172563704748,0.097601237222957909,-0.76990267419430469,0.044997260222420531,-0.58731795428661759,0.013733985207107842,-0.36783149899818013,0.0013330049552986876,-0.12523340851146897,0.0013330051246913017,0.12523340851146886,0.013733985701537228,0.36783149899818024,0.044997260893039688,0.58731795428661748,0.097601237974063046,0.76990267419430469,0.15995017792908992,0.9041172563704748,0.20794840523851277,0.98156063424671924
883,-0.74852353159601226,0,0,0.69140370419242902,0.20719689602916908,-0.98156063424671924,0.15937213037042045,-0.9041172563704748,0.09724851438862972,-0.76990267419430469,0.04483464382753892,-0.58731795428661759,0.013684351712922512,-0.36783149899818013,0.0013281875826319514,-0.12523340851146897,0.0013281877521841463,0.12523340851146886,0.013684352207707738,0.36783149899818024,0.044834644498497958,0.58731795428661748,0.097248515140058958,0.76990267419430469,0.15937213116253698,0.9041172563704748,0.20719689683262343,0.98156063424671924
884,-0.74895844378909837,0,0,0.68926731175830835,0.20655667111287493,-0.98156063424671924,0.1588796808650273,-0.9041172563704748,0.096948022810332615,-0.76990267419430469,0.044696107695485293,-0.58731795428661759,0.013642067954820239,-0.36783149899818013,0.0013240835673126745,-0.12523340851146897,0.001324083737001343,0.12523340851146886,0.01364206844990907,0.36783149899818024,0.044696108366734093,0.58731795428661748,0.09694802356203798,0.76990267419430469,0.15887968165741209,0.9041172563704748,0.20655667191659347,0.98156063424671924
885,-0.74931810070542715,0,0,0.68750235844129237,0.20602775747715552,-0.98156063424671924,0.15847284999719224,-0.9041172563704748,0.096699775531704488,-0.76990267419430469,0.044581657839789533,-0.58731795428661759,0.013607135768239869,-0.36783149899818013,0.001320693087486135,-0.12523340851146897,0.0013206932572879136,0.12523340851146886,0.013607136263579848,0.36783149899818024,0.044581658511277815,0.58731795428661748,0.096699776283637975,0.76990267419430469,0.15847285078979859,0.9041172563704748,0.20602775828109218,0.98156063424671924
886,-0.74960228318596389,0,0,0.68610891616743996,0.2056101766765048,-0.98156063424671924,0.15815165434624479,-0.9041172563704748,0.096503782669414631,-0.76990267419430469,0.044491298924556333,-0.58731795428661759,0.013579556576751127,-0.36783149899818013,0.0013180162813221077,-0.12523340851146897,0.0013180164512134214,0.12523340851146886,0.013579557072289576,0.36783149899818024,0.044491299596233748,0.58731795428661748,0.096503783421528294,0.76990267419430469,0.15815165513902582,0.9041172563704748,0.20561017748061369,0.98156063424671924
887,-0.74981081585468701,0,0,0.68508704774940044,0.20530394753434889,-0.98156063424671924,0.15791610839082593,-0.9041172563704748,0.096360053058297118,-0.76990267419430469,0.044425035022923852,-0.58731795428661759,0.013559331623549952,-0.36783149899818013,0.0013160532694835555,-0.12523340851146897,0.0013160534394406648,0.12523340851146886,0.013559332119234064,0.36783149899818024,0.044425035694739962,0.58731795428661748,0.096360053810542926,0.76990267419430469,0.15791610918373503,0.9041172563704748,0.20530394833858384,0.98156063424671924
888,-0.74994355597294937,0,0,0.68443686533688519,0.20510910365923282,-0.98156063424671924,0.15776623798202477,-0.9041172563704748,0.096268602472628084,-0.76990267419430469,0.044382873407332726,-0.58731795428661759,0.013546463128317952,-0.36783149899818013,0.0013148042674101489,-0.12523340851146897,0.0013148044374091791,0.12523340851146886,0.013546463624094804,0.36783149899818024,0.044382874079237113,0.58731795428661748,0.096268603224957963,0.76990267419430469,0.15776623877501531,0.9041172563704748,0.20510910446354794,0.98156063424671924
889,-0.75,0,0,0.68416045978129869,0.20502627162853274,-0.98156063424671924,0.15770252507190416,-0.9041172563704748,0.09622972499846999,-0.76990267419430469,0.044364949660769315,-0.58731795428661759,0.013540992473459128,-0.36783149899818013,0.001314273291632634,-0.12523340851146897,0.0013142734616494983,0.12523340851146886,0.013540992969275415,0.36783149899818024,0.044364950332711255,0.58731795428661748,0.09622972575083566,0.76990267419430469,0.15770252586492917,0.9041172563704748,0.20502627243288193,0.98156063424671924
890,-0.75005644402705063,0,0,0.68388409383420201,0.20494345146753476,-0.98156063424671924,0.15763882129174531,-0.9041172563704748,0.096190853095393949,-0.76990267419430469,0.044347028482651096,-0.58731795428661759,0.013535522602536697,-0.36783149899818013,0.0013137423919431439,-0.12523340851146897,0.0013137425619778474,0.12523340851146886,0.013535523098392442,0.36783149899818024,0.044347029154630645,0.58731795428661748,0.096190853847795396,0.76990267419430469,0.15763882208480468,0.9041172563704748,0.20494345227191813,0.98156063424671924
891,-0.75018918414531299,0,0,0.6832343167736028,0.20474872906654085,-0.98156063424671924,0.15748904431865743,-0.9041172563704748,0.096099459523986186,-0.76990267419430469,0.044304893152439608,-0.58731795428661759,0.013522662130082831,-0.36783149899818013,0.0013124941685519536,-0.12523340851146897,0.0013124943386286355,0.12523340851146886,0.013522662626031386,0.36783149899818024,0.044304893824507571,0.58731795428661748,0.09609946027647176,0.76990267419430469,0.15748904511179748,0.9041172563704748,0.20474872987100454,0.98156063424671924
892,-0.75039771681403611,0,0,0.68221396992175198,0.20444295590080924,-0.98156063424671924,0.15725384909211423,-0.9041172563704748,0.095955943926837511,-0.76990267419430469,0.04423872791802317,-0.58731795428661759,0.013502467291918733,-0.36783149899818013,0.001310534079646494,-0.12523340851146897,0.0013105342497891888,0.12523340851146886,0.013502467788013107,0.36783149899818024,0.044238728590229953,0.58731795428661748,0.095955944679455174,0.76990267419430469,0.15725384988538102,0.9041172563704748,0.20444295670539903,0.98156063424671924
893,-0.75068189929457285,0,0,0.68082434198046216,0.20402651816296793,-0.98156063424671924,0.15693353266454801,-0.9041172563704748,0.095760487564672703,-0.76990267419430469,0.044148616346335282,-0.58731795428661759,0.013474963594199148,-0.36783149899818013,0.0013078646008264541,-0.12523340851146897,0.0013078647710592283,0.12523340851146886,0.013474964090492278,0.36783149899818024,0.044148617018731129,0.58731795428661748,0.095760488317470333,0.76990267419430469,0.15693353345798755,0.9041172563704748,0.20402651896772941,0.98156063424671924
894,-0.75104155621090163,0,0,0.67906709486471228,0.20349991388856487,-0.98156063424671924,0.15652847811595613,-0.9041172563704748,0.095513324192042823,-0.76990267419430469,0.044034666205625496,-0.58731795428661759,0.013440183929762643,-0.36783149899818013,0.0013044889246350438,-0.12523340851146897,0.0013044890949820255,0.12523340851146886,0.013440184426307353,0.36783149899818024,0.044034666878260458,0.58731795428661748,0.095513324945068159,0.76990267419430469,0.15652847890961416,0.9041172563704748,0.20349991469354317,0.98156063424671924
895,-0.75147646840398774,0,0,0.67694431729533844,0.20286376901649525,-0.98156063424671924,0.15603916690729341,-0.9041172563704748,0.09521474759533749,-0.76990267419430469,0.043897012940721764,-0.58731795428661759,0.013398169638845051,-0.36783149899818013,0.00130041106351069,-0.12523340851146897,0.0013004112339960884,0.12523340851146886,0.013398170135694068,0.36783149899818024,0.043897013613645661,0.58731795428661748,0.095214748348637857,0.76990267419430469,0.15603916770121531,0.9041172563704748,0.20286376982173535,0.98156063424671924
896,-0.75198637153887293,0,0,0.67445853036122105,0.20211883905585409,-0.98156063424671924,0.15546618016258473,-0.9041172563704748,0.094865112375127056,-0.76990267419430469,0.043735820033714921,-0.58731795428661759,0.013348970619167082,-0.36783149899818013,0.0012956358604720164,-0.12523340851146897,0.0012956360311201323,0.12523340851146886,0.013348971116372996,0.36783149899818024,0.043735820706977319,0.58731795428661748,0.094865113128749456,0.76990267419430469,0.15546618095681561,0.9041172563704748,0.20211883986140067,0.98156063424671924
897,-0.75257095592291789,0,0,0.67161268686871944,0.20126600889097734,-0.98156063424671924,0.15481019851896638,-0.9041172563704748,0.094464833854658259,-0.76990267419430469,0.04355127896177239,-0.58731795428661759,0.013292645313058226,-0.36783149899818013,0.0012901689878680946,-0.12523340851146897,0.0012901691587033498,0.12523340851146886,0.013292645810673459,0.36783149899818024,0.043551279635422505,0.58731795428661748,0.094464834608649281,0.76990267419430469,0.15481019931355108,0.9041172563704748,0.20126600969687453,0.98156063424671924
898,-0.75322986659170499,0,0,0.66841016908916728,0.20030629210642178,-0.98156063424671924,0.15407200160747245,-0.9041172563704748,0.094014387763031212,-0.76990267419430469,0.043343609051072679,-0.58731795428661759,0.01322926066287493,-0.36783149899818013,0.0012840169430513929,-0.12523340851146897,0.0012840171140983327,0.12523340851146886,0.013229261160951722,0.36783149899818024,0.04334360972515925,0.58731795428661748,0.094014388517436973,0.76990267419430469,0.15407200240245539,0.9041172563704748,0.20030629291271296,0.98156063424671924
899,-0.7539627034877352,0,0,0.66485478574954304,0.19924083008514087,-0.98156063424671924,0.15325246735936859,-0.9041172563704748,0.093514309811925697,-0.76990267419430469,0.043113057281662627,-0.58731795428661759,0.013158892051439454,-0.36783149899818013,0.0012771870425968244,-0.12523340851146897,0.0012771872138801553,0.12523340851146886,0.013158892550029848,0.36783149899818024,0.043113057956234081,0.58731795428661748,0.093514310566791853,0.76990267419430469,0.15325246815479343,0.9041172563704748,0.19924083089186917,0.98156063424671924
900,-0.75476902168810978,0,0,0.66095076846927692,0.19807089094068309,-0.98156063424671924,0.15235257118481751,-0.9041172563704748,0.092965195194424907,-0.76990267419430469,0.042859898056399497,-0.58731795428661759,0.013081623231516777,-0.36783149899818013,0.0012696874154568593,-0.12523340851146897,0.001269687587001459,0.12523340851146886,0.013081623730672594,0.36783149899818024,0.042859898731503768,0.58731795428661748,0.092965195949796534,0.76990267419430469,0.15235257198072735,0.9041172563704748,0.19807089174789111,0.98156063424671924
901,-0.75564833166769207,0,0,0.65670276769529135,0.19679786829902202,-0.98156063424671924,0.15137338503588513,-0.9041172563704748,0.092367698013263611,-0.76990267419430469,0.042584432937355247,-0.58731795428661759,0.012997546245360357,-0.36783149899818013,0.0012615269951527222,-0.12523340851146897,0.0012615271669836575,0.12523340851146886,0.012997546745133159,0.36783149899818024,0.0425844336130397,0.58731795428661748,0.092367698769185186,0.76990267419430469,0.15137338583232243,0.9041172563704748,0.19679786910675184,0.98156063424671924
902,-0.75660009959284846,0,0,0.65211584814583923,0.19542327993318548,-0.98156063424671924,0.15031607635632124,-0.9041172563704748,0.091722530639987004,-0.76990267419430469,0.042286990350368509,-0.58731795428661759,0.012906761334535971,-0.36783149899818013,0.001252715511021987,-0.12523340851146897,0.0012527156831645448,0.12523340851146886,0.012906761834977019,0.36783149899818024,0.042286991026679925,0.58731795428661748,0.091722531396502341,0.76990267419430469,0.15031607715332782,0.9041172563704748,0.19542328074147824,0.98156063424671924
903,-0.7576237476437111,0,0,0.64719548375724745,0.1939487662489176,-0.98156063424671924,0.14918190691675817,-0.9041172563704748,0.091030463004191389,-0.76990267419430469,0.041967925257361864,-0.58731795428661759,0.012809376839906999,-0.36783149899818013,0.0012432634785112652,-0.12523340851146897,0.0012432636509909622,0.12523340851146886,0.012809377341067288,0.36783149899818024,0.041967925934346451,0.58731795428661748,0.091030463761343577,0.76990267419430469,0.14918190771437506,0.9041172563704748,0.19394876705781391,0.98156063424671924
904,-0.75871865436394959,0,0,0.6419475521233573,0.19237608861831362,-0.98156063424671924,0.14797223153297259,-0.9041172563704748,0.090292321811410628,-0.76990267419430469,0.041627618795762801,-0.58731795428661759,0.01270550909157913,-0.36783149899818013,0.0012331821884943438,-0.12523340851146897,0.001233182361336964,0.12523340851146886,0.012705509593509334,0.36783149899818024,0.041627619473466104,0.58731795428661748,0.090292322569242037,0.76990267419430469,0.14797223233124007,0.9041172563704748,0.19237608942785323,0.98156063424671924
905,-0.7598841550374581,0,0,0.63637832841368769,0.19070712755724173,-0.98156063424671924,0.14668849666399109,-0.9041172563704748,0.089508989687682963,-0.76990267419430469,0.041266477884122105,-0.58731795428661759,0.012595282288527835,-0.36783149899818013,0.0012224836955889655,-0.12523340851146897,0.0012224838688205844,0.12523340851146886,0.012595282791278285,0.36783149899818024,0.041266478562588978,0.58731795428661748,0.089508990446235226,0.76990267419430469,0.14668849746294862,0.9041172563704748,0.19070712836746342,0.98156063424671924
906,-0.76111954209153831,0,0,0.63049447875609399,0.18894388074228649,-0.98156063424671924,0.14533223888675834,-0.9041172563704748,0.088681404248797474,-0.76990267419430469,0.040884934793006811,-0.58731795428661759,0.012478828367627103,-0.36783149899818013,0.0012111808054449025,-0.12523340851146897,0.0012111809790919064,0.12523340851146886,0.012478828871247761,0.36783149899818024,0.040884935472281357,0.58731795428661748,0.088681405008111253,0.76990267419430469,0.14533223968644488,0.9041172563704748,0.18894388155322811,0.98156063424671924
907,-0.76242406552623643,0,0,0.62430305306835565,0.18708846086254918,-0.98156063424671924,0.14390508324378182,-0.9041172563704748,0.087810557092030006,-0.76990267419430469,0.040483446680158568,-0.58731795428661759,0.012356286861771253,-0.36783149899818013,0.0011992870609734087,-0.12523340851146897,0.0011992872350625235,0.12523340851146886,0.012356287366311688,0.36783149899818024,0.040483447360284114,0.58731795428661748,0.087810557852145074,0.76990267419430469,0.14390508404423499,0.9041172563704748,0.18708846167424767,0.98156063424671924
908,-0.76379693336951671,0,0,0.61781147732401231,0.1851430933019074,-0.98156063424671924,0.14240874146036678,-0.9041172563704748,0.086897492708304061,-0.76990267419430469,0.040062495088965359,-0.58731795428661759,0.012227804746799338,-0.36783149899818013,0.0011868167274898629,-0.12523340851146897,0.0011868169020481968,0.12523340851146886,0.012227805252308708,0.36783149899818024,0.040062495769984427,0.58731795428661748,0.086897493469259221,0.76990267419430469,0.14240874226162309,0.9041172563704748,0.18514309411439869,0.98156063424671924
909,-0.76523731215796698,0,0,0.61102754523690728,0.18311011364707494,-0.98156063424671924,0.14084501002785982,-0.9041172563704748,0.085943307312590783,-0.76990267419430469,0.039622585409239033,-0.58731795428661759,0.012093536276914613,-0.36783149899818013,0.0011737847767397745,-0.12523340851146897,0.0011737849517948267,0.12523340851146886,0.012093536783441629,0.36783149899818024,0.0396225860911932,0.58731795428661748,0.085943308074423852,0.76990267419430469,0.14084501082995474,0.9041172563704748,0.18311011446039399,0.98156063424671924
910,-0.76674432744272381,0,0,0.60395940935055892,0.18099196501730211,-0.98156063424671924,0.13921576814970335,-0.9041172563704748,0.084949147590595825,-0.76990267419430469,0.039164246299398027,-0.58731795428661759,0.011953642808324134,-0.36783149899818013,0.001160206869781412,-0.12523340851146897,0.0011602070453611306,0.12523340851146886,0.011953643315917068,0.36783149899818024,0.039164246982327941,0.58731795428661748,0.084949148353343468,0.76990267419430469,0.1392157689526714,0.9041172563704748,0.18099196583148294,0.98156063424671924
911,-0.76831706432030067,0,0,0.59661557151819411,0.17879119521147388,-0.98156063424671924,0.13752297554703405,-0.9041172563704748,0.083916209359740479,-0.76990267419430469,0.038688029069137361,-0.58731795428661759,0.011808292610818363,-0.36783149899818013,0.001146099338697948,-0.12523340851146897,0.0011460995148307401,0.12523340851146886,0.011808293119524993,0.36783149899818024,0.038688029753082817,0.58731795428661748,0.08391621012343832,0.76990267419430469,0.13752297635090863,0.9041172563704748,0.17879119602654914,0.98156063424671924
912,-0.76995456798798978,0,0,0.58900487276118685,0.17651045366892951,-0.98156063424671924,0.13576867012100077,-0.9041172563704748,0.08284573614271315,-0.76990267419430469,0.03819450702179069,-0.58731795428661759,0.011657660667048075,-0.36783149899818013,0.0011314791671154572,-0.12523340851146897,0.0011314793438302636,0.12523340851146886,0.011657661176915692,0.36783149899818024,0.038194507706790469,0.58731795428661748,0.082845736907395662,0.76990267419430469,0.1357686709258141,0.9041172563704748,0.17651045448493066,0.98156063424671924
913,-0.77165584432349532,0,0,0.58113648249409111,0.174152488240467,-0.98156063424671924,0.1339549654690787,-0.9041172563704748,0.081739017651929882,-0.76990267419430469,0.037684274755618669,-0.58731795428661759,0.011501928459264779,-0.36783149899818013,0.0011163639695042184,-0.12523340851146897,0.0011163641468305027,0.12523340851146886,0.011501928970340154,0.36783149899818024,0.037684275441710546,0.58731795428661748,0.081739018417630371,0.76990267419430469,0.13395496627486164,0.9041172563704748,0.17415248905742439,0.98156063424671924
914,-0.77341986048844391,0,0,0.57301988710651064,0.17172014176660677,-0.98156063424671924,0.1320840482531313,-0.9041172563704748,0.080597388183531848,-0.76990267419430469,0.037157947423390889,-0.58731795428661759,0.011341283743331602,-0.36783149899818013,0.0011007719692444119,-0.12523340851146897,0.0011007721472122399,0.12523340851146886,0.011341284255660949,0.36783149899818024,0.037157948110611592,0.58731795428661748,0.08059738895028247,0.76990267419430469,0.13208404905991342,0.9041172563704748,0.17172014258454946,0.98156063424671924
915,-0.77524554555540437,0,0,0.56466487789337483,0.16921634846058867,-0.98156063424671924,0.13015817541727612,-0.9041172563704748,0.07942222491973347,-0.76990267419430469,0.036616159949714601,-0.58731795428661759,0.011175920309837694,-0.36783149899818013,0.0010847219754401747,-0.12523340851146897,0.0010847221540802325,0.12523340851146886,0.011175920823466662,0.36783149899818024,0.036616160638099769,0.58731795428661748,0.079422225687565004,0.76990267419430469,0.13015817622508583,0.9041172563704748,0.16921634927954435,0.98156063424671924
916,-0.77713179115803355,0,0,0.55608153832713858,0.16664413009415954,-0.98156063424671924,0.12817967125406163,-0.9041172563704748,0.078214946138609812,-0.76990267419430469,0.036059566205690105,-0.58731795428661759,0.011006037732188004,-0.36783149899818013,0.0010682333584694447,-0.12523340851146897,0.0010682335378130929,0.12523340851146886,0.011006038247161636,0.36783149899818024,0.036059566895274217,0.58731795428661748,0.078214946907551791,0.76990267419430469,0.12817967206292608,0.9041172563704748,0.16664413091415459,0.98156063424671924
917,-0.77907745216395452,0,0,0.54728023066763976,0.16400659198487266,-0.98156063424671924,0.12615092431796976,-0.9041172563704748,0.076977009330722893,-0.76990267419430469,0.03548883814061575,-0.58731795428661759,0.010831841101583793,-0.36783149899818013,0.001051326024261462,-0.12523340851146897,0.0010513262043407815,0.12523340851146886,0.010831841617946508,0.36783149899818024,0.03548883883143214,0.58731795428661748,0.076977010100803517,0.76990267419430469,0.12615092512791484,0.9041172563704748,0.16400659280593194,0.98156063424671924
918,-0.78108134736995571,0,0,0.53827158190747193,0.16130691878425724,-0.98156063424671924,0.12407438418575187,-0.9041172563704748,0.075709909222286029,-0.76990267419430469,0.03490466487060407,-0.58731795428661759,0.010653540748851557,-0.36783149899818013,0.0010340203872977942,-0.12523340851146897,0.0010340205681456296,0.12523340851146886,0.010653541266647165,0.36783149899818024,0.034904665562684872,0.58731795428661748,0.075709909993532096,0.76990267419430469,0.12407438499680204,0.9041172563704748,0.16130691960640414,0.98156063424671924
919,-0.78314226021909095,0,0,0.52906646905329557,0.15854837006698497,-0.98156063424671924,0.1219525580636947,-0.9041172563704748,0.074415175704925146,-0.76990267419430469,0.034307751724136325,-0.58731795428661759,0.010471351953128923,-0.36783149899818013,0.0010163373423376896,-0.12523340851146897,0.0010163375239876978,0.12523340851146886,0.010471352472400547,0.36783149899818024,0.034307752417512445,0.58731795428661748,0.074415176477362066,0.76990267419430469,0.12195255887587293,0.9041172563704748,0.15854837089024162,0.98156063424671924
920,-0.78525893953924308,0,0,0.51967600374620526,0.1557342757219676,-0.98156063424671924,0.11978800724253554,-0.9041172563704748,0.073094371672475872,-0.76990267419430469,0.033698819244757469,-0.58731795428661759,0.010285494637468896,-0.36783149899818013,0.00099829823487376465,-0.12523340851146897,0.00099829841736046162,0.12523340851146886,0.010285495158258969,0.36783149899818024,0.033698819939458551,0.58731795428661748,0.073094372446127667,0.76990267419430469,0.11978800805586333,0.9041172563704748,0.15573427654635466,0.98156063424671924
921,-0.78743010030270255,0,0,0.51011151622695672,0.1528680311471253,-0.98156063424671924,0.11758334340136409,-0.9041172563704748,0.071749090765633045,-0.76990267419430469,0.033078602151288057,-0.58731795428661759,0.010096193051477508,-0.36783149899818013,0.00097992483032914839,-0.12523340851146897,0.00097992501368797586,0.12523340851146886,0.010096193573827759,0.36783149899818024,0.033078602847342417,0.58731795428661748,0.071749091540522253,0.76990267419430469,0.11758334421586149,0.9041172563704748,0.15286803197266197,0.98156063424671924
922,-0.78965442440630085,0,0,0.50038453865506782,0.14995309225052605,-0.98156063424671924,0.11534122476258901,-0.9041172563704748,0.070380955025719824,-0.76990267419430469,0.032447848256137474,-0.58731795428661759,0.0099036754411633079,-0.36783149899818013,0.00096123928201343931,-0.12523340851146897,0.0009612394662808153,0.12523340851146886,0.0099036759651147284,0.36783149899818024,0.03244784895357216,0.58731795428661748,0.07038095580186754,0.76990267419430469,0.11534122557827461,0.9041172563704748,0.14995309307723012,0.98156063424671924
923,-0.79193056147162422,0,0,0.49050678779356,0.14699297026142394,-0.98156063424671924,0.11306435210068128,-0.9041172563704748,0.068991612459231799,-0.76990267419430469,0.031807317342481788,-0.58731795428661759,0.009708173706231513,-0.36783149899818013,0.00094226409786004879,-0.12523340851146897,0.00094226428307340765,0.12523340851146886,0.0097081742318243219,0.36783149899818024,0.031807318041322516,0.58731795428661748,0.068991613236657631,0.76990267419430469,0.11306435291757214,0.9041172563704748,0.14699297108931159,0.98156063424671924
924,-0.79425712966482132,0,0,0.48049014707481397,0.14399122635583125,-0.98156063424671924,0.11075546460826116,-0.9041172563704748,0.067582734515332685,-0.76990267419430469,0.031157780001309372,-0.58731795428661759,0.0095099230451290533,-0.36783149899818013,0.00092302210597464314,-0.12523340851146897,0.0009230222921725184,0.12523340851146886,0.0095099235724026929,0.36783149899818024,0.03115778070158047,0.58731795428661748,0.067582735294054799,0.76990267419430469,0.11075546542637278,0.9041172563704748,0.14399122718491703,0.98156063424671924
925,-0.79663271653550827,0,0,0.47034664806585508,0.1409514661021147,-0.98156063424671924,0.1084173356237505,-0.9041172563704748,0.066156013478877548,-0.76990267419430469,0.030500016429521951,-0.58731795428661759,0.0093091615882030937,-0.36783149899818013,0.00090353641902991713,-0.12523340851146897,0.00090353660625199449,0.12523340851146886,0.0093091621171961861,0.36783149899818024,0.030500017131246407,0.58731795428661748,0.066156014258912585,0.76990267419430469,0.10841733644309683,0.9041172563704748,0.14095146693241162,0.98156063424671924
926,-0.79905587987426063,0,0,0.46008845135521959,0.13787733373325375,-0.98156063424671924,0.10605276822569679,-0.9041172563704748,0.064713159782078991,-0.76990267419430469,0.029834815190527678,-0.58731795428661759,0.0091061300194113775,-0.36783149899818013,0.00088383039754920585,-0.12523340851146897,0.00088383058583639074,0.12523340851146886,0.0091061305501617135,0.36783149899818024,0.029834815893727069,0.58731795428661748,0.064713160563441993,0.76990267419430469,0.10605276904629017,0.9041172563704748,0.13787733456477336,0.98156063424671924
927,-0.80152514858817259,0,0,0.44972782688667884,0.13477250625333539,-0.98156063424671924,0.10366459069959497,-0.9041172563704748,0.063255899238371965,-0.76990267419430469,0.029162971938965269,-0.58731795428661759,0.0089010711870847296,-0.36783149899818013,0.00086392761212751882,-0.12523340851146897,0.00086392780152199191,0.12523340851146886,0.0089010717196292329,0.36783149899818024,0.029162972643659725,0.58731795428661748,0.063255900021076408,0.76990267419430469,0.10366459152144625,0.9041172563704748,0.13477250708608751,0.98156063424671924
928,-0.80403902359395085,0,0,0.43927713376898003,0.13164068738702395,-0.98156063424671924,0.10125565188392796,-0.9041172563704748,0.061785970202578498,-0.76990267419430469,0.028485288111449899,-0.58731795428661759,0.0086942297043188007,-0.36783149899818013,0.0008438518046459838,-0.12523340851146897,0.00084385199519128892,0.12523340851146886,0.008694230238693498,0.36783149899818024,0.028485288817658098,0.58731795428661748,0.061785970986636296,0.76990267419430469,0.1012556527070464,0.9041172563704748,0.13164068822101688,0.98156063424671924
929,-0.80659597872800148,0,0,0.42874879959390738,0.12848560138168671,-0.98156063424671924,0.098828816402872832,-0.9041172563704748,0.060305120661915623,-0.76990267419430469,0.027802569585435886,-0.58731795428661759,0.008485851539634463,-0.36783149899818013,0.00082362684854180241,-0.12523340851146897,0.0008236270402828934,0.12523340851146886,0.0084858520758744321,0.36783149899818024,0.027802570293175066,0.58731795428661748,0.060305121447337129,0.76990267419430469,0.09882881722726615,0.9041172563704748,0.12848560221692729,0.98156063424671924
930,-0.80919446167295783,0,0,0.41815529929889411,0.1253109866730317,-0.98156063424671924,0.096386959794023744,-0.9041172563704748,0.058815105262942764,-0.76990267419430469,0.02711562530854519,-0.58731795428661759,0.0082761835986237837,-0.36783149899818013,0.00080327670820324931,-0.12523340851146897,0.00080327690118657817,0.12523340851146886,0.0082761841367631987,0.36783149899818024,0.027115626017831119,0.58731795428661748,0.058815106049736859,0.76990267419430469,0.096386960619698023,0.9041172563704748,0.12531098750952502,0.98156063424671924
931,-0.81183289490008559,0,0,0.40750913361358165,0.12212058942606507,-0.98156063424671924,0.093932963540212522,-0.9041172563704748,0.05731768227999004,-0.76990267419430469,0.02642526590091689,-0.58731795428661759,0.0080654732973615799,-0.36783149899818013,0.00078282539756547058,-0.12523340851146897,0.00078282559183904241,0.12523340851146886,0.0080654738374336243,0.36783149899818024,0.026425266611763813,0.58731795428661748,0.057317683068163906,0.76990267419430469,0.093932964367172245,0.9041172563704748,0.12212059026381468,0.98156063424671924
932,-0.81450967662699392,0,0,0.39682280713348145,0.11891815696430072,-0.98156063424671924,0.09146971001537374,-0.9041172563704748,0.055814610531136427,-0.76990267419430469,0.025732302233375488,-0.58731795428661759,0.0078539681284364189,-0.36783149899818013,0.00076229693798990654,-0.12523340851146897,0.00076229713360337131,0.12523340851146886,0.007853968670473277,0.36783149899818024,0.025732302945796166,0.58731795428661748,0.05581461132069563,0.76990267419430469,0.091469710843621807,0.9041172563704748,0.11891815780330854,0.98156063424671924
933,-0.81722318179007103,0,0,0.38610880606700543,0.11570743110108579,-0.98156063424671924,0.089000077355120721,-0.9041172563704748,0.054307646248246834,-0.76990267419430469,0.025037543984418906,-0.58731795428661759,0.007641915220516984,-0.36783149899818013,0.00074171531551629755,-0.12523340851146897,0.00074171551252100361,0.12523340851146886,0.0076419157645498045,0.36783149899818024,0.025037544698424584,0.58731795428661748,0.054307647039195356,0.76990267419430469,0.08900007818465841,0.9041172563704748,0.11570743194135207,0.98156063424671924
934,-0.81997176303105401,0,0,0.37537957570567615,0.11249214138796935,-0.98156063424671924,0.08652693426351217,-0.9041172563704748,0.052798539908072824,-0.76990267419430469,0.024341798179255528,-0.58731795428661759,0.0074295608924394791,-0.36783149899818013,0.00072110443758287323,-0.12523340851146897,0.0007211046360319609,0.12523340851146886,0.0074295614384983595,0.36783149899818024,0.024341798894855916,0.58731795428661748,0.052798540700413003,0.76990267419430469,0.086526935094339036,0.9041172563704748,0.11249214222949284,0.98156063424671924
935,-0.82275375169713272,0,0,0.36464749767026261,0.10927599829592251,-0.98156063424671924,0.084053134768168919,-0.9041172563704748,0.051289033031836476,-0.76990267419430469,0.023645867714311129,-0.58731795428661759,0.0072171502028602176,-0.36783149899818013,0.00070048808931613357,-0.12523340851146897,0.00070048828926459565,0.12523340851146886,0.007217150750974146,0.36783149899818024,0.023645868431514405,0.58731795428661748,0.051289033825569152,0.76990267419430469,0.084053135600283116,0.9041172563704748,0.10927599913870048,0.98156063424671924
936,-0.82556745885398253,0,0,0.35392486698879549,0.10606268634617635,-0.98156063424671924,0.081581512936637887,-0.9041172563704748,0.049780854961167846,-0.76990267419430469,0.022950549870833829,-0.58731795428661759,0.007004926496580661,-0.36783149899818013,0.00067988988949764094,-0.12523340851146897,0.00067989009100240445,0.12523340851146886,0.0070049270467775057,0.36783149899818024,0.022950550589646634,0.58731795428661748,0.049780855756292201,0.76990267419430469,0.081581513770036043,0.9041172563704748,0.10606268719020458,0.98156063424671924
937,-0.82841117631110939,0,0,0.34322386906511737,0.1028558572082558,-0.98156063424671924,0.079114877567523778,-0.9041172563704748,0.048275719618645324,-0.76990267419430469,0.022256634821400716,-0.58731795428661759,0.0067931309487059615,-0.36783149899818013,0.00065933324632054492,-0.12523340851146897,0.0006593334494405423,0.12523340851146886,0.0067931315010124468,0.36783149899818024,0.022256635541828107,0.58731795428661748,0.048275720415158936,0.76990267419430469,0.079114878402200967,0.9041172563704748,0.1028558580535285,0.98156063424671924
938,-0.8312831776588856,0,0,0.33255655659942041,0.099659122783625723,-0.98156063424671924,0.076656006870553711,-0.9041172563704748,0.046775322261583152,-0.76990267419430469,0.021564904133311042,-0.58731795428661759,0.0065820021078532506,-0.36783149899818013,0.00063884131305386887,-0.12523340851146897,0.00063884151785011719,0.12523340851146886,0.006582002662294909,0.36783149899818024,0.021564904855356518,0.58731795428661748,0.046775323059482073,0.76990267419430469,0.076656007706503562,0.9041172563704748,0.099659123630135599,0.98156063424671924
939,-0.83418171931664598,0,0,0.32193482652450056,0.096476048294046379,-0.98156063424671924,0.074207643150264513,-0.9041172563704748,0.045281336238029289,-0.76990267419430469,0.020876129272998558,-0.58731795428661759,0.0063717754396709504,-0.36783149899818013,0.00061843694373699837,-0.12523340851146897,0.00061843715027265727,0.12523340851146886,0.0063717759962720975,0.36783149899818024,0.020876129996664109,0.58731795428661748,0.045281337037308064,0.76990267419430469,0.074207643987479047,0.9041172563704748,0.096476049141784523,0.98156063424671924
940,-0.83710504159120858,0,0,0.31137039702388608,0.093310145394464722,-0.98156063424671924,0.071772487508562383,-0.9041172563704748,0.043795409754279362,-0.76990267419430469,0.0201910701157531,-0.58731795428661759,0.0061626828719785693,-0.36783149899818013,0.0005981426490314272,-0.12523340851146897,0.00059814285737188374,0.12523340851146886,0.0061626834307622726,0.36783149899818024,0.020191070841039171,0.58731795428661748,0.043795410554931032,0.76990267419430469,0.071772488347032176,0.9041172563704748,0.093310146243420794,0.98156063424671924
941,-0.84005136974517791,0,0,0.30087478469970108,0.090164865330777763,-0.98156063424671924,0.069353194581797534,-0.9041172563704748,0.04231916266345144,-0.76990267419430469,0.019510473465151841,-0.58731795428661759,0.005954952342870066,-0.36783149899818013,0.00057798055236017688,-0.12523340851146897,0.00057798076257309318,0.12523340851146886,0.0059549529038581172,0.36783149899818024,0.019510474192057349,0.58731795428661748,0.042319163465467519,0.76990267419430469,0.069353195421511762,0.9041172563704748,0.090164866180940065,0.98156063424671924
942,-0.84301891507438032,0,0,0.29045928196006837,0.087043592163386876,-0.98156063424671924,0.066952367328443549,-0.9041172563704748,0.040854183284939748,-0.76990267419430469,0.018835071586726756,-0.58731795428661759,0.0057488073531623803,-0.36783149899818013,0.00055797234646892051,-0.12523340851146897,0.00055797255862430925,0.12523340851146886,0.0057488079163752473,0.36783149899818024,0.018835072315249061,0.58731795428661748,0.040854184088310257,0.76990267419430469,0.066952368169390042,0.9041172563704748,0.08704359301474221,0.98156063424671924
943,-0.84600587599377941,0,0,0.28013493469700346,0.083949636077804354,-0.98156063424671924,0.064572551883736479,-0.9041172563704748,0.039402025264726935,-0.76990267419430469,0.018165580760469174,-0.58731795428661759,0.0055444665245933797,-0.36783149899818013,0.00053813925054516847,-0.12523340851146897,0.00053813946471543365,0.12523340851146886,0.0055444670900501852,0.36783149899818024,0.018165581490604106,0.58731795428661748,0.039402026069440398,0.76990267419430469,0.064572552725901525,0.9041172563704748,0.08394963693033812,0.98156063424671924
944,-0.84901043913121121,0,0,0.26991252032706131,0.080886226803969119,-0.98156063424671924,0.06221623249793052,-0.9041172563704748,0.037964204486719194,-0.76990267419430469,0.017502699856857505,-0.58731795428661759,0.0053421431651994962,-0.36783149899818013,0.00051850196803427783,-0.12523340851146897,0.00051850218429428036,0.12523340851146886,0.0053421437329179786,0.36783149899818024,0.017502700588599349,0.58731795428661748,0.037964205292762648,0.76990267419430469,0.062216233341298985,0.9041172563704748,0.080886227657665413,0.98156063424671924
945,-0.85203078042827518,0,0,0.25980252626756745,0.077856507166095643,-0.98156063424671924,0.059885826574957668,-0.9041172563704748,0.036542196045347572,-0.76990267419430469,0.016847108941130517,-0.58731795428661759,0.005142044843314441,-0.36783149899818013,0.00049908064529224135,-0.12523340851146897,0.00049908086371933406,0.12523340851146886,0.0051420454133109215,0.36783149899818024,0.016847109674472057,0.58731795428661748,0.036542196852706654,0.76990267419430469,0.059885827419513087,0.9041172563704748,0.077856508020937215,0.98156063424671924
946,-0.85506506624771261,0,0,0.24981512892188226,0.074863526785068454,-0.98156063424671924,0.057583679828422676,-0.9041172563704748,0.035137431289766936,-0.76990267419430469,0.016199467910569487,-0.58731795428661759,0.0049443729716428259,-0.36783149899818013,0.00047989483121631222,-0.12523340851146897,0.00047989505189039225,0.12523340851146886,0.0049443735439321816,0.36783149899818024,0.016199468645502028,0.58731795428661748,0.035137432098425944,0.76990267419430469,0.057583680674147257,0.9041172563704748,0.074863527641036806,0.98156063424671924
947,-0.85811145448660064,0,0,0.23996017324706009,0.071910235955366053,-0.98156063424671924,0.055312061571842833,-0.9041172563704748,0.033751294949970978,-0.76990267419430469,0.01556041516954625,-0.58731795428661759,0.0047493224028606132,-0.36783149899818013,0.00046096343799443271,-0.12523340851146897,0.00046096366099796052,0.12523340851146886,0.0047493229774562343,0.36783149899818024,0.01556041590605959,0.58731795428661748,0.033751295759912731,0.76990267419430469,0.055312062418717535,0.9041172563704748,0.071910236812441464,0.98156063424671924
948,-0.86116809569468578,0,0,0.23024715297719558,0.068999479718477863,-0.98156063424671924,0.053073160160026965,-0.9041172563704748,0.032385122355131801,-0.76990267419430469,0.014930566347089664,-0.58731795428661759,0.0045570810381929767,-0.36783149899818013,0.00044230470311421477,-0.12523340851146897,0.00044230492853224764,0.12523340851146886,0.0045570816151067452,0.36783149899818024,0.014930567085172122,0.58731795428661748,0.032385123166337834,0.76990267419430469,0.053073161008031493,0.9041172563704748,0.068999480576639446,0.98156063424671924
949,-0.86423313419717762,0,0,0.22068519157493846,0.066133992154536095,-0.98156063424671924,0.05086907859830108,-0.9041172563704748,0.03104019675435947,-0.76990267419430469,0.014310513061670914,-0.58731795428661759,0.0043678294504042184,-0.36783149899818013,0.00042393615277076222,-0.12523340851146897,0.00042393638069095172,0.12523340851146886,0.0043678300296464559,0.36783149899818024,0.014310513801309363,0.58731795428661748,0.031040197566810066,0.76990267419430469,0.050869079447413937,0.9041172563704748,0.066133993013761883,0.98156063424671924
950,-0.86730470922132141,0,0,0.21128302398289078,0.063316390913653042,-0.98156063424671924,0.048701830336110849,-0.9041172563704748,0.029717746749967879,-0.76990267419430469,0.013700821737857785,-0.58731795428661759,0.0041817405226190095,-0.36783149899818013,0.00040587456681103747,-0.12523340851146897,0.00040587479732364626,0.12523340851146886,0.0041817411041984642,0.36783149899818024,0.013700822479037649,0.58731795428661748,0.029717747563642035,0.76990267419430469,0.048701831186309531,0.9041172563704748,0.06331639177391972,0.98156063424671924
951,-0.87038095602606647,0,0,0.20204897924504733,0.060549172007988386,-0.98156063424671924,0.046573335261174187,-0.9041172563704748,0.028418943853115296,-0.76990267419430469,0.013102032479387599,-0.58731795428661759,0.0039989791043636858,-0.36783149899818013,0.00038813594534961538,-0.12523340851146897,0.00038813617854749263,0.12523340851146886,0.0039989796882874875,0.36783149899818024,0.013102033222092897,0.58731795428661748,0.028418944667990807,0.76990267419430469,0.046573336112435096,0.9041172563704748,0.060549172869271736,0.98156063424671924
952,-0.87346000703414228,0,0,0.19299096406695324,0.05783470488512811,-0.98156063424671924,0.044485415910012482,-0.9041172563704748,0.027144900171479105,-0.76990267419430469,0.012514658003112029,-0.58731795428661759,0.0038197016861867337,-0.36783149899818013,0.00037073547718768679,-0.12523340851146897,0.00037073571316625995,0.12523340851146886,0.0038197022724603693,0.36783149899818024,0.01251465874732541,0.58731795428661748,0.027144900987532614,0.76990267419430469,0.044485416762310867,0.9041172563704748,0.057834705747402904,0.98156063424671924
953,-0.87653999296585772,0,0,0.18411644738098867,0.055175227802675385,-0.98156063424671924,0.042439793910168701,-0.9041172563704748,0.025896666238305523,-0.76990267419430469,0.011939182638120297,-0.58731795428661759,0.0036440560941728884,-0.36783149899818013,0.00035368751016294058,-0.12523340851146897,0.00035368774902016435,0.12523340851146886,0.0036440566828001694,0.36783149899818024,0.011939183383823054,0.58731795428661748,0.025896667055512551,0.76990267419430469,0.042439794763478797,0.9041172563704748,0.055175228665915406,0.98156063424671924
954,-0.87961904397393353,0,0,0.17543244598096985,0.052572843523289309,-0.98156063424671924,0.0404380866689086,-0.9041172563704748,0.024675228991862534,-0.76990267419430469,0.011376061394202972,-0.58731795428661759,0.0034721812056212752,-0.36783149899818013,0.00033700552355357964,-0.12523340851146897,0.00033700576538989581,0.12523340851146886,0.0034721817966043137,0.36783149899818024,0.011376062141375071,0.58731795428661748,0.024675229810197544,0.76990267419430469,0.040438087523203707,0.9041172563704748,0.052572844387467454,0.98156063424671924
955,-0.88269529077867859,0,0,0.16694551128730284,0.050029515348523151,-0.98156063424671924,0.038481804322520394,-0.9041172563704748,0.023481509913909324,-0.76990267419430469,0.010825719103627448,-0.58731795428661759,0.0033042066870996117,-0.36783149899818013,0.00032070210265416183,-0.12523340851146897,0.00032070234757240821,0.12523340851146886,0.0033042072804387902,0.36783149899818024,0.010825719852247574,0.58731795428661748,0.023481510733345767,0.76990267419430469,0.038481805177772922,0.9041172563704748,0.05002951621361152,0.98156063424671924
956,-0.88576686580282238,0,0,0.15866171730100878,0.047547063508938232,-0.98156063424671924,0.036572346959655243,-0.9041172563704748,0.02231636333538492,-0.76990267419430469,0.010288549640006755,-0.58731795428661759,0.0031402527560286907,-0.36783149899818013,0.00030478891563523046,-0.12523340851146897,0.00030478916374056643,0.12523340851146886,0.0031402533517226466,0.36783149899818024,0.010288550390052347,0.58731795428661748,0.022316364155895264,0.76990267419430469,0.03657234781583675,0.9041172563704748,0.047547064374908084,0.98156063424671924
957,-0.88883190430531422,0,0,0.15058664980133554,0.045127161926890515,-0.98156063424671924,0.034711002131320855,-0.9041172563704748,0.021180574917011908,-0.76990267419430469,0.0097649152178098005,-0.58731795428661759,0.0029804299668801108,-0.36783149899818013,0.00028927669279191166,-0.12523340851146897,0.00028927694419169541,0.12523340851146886,0.0029804305649256987,0.36783149899818024,0.0097649159692570677,0.58731795428661748,0.021180575738567707,0.76990267419430469,0.034711002988402136,0.9041172563704748,0.045127162793712421,0.98156063424671924
958,-0.89188854551339936,0,0,0.1427253968380931,0.042771335367314561,-0.98156063424671924,0.032898942659315616,-0.9041172563704748,0.020074860312007902,-0.76990267419430469,0.0092551457758289629,-0.58731795428661759,0.0028248390229993195,-0.36783149899818013,0.00027417520827964926,-0.12523340851146897,0.00027417546308332406,0.12523340851146886,0.002824839623391607,0.36783149899818024,0.0092551465286529362,0.58731795428661748,0.020074861134579854,0.76990267419430469,0.032898943517266729,0.9041172563704748,0.042771336234958435,0.98156063424671924
959,-0.89493493375228739,0,0,0.13508254056564695,0.040480956990569722,-0.98156063424671924,0.031137224753921861,-0.9041172563704748,0.018999864017506189,-0.76990267419430469,0.0087595384476486775,-0.58731795428661759,0.0026735706149829614,-0.36783149899818013,0.00025949326442729659,-0.12523340851146897,0.00025949352274622778,0.12523340851146886,0.0026735712177151957,0.36783149899818024,0.0087595392018232493,0.58731795428661748,0.018999864841064196,0.76990267419430469,0.031137225612712226,0.9041172563704748,0.040480957859004893,0.98156063424671924
960,-0.89796921957172482,0,0,0.12766215046133431,0.038257246320164216,-0.98156063424671924,0.02942678645071577,-0.9041172563704748,0.017956158420700651,-0.76990267419430469,0.0082783571218880223,-0.58731795428661759,0.0025267052864568766,-0.36783149899818013,0.00024523867870966578,-0.12523340851146897,0.00024523894065697571,0.12523340851146886,0.0025267058915204792,0.36783149899818024,0.0082783578773860059,0.58731795428661748,0.017956159245213894,0.76990267419430469,0.029426787310314222,0.9041172563704748,0.038257247189359439,0.98156063424671924
961,-0.90098956086878879,0,0,0.12046777796633673,0.036101267636754829,-0.98156063424671924,0.027768446375260769,-0.9041172563704748,0.016944243045064478,-0.76990267419430469,0.0078118320946836805,-0.58731795428661759,0.0023843133280075542,-0.36783149899818013,0.00023141827345263944,-0.12523340851146897,0.00023141853914299601,0.12523340851146886,0.0023843139353921052,0.36783149899818024,0.0078118328514768442,0.58731795428661748,0.01694424387050146,0.76990267419430469,0.027768447235635645,0.9041172563704748,0.036101268506678406,0.98156063424671924
962,-0.90399412400622059,0,0,0.11350245258236118,0.034013928808417034,-0.98156063424671924,0.026162902843372325,-0.9041172563704748,0.015964544001333764,-0.76990267419430469,0.0073601598165760028,-0.58731795428661759,0.0022464546999271364,-0.36783149899818013,0.00021803786833487216,-0.12523340851146897,0.00021803813788427715,0.12523340851146886,0.0022464553096203667,0.36783149899818024,0.0073601605746351287,0.58731795428661748,0.015964544827662394,0.76990267419430469,0.026162903704491532,0.9041172563704748,0.034013929679036839,0.98156063424671924
963,-0.90698108492561968,0,0,0.10676867945228505,0.031995980565623125,-0.98156063424671924,0.024610733303444186,-0.9041172563704748,0.015017413647216257,-0.76990267419430469,0.0069235027356239418,-0.58731795428661759,0.0021131789843292247,-0.36783149899818013,0.00020510227574021571,-0.12523340851146897,0.00020510254926574048,0.12523340851146886,0.0021131795963170081,0.36783149899818024,0.0069235034949188786,0.58731795428661748,0.015017414474403877,0.76990267419430469,0.024610734165275226,0.9041172563704748,0.031995981436906795,0.98156063424671924
964,-0.90994863025482209,0,0,0.10026843844783462,0.030048016227841645,-0.98156063424671924,0.023112394126153471,-0.9041172563704748,0.014103130459069841,-0.76990267419430469,0.0065019892382448081,-0.58731795428661759,0.0019845253670920976,-0.36783149899818013,0.00019261529900513384,-0.12523340851146897,0.00019261557662465377,0.12523340851146886,0.0019845259813584528,0.36783149899818024,0.0065019899987445303,0.58731795428661748,0.014103131287083301,0.76990267419430469,0.023112394988663524,0.9041172563704748,0.030048017099756519,0.98156063424671924
965,-0.91289495840879142,0,0,0.094003184781796825,0.028170471887002328,-0.98156063424671924,0.021668220745578701,-0.9041172563704748,0.013221899118012454,-0.76990267419430469,0.0060957136889136544,-0.58731795428661759,0.001860522649975689,-0.36783149899818013,0.0001805797335947756,-0.12523340851146897,0.00018058001542665218,0.12523340851146886,0.0018605232665027747,0.36783149899818024,0.0060957144505863169,0.58731795428661748,0.013221899946818199,0.76990267419430469,0.021668221608734699,0.9041172563704748,0.028170472759515574,0.98156063424671924
966,-0.91581828068335402,0,0,0.087973851156861987,0.026363627051452142,-0.98156063424671924,0.020278428154519128,-0.9041172563704748,0.012373850812164845,-0.76990267419430469,0.005704736569506751,-0.58731795428661759,0.0017411892931517639,-0.36783149899818013,0.00016899737123089549,-0.12523340851146897,0.00016899765739365619,0.12523340851146886,0.0017411899119198896,0.36783149899818024,0.0057047373323197599,0.58731795428661748,0.012373851641728995,0.76990267419430469,0.020278429018287827,0.9041172563704748,0.026363627924530817,0.98156063424671924
967,-0.9187168223411144,0,0,0.082180851457369475,0.024627605752281716,-0.98156063424671924,0.018943111755461262,-0.9041172563704748,0.011559043755908415,-0.76990267419430469,0.0053290847186958958,-0.58731795428661759,0.0016265334882714308,-0.36783149899818013,0.00015786900698372129,-0.12523340851146897,0.00015786929759568176,0.12523340851146886,0.0016265341092590679,0.36783149899818024,0.005329085482615961,0.58731795428661748,0.011559044586196823,0.76990267419430469,0.018943112619809299,0.9041172563704748,0.024627606625892837,0.98156063424671924
968,-0.92158882368889061,0,0,0.076624085984605406,0.022962378112216898,-0.98156063424671924,0.017662248567342054,-0.9041172563704748,0.010777463926249394,-0.76990267419430469,0.0049687516714356028,-0.58731795428661759,0.0015165532620828423,-0.36783149899818013,0.00014719444932896137,-0.12523340851146897,0.00014719474450784815,0.12523340851146886,0.0015165538852666355,0.36783149899818024,0.0049687524364288227,0.58731795428661748,0.010777464757227706,0.76990267419430469,0.017662249432236016,0.9041172563704748,0.022962378986327525,0.98156063424671924
969,-0.92443254114601747,0,0,0.071302948230337559,0.021367762375482699,-0.98156063424671924,0.016435698786883658,-0.9041172563704748,0.010029026015541833,-0.76990267419430469,0.0046236980981986002,-0.58731795428661759,0.0014112366104938891,-0.36783149899818013,0.00013697253315979744,-0.12523340851146897,0.00013697283302231659,0.12523340851146886,0.0014112372358486779,0.36783149899818024,0.0046236988642305134,0.58731795428661748,0.010029026847175583,0.76990267419430469,0.01643569965229022,0.9041172563704748,0.021367763250059974,0.98156063424671924
970,-0.92724624830286728,0,0,0.06621633317753324,0.019843427395326706,-0.98156063424671924,0.015263207701951904,-0.9041172563704748,0.0093135745990145635,-0.76990267419430469,0.0042938523432427137,-0.58731795428661759,0.0013105616628610842,-0.36783149899818013,0.00012720113573257513,-0.12523340851146897,0.00012720144039397472,0.12523340851146886,0.0013105622903599311,0.36783149899818024,0.0042938531102783761,0.58731795428661748,0.0093135754312692852,0.76990267419430469,0.015263208567837881,0.9041172563704748,0.019843428270337974,0.98156063424671924
971,-0.93002823696894588,0,0,0.061362647111219276,0.018388895574095614,-0.98156063424671924,0.0141444079530103,-0.9041172563704748,0.0086308855147053543,-0.76990267419430469,0.0039791110608041981,-0.58731795428661759,0.0012144968761674004,-0.36783149899818013,0.00011787719551350454,-0.12523340851146897,0.00011787750508708912,0.12523340851146886,0.0012144975057816134,0.36783149899818024,0.0039791118288082612,0.58731795428661748,0.0086308863475466277,0.76990267419430469,0.014144408819342666,0.9041172563704748,0.018388896449508443,0.98156063424671924
972,-0.93277681820992897,0,0,0.056739818916709275,0.017003546249039388,-0.98156063424671924,0.013078822137419762,-0.9041172563704748,0.0079806674525987834,-0.76990267419430469,0.0036793399477406154,-0.58731795428661759,0.0011230012586382556,-0.36783149899818013,0.00010899673388257718,-0.12523340851146897,0.00010899704847921425,0.12523340851146886,0.0011230018903374247,0.36783149899818024,0.0036793407166774011,0.58731795428661748,0.0079806682859923025,0.76990267419430469,0.01307882300416578,0.9041172563704748,0.017003547124821685,0.98156063424671924
973,-0.93549032337300608,0,0,0.052345312836508236,0.015686619515245706,-0.98156063424671924,0.012065865749971146,-0.9041172563704748,0.0073625637489325175,-0.76990267419430469,0.003394374570762864,-0.58731795428661759,0.0010360246222278419,-0.36783149899818013,0.00010055487963962529,-0.12523340851146897,0.0001005551993672068,0.12523340851146886,0.0010360252559798748,0.36783149899818024,0.0033943753405964363,0.58731795428661748,0.0073625645828441777,0.76990267419430469,0.012065866617098443,0.9041172563704748,0.015686620391365778,0.98156063424671924
974,-0.93816710509991441,0,0,0.04817614265160771,0.014437220475429649,-0.98156063424671924,0.011104850451747143,-0.9041172563704748,0.0067761543808494851,-0.76990267419430469,0.0031240212860329662,-0.58731795428661759,0.00095350786329717369,-0.36783149899818013,9.2545896246618576e-05,-0.12523340851146897,9.2546221209521557e-05,0.12523340851146886,0.00095350849906834551,0.36783149899818024,0.0031240220567272155,0.58731795428661748,0.0067761552152454567,0.76990267419430469,0.011104851319223752,0.9041172563704748,0.01443722135185628,0.98156063424671924
975,-0.94080553832704217,0,0,0.044228887247144598,0.013254323904583516,-0.98156063424671924,0.010194987658087075,-0.9041172563704748,0.0062209581557659335,-0.76990267419430469,0.0028680582485320792,-0.58731795428661759,0.00087538327069164551,-0.36783149899818013,8.4963211729352739e-05,-0.12523340851146897,8.4963542027849585e-05,0.12523340851146886,0.00087538390844664243,0.36783149899818024,0.0028680590200507996,0.58731795428661748,0.0062209589906127398,0.76990267419430469,0.010194988525881542,0.9041172563704748,0.013254324781286062,0.98156063424671924
976,-0.94340402127199852,0,0,0.040499707517036673,0.012136779315885441,-0.98156063424671924,0.0093353924351928554,-0.9041172563704748,0.0056964350890715623,-0.76990267419430469,0.0026262365082555502,-0.58731795428661759,0.00080157486031978773,-0.36783149899818013,7.7799451151288574e-05,-0.12523340851146897,7.7799786880965421e-05,0.12523340851146886,0.00080157550002176532,0.36783149899818024,0.0026262372805625216,0.58731795428661748,0.0056964359243361715,0.76990267419430469,0.0093353933032742937,0.9041172563704748,0.012136780192833856,0.98156063424671924
977,-0.94596097640604915,0,0,0.036984364556769518,0.011083316412635675,-0.98156063424671924,0.0085250876936604388,-0.9041172563704748,0.0052019889630130064,-0.76990267419430469,0.002398281189939211,-0.58731795428661759,0.00073199873522728951,-0.36783149899818013,7.1046471561960687e-05,-0.12523340851146897,7.104681281309138e-05,0.12523340851146886,0.00073199937683792685,0.36783149899818024,0.0023982819629982857,0.58731795428661748,0.0052019897986628994,0.76990267419430469,0.0085250885619986127,0.9041172563704748,0.011083317289800625,0.98156063424671924
978,-0.94847485141182741,0,0,0.033678239088470084,0.010092550909479281,-0.98156063424671924,0.0077630086660597369,-0.9041172563704748,0.0047369700589029902,-0.76990267419430469,0.0021838927526943224,-0.58731795428661759,0.00066656347006059332,-0.36783149899818013,6.4695399312587434e-05,-0.12523340851146897,6.4695746169516233e-05,0.12523340851146886,0.00066656411354016037,0.36783149899818024,0.0021838935264695048,0.58731795428661748,0.0047369708949062421,0.76990267419430469,0.0077630095346251328,0.9041172563704748,0.010092551786832181,0.98156063424671924
979,-0.95094412012573937,0,0,0.03057635205737029,0.0091629907046659118,-0.98156063424671924,0.0070480076545259823,-0.9041172563704748,0.004300678054089885,-0.76990267419430469,0.0019827483256022664,-0.58731795428661759,0.00060517051871480162,-0.36783149899818013,5.8736669621948542e-05,-0.12523340851146897,5.8737022162437152e-05,0.12523340851146886,0.00060517116402222283,0.36783149899818024,0.001982749100057796,0.58731795428661748,0.0043006788904152386,0.76990267419430469,0.007048008523289886,0.9041172563704748,0.0091629915821790104,0.98156063424671924
980,-0.95336728346449173,0,0,0.027673386334145234,0.0082930423837133862,-0.98156063424671924,0.0063788590332609302,-0.9041172563704748,0.0038923650744726664,-0.76990267419430469,0.0017945031150205955,-0.58731795428661759,0.00054771464386919031,-0.36783149899818013,5.3160068266627193e-05,-0.12523340851146897,5.3160426561217242e-05,0.12523340851146886,0.00054771529096212001,0.36783149899818024,0.0017945038901210351,0.58731795428661748,0.0038923659110896079,0.76990267419430469,0.0063788599021954882,0.9041172563704748,0.008293043261359833,0.98156063424671924
981,-0.95574287033517868,0,0,0.02496370945306723,0.0074810180334800814,-0.98156063424671924,0.0057542644897949436,-0.9041172563704748,0.0035112388927072279,-0.76990267419430469,0.0016187918790574159,-0.58731795428661759,0.00049408436702373258,-0.36783149899818013,4.7954775261081448e-05,-0.12523340851146897,4.7955139372428594e-05,0.12523340851146886,0.00049408501585862616,0.36783149899818024,0.0016187926547677285,0.58731795428661748,0.0035112397295860645,0.76990267419430469,0.0057542653588732321,0.9041172563704748,0.0074810189112339909,0.98156063424671924
982,-0.95806943852837567,0,0,0.022441397311804938,0.0067251423444190028,-0.98156063424671924,0.0051728584879132556,-0.9041172563704748,0.0031564662616716706,-0.76990267419430469,0.0014552304644044338,-0.58731795428661759,0.00044416243756862002,-0.36783149899818013,4.3109410385015816e-05,-0.12523340851146897,4.3109780367245226e-05,0.12523340851146886,0.00044416308810081546,0.36783149899818024,0.0014552312406900666,0.58731795428661748,0.0031564670987835968,0.76990267419430469,0.005172859357109337,0.9041172563704748,0.0067251432222555033,0.98156063424671924
983,-0.96034557559369915,0,0,0.020100258754719658,0.0060235599775944892,-0.98156063424671924,0.0046332139342328766,-0.9041172563704748,0.0028271763721987734,-0.76990267419430469,0.0013034174004611136,-0.58731795428661759,0.00039782631934008269,-0.36783149899818013,3.8612080407975406e-05,-0.12523340851146897,3.8612456306020044e-05,0.12523340851146886,0.0003978269715238793,0.36783149899818024,0.0013034181772880755,0.58731795428661748,0.0028271772095159395,0.76990267419430469,0.0046332148035218576,0.9041172563704748,0.0060235608554897986,0.98156063424671924
984,-0.96256989969729745,0,0,0.017933860957982981,0.0053743431719852986,-0.98156063424671924,0.0041338480296034749,-0.9041172563704748,0.0025224644235876293,-0.76990267419430469,0.0011629355454535956,-0.58731795428661759,0.000354948693045957,-0.36783149899818013,3.4450427854221301e-05,-0.12523340851146897,3.44508097031876e-05,0.12523340851146886,0.00035494934683470263,0.36783149899818024,0.0011629363227885392,0.58731795428661748,0.0025224652610832117,0.76990267419430469,0.0041338488989615813,0.9041172563704748,0.0053743440499167726,0.98156063424671924
985,-0.96474106046075692,0,0,0.015935555531486803,0.0047754995665929573,-0.98156063424671924,0.0036732282857326222,-0.9041172563704748,0.0022413952949348042,-0.76990267419430469,0.0010333537790346114,-0.58731795428661759,0.00031539797287810547,-0.36783149899818013,3.0611681144585392e-05,-0.12523340851146897,3.061206896911337e-05,0.12523340851146886,0.00031539862822427999,0.36783149899818024,0.0010333545568449076,0.58731795428661748,0.0022413961325830657,0.76990267419430469,0.0036732291551372551,0.9041172563704748,0.0047755004445391349,0.98156063424671924
986,-0.96685773978090905,0,0,0.014098505249635627,0.0042249802110108344,-0.98156063424671924,0.0032497786867716396,-0.9041172563704748,0.0019830073049201319,-0.76990267419430469,0.00091422873566378705,-0.58731795428661759,0.00027903883557175356,-0.36783149899818013,2.7082705946392034e-05,-0.12523340851146897,2.7083099760051278e-05,0.12523340851146886,0.00027903949242705911,0.36783149899818024,0.00091422951391760153,0.58731795428661748,0.0019830081426964827,0.76990267419430469,0.0032497795562014186,0.9041172563704748,0.0042249810889514886,0.98156063424671924
987,-0.96891865263004429,0,0,0.012415711320439268,0.0037206877373087894,-0.98156063424671924,0.002861885974982476,-0.9041172563704748,0.001746316047306484,-0.76990267419430469,0.00080510657289448227,-0.58731795428661759,0.00024573276011894329,-0.36783149899818013,2.3850057557473816e-05,-0.12523340851146897,2.3850457362166308e-05,0.12523340851146886,0.00024573341843438918,0.36783149899818024,0.00080510735156084402,0.58731795428661748,0.0017463168851875386,0.76990267419430469,0.0028618868444172879,0.9041172563704748,0.0037206886152249693,0.98156063424671924
988,-0.97092254783604548,0,0,0.01088004110012784,0.0032604846654299938,-0.98156063424671924,0.0025079060390997623,-0.9041172563704748,0.0015303182891039035,-0.76990267419430469,0.00070552476855088983,-0.58731795428661759,0.00021533857629981552,-0.36783149899818013,2.0900034146021436e-05,-0.12523340851146897,2.0900439931428028e-05,0.12523340851146886,0.00021533923602581024,0.36783149899818024,0.00070552554759975995,0.58731795428661748,0.0015303191270675301,0.76990267419430469,0.0025079069085208057,0.9041172563704748,0.003260485543304071,0.98156063424671924
989,-0.97286820884196645,0,0,0.0094842561585596879,0.0028422018137119059,-0.98156063424671924,0.0021861703835524627,-0.9041172563704748,0.0013339959180740737,-0.76990267419430469,0.00061501394065259279,-0.58731795428661759,0.00018771302015683865,-0.36783149899818013,1.8218730664323307e-05,-0.12523340851146897,1.8219142407369096e-05,0.12523340851146886,0.00018771368124327603,0.36783149899818024,0.00061501472005492551,0.58731795428661748,0.001333996756099442,0.76990267419430469,0.0021861712529422906,0.9041172563704748,0.0028422026915276067,0.98156063424671924
990,-0.97475445444459563,0,0,0.008221040599221862,0.0024636467857024219,-0.98156063424671924,0.0018949926563704151,-0.9041172563704748,0.0011563199260441854,-0.76990267419430469,0.0005330996838483821,-0.58731795428661759,0.00016271129450796121,-0.36783149899818013,1.5792093251563308e-05,-0.12523340851146897,1.5792510915937792e-05,0.12523340851146886,0.00016271195690431035,0.36783149899818024,0.0005331004635761833,0.58731795428661748,0.0011563207641118081,0.76990267419430469,0.0018949935257129673,0.9041172563704748,0.0024636476634448653,0.98156063424671924
991,-0.97658013951155609,0,0,0.0070830295364087675,0.0021226125040785188,-0.98156063424671924,0.0016326752133212618,-0.9041172563704748,0.00099625441432849861,-0.76990267419430469,0.00045930441604242605,-0.58731795428661759,0.00014018763257065949,-0.36783149899818013,1.3605973938573657e-05,-0.12523340851146897,1.3606397474280845e-05,0.12523340851146886,0.00014018829622604846,0.36783149899818024,0.00045930519606880412,0.58731795428661748,0.00099625525242026843,0.76990267419430469,0.0016326760826018874,0.9041172563704748,0.0021226133817342403,0.98156063424671924
992,-0.97834415567650468,0,0,0.0060628376314372477,0.0018168857622566706,-0.98156063424671924,0.00139751569565557,-0.9041172563704748,0.00085276060745358986,-0.76990267419430469,0.00039314922884870065,-0.58731795428661759,0.00011999586275443807,-0.36783149899818013,1.1646185465983049e-05,-0.12523340851146897,1.1646614808955341e-05,0.12523340851146886,0.00011999652761774006,0.36783149899818024,0.00039315000914791836,0.58731795428661748,0.00085276144555281117,0.76990267419430469,0.001397516564861058,0.9041172563704748,0.0018168866398136354,0.98156063424671924
993,-0.98004543201201022,0,0,0.0051530875892939528,0.0015442557641457792,-0.98156063424671924,0.0011878135987313954,-0.9041172563704748,0.00072480086131826253,-0.76990267419430469,0.00033415573547962489,-0.58731795428661759,0.00010198997267020518,-0.36783149899818013,9.8985560263690064e-06,-0.12523340851146897,9.8989910981229664e-06,0.12523340851146886,0.00010199063869011725,0.36783149899818024,0.00033415651602713959,0.58731795428661748,0.00072480169940967467,0.76990267419430469,0.00118781446784999,0.9041172563704748,0.0015442566415934007,0.98156063424671924
994,-0.98168293567969933,0,0,0.0043464385171308227,0.0013025226224993435,-0.98156063424671924,0.001001876808794114,-0.9041172563704748,0.00061134265192187159,-0.76990267419430469,0.00028184790967611834,-0.58731795428661759,8.6024670405323393e-05,-0.36783149899818013,8.3489837410073118e-06,-0.12523340851146897,8.3494244483722835e-06,0.12523340851146886,8.6025337530446197e-05,0.36783149899818024,0.00028184869044861822,0.58731795428661748,0.00061134348999166961,0.76990267419430469,0.0010018776778155283,0.9041172563704748,0.0013025234998284951,0.98156063424671924
995,-0.98325567255727619,0,0,0.0036356140463121188,0.0010895057864097697,-0.98156063424671924,0.0008380280852536674,-0.9041172563704748,0.0005113625308352911,-0.76990267419430469,0.00023575390930496491,-0.58731795428661759,7.1955941118845897e-05,-0.36783149899818013,6.983490682416121e-06,-0.12523340851146897,6.9839369173151879e-06,0.12523340851146886,7.1956609297755262e-05,0.36783149899818024,0.00023575469028039645,0.58731795428661748,0.00051136336887113603,0.76990267419430469,0.00083802895416908759,0.9041172563704748,0.0010895066636127848,0.98156063424671924
996,-0.98476268784203302,0,0,0.0030134301204722282,0.00090305236871421714,-0.98156063424671924,0.00069461146597555841,-0.9041172563704748,0.00042385003369504619,-0.76990267419430469,0.0001954078782983665,-0.58731795428661759,5.964159702639064e-05,-0.36783149899818013,5.7882762552942161e-06,-0.12523340851146897,5.7887278946055904e-06,0.12523340851146886,5.9642266207708217e-05,0.36783149899818024,0.00019540865945595777,0.58731795428661748,0.00042385087168607215,0.76990267419430469,0.00069461233477764413,0.9041172563704748,0.00090305324578488747,0.98156063424671924
997,-0.98620306663048329,0,0,0.0024728223530724354,0.00074104534438974444,-0.98156063424671924,0.0005699985733391336,-0.9041172563704748,0.00034781152814586928,-0.76990267419430469,0.00016035172067730471,-0.58731795428661759,4.8941818864485149e-05,-0.36783149899818013,4.7497697504770756e-06,-0.12523340851146897,4.7502266559571384e-06,0.12523340851146886,4.8942488996940393e-05,0.36783149899818024,0.00016035250199757854,0.58731795428661748,0.0003478123660826802,0.76990267419430469,0.00056999944202200956,0.9041172563704748,0.00074104622132331111,0.98156063424671924
998,-0.98757593447376357,0,0,0.0020068728594123263,0.00060141159145527315,-0.98156063424671924,0.00046259479915493654,-0.9041172563704748,0.00028227398786333187,-0.76990267419430469,0.00013013684049547589,-0.58731795428661759,3.9719686953245336e-05,-0.36783149899818013,3.854681889308433e-06,-0.12523340851146897,3.8551439076009782e-06,0.12523340851146886,3.9720357985735062e-05,0.36783149899818024,0.00013013762196025774,0.58731795428661748,0.00028227482573799393,0.76990267419430469,0.0004625956677141806,0.9041172563704748,0.00060141246824841146,0.98156063424671924
999,-0.98888045790846169,0,0,0.0016088364697976524,0.0004821297464211749,-0.98156063424671924,0.00037084534693542897,-0.9041172563704748,0.00022628867953382347,-0.76990267419430469,0.00010432584165380762,-0.58731795428661759,3.1841700010825126e-05,-0.36783149899818013,3.0900551792217147e-06,-0.12523340851146897,3.0905221419363602e-06,0.12523340851146886,3.1842371892463864e-05,0.36783149899818024,0.00010432662324622383,0.58731795428661748,0.00022628951733984836,0.76990267419430469,0.00037084621536805003,0.9041172563704748,0.0004821306230719721,0.98156063424671924
1000,-0.99011584496254201,0,0,0.0012721662327169372,0.00038123784697172315,-0.98156063424671924,0.00029324111050904898,-0.9041172563704748,0.00017893474997160362,-0.76990267419430469,8.2494181675003397e-05,-0.58731795428661759,2.5178279915623295e-05,-0.36783149899818013,2.4433129054171926e-06,-0.12523340851146897,2.4437846292975922e-06,0.12523340851146886,2.5178952595790015e-05,0.36783149899818024,8.249496337947335e-05,0.58731795428661748,0.00017893558770392634,0.76990267419430469,0.00029324197881346059,0.9041172563704748,0.00038123872347965026,0.98156063424671924
1001,-0.99128134563605041,0,0,0.00099053811930337405,0.00029684073529215267,-0.98156063424671924,0.00022832436852640245,-0.9041172563704748,0.00013932270089364924,-0.76990267419430469,6.4231773684774235e-05,-0.58731795428661759,1.9604260660227182e-05,-0.36783149899818013,1.9023065882143958e-06,-0.12523340851146897,1.9027828753810609e-06,0.12523340851146886,1.9604934088602556e-05,0.36783149899818024,6.4232555486992834e-05,0.58731795428661748,0.00013932353854859681,0.76990267419430469,0.00022832523670238852,0.9041172563704748,0.00029684161165802821,0.98156063424671924
1002,-0.9923762523562889,0,0,0.00075787484315506136,0.00022711719629009812,-0.98156063424671924,0.0001746942750519735,-0.9041172563704748,0.00010659773926634447,-0.76990267419430469,4.914453102774935e-05,-0.58731795428661759,1.4999359796410127e-05,-0.36783149899818013,1.4553617409977229e-06,-0.12523340851146897,1.4558423792817274e-06,0.12523340851146886,1.5000033923009237e-05,0.36783149899818024,4.9145312914662746e-05,0.58731795428661748,0.00010659857684159885,0.76990267419430469,0.00017469514310064811,0.9041172563704748,0.00022711807251604764,0.98156063424671924
1003,-0.99339990040715154,0,0,0.00056836871264288728,0.00017032680587708698,-0.98156063424671924,0.0001310121271392363,-0.9041172563704748,7.9942991567944643e-05,-0.76990267419430469,3.6855849144250403e-05,-0.58731795428661759,1.1248630731000453e-05,-0.36783149899818013,1.0913217695751499e-06,-0.12523340851146897,1.0918065329287378e-06,0.12523340851146886,1.1249305506195888e-05,0.36783149899818024,3.6856631104022389e-05,0.58731795428661748,7.9943829062497206e-05,0.76990267419430469,0.00013101299506299602,0.9041172563704748,0.00017032768196649482,0.98156063424671924
1004,-0.99435166833230793,0,0,0.00041650343623034886,0.00012481646549314282,-0.98156063424671924,9.6006391069603081e-05,-0.9041172563704748,5.8582570788257245e-05,-0.76990267419430469,2.7008019554258819e-05,-0.58731795428661759,8.2428942996234163e-06,-0.36783149899818013,7.9958986026336276e-07,-0.12523340851146897,8.000785092598742e-07,0.12523340851146886,8.2435696741631776e-06,0.36783149899818024,2.7008801576230545e-05,0.58731795428661748,5.8583408202356809e-05,0.76990267419430469,9.6007258872074036e-05,0.9041172563704748,0.00012481734145059918,0.98156063424671924
1005,-0.99523097831189022,0,0,0.0002970748049648613,8.9026600146961313e-05,-0.98156063424671924,6.8477469773595121e-05,-0.9041172563704748,4.1784485498298246e-05,-0.76990267419430469,1.9263571030642034e-05,-0.58731795428661759,5.8791481172763895e-06,-0.36783149899818013,5.7016871102185542e-07,-0.12523340851146897,5.7066099343195086e-07,0.12523340851146886,5.8798240422925328e-06,0.36783149899818024,1.926435310528282e-05,0.58731795428661748,4.1785322833391795e-05,0.76990267419430469,6.8478337459571982e-05,0.9041172563704748,8.9027475978201677e-05,0.98156063424671924
1006,-0.9960372965122648,0,0,0.00020521018023922328,6.1496998424575718e-05,-0.98156063424671924,4.7302194860606616e-05,-0.9041172563704748,2.8863380876732451e-05,-0.76990267419430469,1.3306533299135531e-05,-0.58731795428661759,4.0609522826528541e-06,-0.36783149899818013,3.9369796750210162e-07,-0.12523340851146897,3.9419361895490382e-07,0.12523340851146886,4.0616287096646219e-06,0.36783149899818024,1.3307315417987053e-05,0.58731795428661748,2.8864218135399619e-05,0.76990267419430469,4.7303062435987056e-05,0.9041172563704748,6.1497874136415579e-05,0.98156063424671924
1007,-0.99677013340829501,0,0,0.00013638671907756537,4.087227416478036e-05,-0.98156063424671924,3.1438027641535314e-05,-0.9041172563704748,1.9183102164416757e-05,-0.76990267419430469,8.8436188720581177e-06,-0.58731795428661759,2.6987900953873753e-06,-0.36783149899818013,2.6148923388213846e-07,-0.12523340851146897,2.6198797859905876e-07,0.12523340851146886,2.6994669762957265e-06,0.36783149899818024,8.844401027670502e-06,0.58731795428661748,1.9183939350297307e-05,0.76990267419430469,3.1438895113247493e-05,0.9041172563704748,4.0873149765043906e-05,0.98156063424671924
1008,-0.99742904407708211,0,0,8.6448273620819941e-05,2.5906930824359027e-05,-0.98156063424671924,1.9926954547547015e-05,-0.9041172563704748,1.2159071640153089e-05,-0.76990267419430469,5.6053189093996109e-06,-0.58731795428661759,1.7104025328826497e-06,-0.36783149899818013,1.6555853683021931e-07,-0.12523340851146897,1.6606008843621323e-07,0.12523340851146886,1.7110798199592773e-06,0.36783149899818024,5.6061010952614501e-06,0.58731795428661748,1.2159908757869096e-05,0.76990267419430469,1.9927821923472575e-05,0.9041172563704748,2.5907806321802998e-05,0.98156063424671924
1009,-0.99801362846112718,0,0,5.1620906099365634e-05,1.5470010938455656e-05,-0.98156063424671924,1.1899063411476698e-05,-0.9041172563704748,7.2604708595412681e-06,-0.76990267419430469,3.3469093000318907e-06,-0.58731795428661759,1.0210953246787879e-06,-0.36783149899818013,9.8656129818636629e-08,-0.12523340851146897,9.9160192219391331e-08,0.12523340851146886,1.0217729705474824e-06,0.36783149899818024,3.3476915104930236e-06,0.58731795428661748,7.2613079146128977e-06,0.76990267419430469,1.1899930700367835e-05,0.9041172563704748,1.54708863426877e-05,0.98156063424671924
1010,-0.99852353159601226,0,0,2.85269654168494e-05,8.5493145307587133e-06,-0.98156063424671924,6.5757881931690564e-06,-0.9041172563704748,4.0122205790706736e-06,-0.76990267419430469,1.8493634694084128e-06,-0.58731795428661759,5.640175580417461e-07,-0.36783149899818013,5.4293534285006159e-08,-0.12523340851146897,5.4799802611274923e-08,0.12523340851146886,5.6469551565464255e-07,0.36783149899818024,1.8501456995973327e-06,0.58731795428661748,4.0130575778272881e-06,0.76990267419430469,6.5766554045614538e-06,0.9041172563704748,8.5501898521519568e-06,0.98156063424671924
1011,-0.99895844378909837,0,0,1.4197676467557375e-05,4.2551718260630324e-06,-0.98156063424671924,3.2728108822136303e-06,-0.9041172563704748,1.9967514906307309e-06,-0.76990267419430469,9.2016874424323907e-07,-0.58731795428661759,2.8041084738042326e-07,-0.36783149899818013,2.6767723752586599e-08,-0.12523340851146897,2.7275885360731207e-08,0.12523340851146886,2.8108906998781204e-07,0.36783149899818024,9.2095098997848477e-07,0.58731795428661748,1.9975884401167636e-06,0.76990267419430469,3.2736780263346202e-06,0.9041172563704748,4.2560470756660366e-06,0.98156063424671924
1012,-0.99931810070542715,0,0,6.0841984851700703e-06,1.8237571687316324e-06,-0.98156063424671924,1.4026105044992778e-06,-0.9041172563704748,8.5555961956686681e-07,-0.76990267419430469,3.9404344026569516e-07,-0.58731795428661759,1.1982820253178756e-07,-0.36783149899818013,1.1182366952745895e-08,-0.12523340851146897,1.169210247932007e-08,0.12523340851146886,1.205066436475005e-07,0.36783149899818024,3.9482569796279123e-07,0.58731795428661748,8.5639652744385158e-07,0.76990267419430469,1.4034775921725411e-06,0.9041172563704748,1.8246323581751718e-06,0.98156063424671924
1013,-0.99960228318596389,0,0,2.0671140011947934e-06,6.1993263300751751e-07,-0.98156063424671924,4.7665037618747762e-07,-0.9041172563704748,2.9054098212659963e-07,-0.76990267419430469,1.3355218156424666e-07,-0.58731795428661759,4.032183546773635e-08,-0.36783149899818013,3.466056144914403e-09,-0.12523340851146897,3.9770406039738852e-09,0.12523340851146886,4.1000448829381125e-08,0.36783149899818024,1.343344481380521e-07,0.58731795428661748,2.9137785657126428e-07,0.76990267419430469,4.7751741873424115e-07,0.9041172563704748,6.2080777440797171e-07,0.98156063424671924
1014,-0.99981081585468701,0,0,4.6431525086305939e-07,1.3961138727192677e-07,-0.98156063424671924,1.0719596104734404e-07,-0.9041172563704748,6.5100837908547814e-08,-0.76990267419430469,2.9617301088265432e-08,-0.58731795428661759,8.5992490707924393e-09,-0.36783149899818013,3.8745692445119852e-10,-0.12523340851146897,8.99360837832309e-10,0.12523340851146886,9.2779885957396328e-09,0.36783149899818024,3.039957385195988e-08,0.58731795428661748,6.5937687508222171e-08,0.76990267419430469,1.0806297018523215e-07,0.9041172563704748,1.4048649313248953e-07,0.98156063424671924
1015,-0.99994355597294937,0,0,3.7258765951033662e-08,1.1632043633335687e-08,-0.98156063424671924,8.7565864882620118e-09,-0.9041172563704748,5.0334217313168527e-09,-0.76990267419430469,1.9244248871474916e-09,-0.58731795428661759,1.4702884211821605e-10,-0.36783149899818013,-4.3267670448135166e-10,-0.12523340851146897,7.9813803389211573e-11,0.12523340851146886,8.2584857341498955e-10,0.36783149899818024,2.7067014478645537e-09,0.58731795428661748,5.8702553780722387e-09,0.76990267419430469,9.6235742296052646e-09,0.9041172563704748,1.2507126744930053e-08,0.98156063424671924
1016,-1,0,0,-4.4730523858802138e-09,-8.7434687929414398e-10,-0.98156063424671924,-8.6308840400344588e-10,-0.9041172563704748,-8.3645314270661269e-10,-0.76990267419430469,-7.8172879764844316e-10,-0.58731795428661759,-6.7887426002589593e-10,-0.36783149899818013,-5.1274025384994828e-10,-0.12523340851146897,-8.9438492264847644e-19,0.12523340851146886,-2.0447341067968574e-14,0.36783149899818024,5.4934386801008005e-13,0.58731795428661748,3.7368795148967491e-13,0.76990267419430469,3.8902083039328808e-12,0.9041172563704748,7.2652914346291657e-13,0.98156063424671924
