node_id,x,y,z,scalar_flux,angular_flux_0,direction_cosine_0,angular_flux_1,direction_cosine_1,angular_flux_2,direction_cosine_2,angular_flux_3,direction_cosine_3,angular_flux_4,direction_cosine_4,angular_flux_5,direction_cosine_5,angular_flux_6,direction_cosine_6,angular_flux_7,direction_cosine_7,angular_flux_8,direction_cosine_8,angular_flux_9,direction_cosine_9,angular_flux_10,direction_cosine_10,angular_flux_11,direction_cosine_11
0,1,0,0,-4.4825922593087856e-09,-1.0712619078913175e-12,-0.98156063424671924,-6.0064609162723476e-13,-0.9041172563704748,-2.3753630823181555e-13,-0.76990267419430469,-4.9180625961675464e-14,-0.58731795428661759,-1.4577712696235331e-15,-0.36783149899818013,-4.3181629429246842e-18,-0.12523340851146897,-5.1317397444793596e-10,0.12523340851146886,-6.7942240918666443e-10,0.36783149899818024,-7.8258513385268707e-10,0.58731795428661748,-8.3797350545758531e-10,0.76990267419430469,-8.639881113997421e-10,0.9041172563704748,-8.7410578946703115e-10,0.98156063424671924
1,0.99907611674659513,0,0,1.1170669638138832e-05,3.3489269241466431e-06,-0.98156063424671924,2.5759344218526966e-06,-0.9041172563704748,1.5718290518871105e-06,-0.76990267419430469,7.2466221616117943e-07,-0.58731795428661759,2.2117855469219397e-07,-0.36783149899818013,2.1461738625469361e-08,-0.12523340851146897,2.0952633918108641e-08,0.12523340851146886,2.2049969444252175e-07,0.36783149899818024,7.2387970830317442e-07,0.58731795428661748,1.5709912049469802e-06,0.76990267419430469,2.575070887009536e-06,0.9041172563704748,3.348053734904396e-06,0.98156063424671924
2,0.99691183631033864,0,0,0.00012469219102053525,3.736858391646272e-05,-0.98156063424671924,2.8743242941340543e-05,-0.9041172563704748,1.7539060667957196e-05,-0.76990267419430469,8.0860596770647749e-06,-0.58731795428661759,2.4680077844186111e-06,-0.36783149899818013,2.395236163061175e-07,-0.12523340851146897,2.3902385191149578e-07,0.12523340851146886,2.4673302523602492e-06,0.36783149899818024,8.0852772558927826e-06,0.58731795428661748,1.7538222581214883e-05,0.76990267419430469,2.8742379080384752e-05,0.9041172563704748,3.7367710383303407e-05,0.98156063424671924
3,0.99353560480215408,0,0,0.00054528121507747601,0.00016340891999574561,-0.98156063424671924,0.00012569120455958424,-0.9041172563704748,7.6696486684640802e-05,-0.76990267419430469,3.5359503242355887e-05,-0.58731795428661759,1.0792355158052666e-05,-0.36783149899818013,1.0474561614353271e-06,-0.12523340851146897,1.0469704451822306e-06,0.12523340851146886,1.0791679737287067e-05,0.36783149899818024,3.5358721013483092e-05,0.58731795428661748,7.6695648279183004e-05,0.76990267419430469,0.00012569034024255743,0.9041172563704748,0.00016340804597708396,0.98156063424671924
4,0.98898124238296647,0,0,0.0015799015671646847,0.00047345953612476104,-0.98156063424671924,0.00036417656795852544,-0.9041172563704748,0.00022221971569673634,-0.76990267419430469,0.00010245031558700685,-0.58731795428661759,3.1269688874720357e-05,-0.36783149899818013,3.0349386340184908e-06,-0.12523340851146897,3.0344709045290663e-06,0.12523340851146886,3.1269016372780053e-05,0.36783149899818024,0.00010244953372383341,0.58731795428661748,0.00022221887696521778,0.76990267419430469,0.00036417570312535812,0.9041172563704748,0.00047345866154726424,0.98156063424671924
5,0.98329405950158444,0,0,0.0036190490377717168,0.0010845425338775027,-0.98156063424671924,0.00083421063164103792,-0.9041172563704748,0.00050903343921196345,-0.76990267419430469,0.00023468051863632225,-0.58731795428661759,7.1628752729090673e-05,-0.36783149899818013,6.9521156212895969e-06,-0.12523340851146897,6.9516688925778875e-06,0.12523340851146886,7.1628083975595709e-05,0.36783149899818024,0.00023467973739316615,0.58731795428661748,0.00050903260023447625,0.76990267419430469,0.00083420976631772914,0.9041172563704748,0.0010845416587521482,0.98156063424671924
6,0.97653059147218024,0,0,0.0071128126143139353,0.0021315386481884826,-0.98156063424671924,0.0016395412341044962,-0.9041172563704748,0.0010004443544917531,-0.76990267419430469,0.00046123650438394538,-0.58731795428661759,0.00014077776688668257,-0.36783149899818013,1.3663610501382269e-05,-0.12523340851146897,1.3663186795064355e-05,0.12523340851146886,0.00014077710272323635,0.36783149899818024,0.00046123572410069937,0.58731795428661748,0.0010004435154441068,0.76990267419430469,0.0016395403684123404,0.9041172563704748,0.0021315377726199968,0.98156063424671924
7,0.96875806174208434,0,0,0.012543075992538483,0.0037588567156645082,-0.98156063424671924,0.0028912450585057156,-0.9041172563704748,0.0017642312032994487,-0.76990267419430469,0.00081336641895302867,-0.58731795428661759,0.00024825423656711041,-0.36783149899818013,2.4095124375653581e-05,-0.12523340851146897,2.4094724738080706e-05,0.12523340851146886,0.0002482535778305089,0.36783149899818024,0.00081336564005143571,0.58731795428661748,0.0017642303644536941,0.76990267419430469,0.0028912441926633235,0.9041172563704748,0.0037588558398539041,0.98156063424671924
8,0.96005371945194384,0,0,0.020393435890851557,0.006111418924189837,-0.98156063424671924,0.0047007936485869983,-0.9041172563704748,0.0028684136704457148,-0.76990267419430469,0.0013224294908547607,-0.58731795428661759,0.00040362957138999686,-0.36783149899818013,3.917564898748155e-05,-0.12523340851146897,3.9175273578118252e-05,0.12523340851146886,0.00040362891889083349,0.36783149899818024,0.0013224287138273658,0.58731795428661748,0.002868412832163568,0.76990267419430469,0.0047007927829056002,0.9041172563704748,0.0061114180484304675,0.98156063424671924
9,0.95050407339355258,0,0,0.03111853834510836,0.0093254716454042891,-0.98156063424671924,0.0071729852660808186,-0.9041172563704748,0.0043769394191060735,-0.76990267419430469,0.0020179076177058767,-0.58731795428661759,0.00061590218531147438,-0.36783149899818013,5.9778561601768402e-05,-0.12523340851146897,5.9778209832280243e-05,0.12523340851146886,0.00061590153981075488,0.36783149899818024,0.0020179068430993359,0.58731795428661748,0.0043769385818264476,0.76990267419430469,0.0071729844009538312,0.9041172563704748,0.0093254707700722896,0.98156063424671924
10,0.94020403286019572,0,0,0.045114556055111991,0.013519738212647747,-0.98156063424671924,0.010399139766424712,-0.9041172563704748,0.0063455316193180436,-0.76990267419430469,0.0029254909453828221,-0.58731795428661759,0.00089291318040271225,-0.36783149899818013,8.6664911872470283e-05,-0.12523340851146897,8.6664582573650069e-05,0.12523340851146886,0.0008929125425891657,0.36783149899818024,0.0029254901737775884,0.58731795428661748,0.0063455307835402477,0.76990267419430469,0.010399138902312872,0.9041172563704748,0.013519737338188068,0.98156063424671924
11,0.92925596465023086,0,0,0.062692444983047338,0.018787404573183526,-0.98156063424671924,0.014450934106410568,-0.9041172563704748,0.0088179273886404494,-0.76990267419430469,0.0040653436700595217,-0.58731795428661759,0.0012408170379440398,-0.36783149899818013,0.00012043204768396801,-0.12523340851146897,0.00012043173927892719,0.12523340851146886,0.0012408164084143501,0.36783149899818024,0.0040653429020478587,0.58731795428661748,0.0088179265549045965,0.76990267419430469,0.014450933243824009,0.9041172563704748,0.018787403700092853,0.98156063424671924
12,0.91776867581736021,0,0,0.084055430459729907,0.025189372421159734,-0.98156063424671924,0.019375212775249943,-0.9041172563704748,0.011822711128883641,-0.76990267419430469,0.0054506441061697546,-0.58731795428661759,0.0016636360204893706,-0.36783149899818013,0.00016147036590740115,-0.12523340851146897,0.00016147007657373524,0.12523340851146886,0.0016636353997329034,0.36783149899818024,0.0054506433423337991,0.58731795428661748,0.011822710297749789,0.76990267419430469,0.019375211914728543,0.9041172563704748,0.025189371549967442,0.98156063424671924
13,0.90585633235627561,0,0,0.10928189369506429,0.032749130700517014,-0.98156063424671924,0.025190043046731701,-0.9041172563704748,0.015370907449864656,-0.76990267419430469,0.0070864749480388754,-0.58731795428661759,0.0021629214594363253,-0.36783149899818013,0.00020993043736139798,-0.12523340851146897,0.00020993016517041049,0.12523340851146886,0.002162920847825055,0.36783149899818024,0.0070864741889300432,0.58731795428661748,0.015370906621891861,0.76990267419430469,0.025190042188824719,0.9041172563704748,0.032749129831765256,0.98156063424671924
14,0.89363732460170597,0,0,0.13831447819285114,0.041449491062129473,-0.98156063424671924,0.031882203951494104,-0.9041172563704748,0.019454448945944981,-0.76990267419430469,0.0089691168663491461,-0.58731795428661759,0.0027375381477566627,-0.36783149899818013,0.00026570208023314867,-0.12523340851146897,0.00026570182326003634,0.12523340851146886,0.0027375375455403368,0.36783149899818024,0.008969116112469781,0.58731795428661748,0.019454448121671235,0.76990267419430469,0.031882203096740197,0.9041172563704748,0.041449490196353536,0.98156063424671924
15,0.88123309063082411,0,0,0.17095583809928899,0.051231313747124391,-0.98156063424671924,0.039406206249360087,-0.9041172563704748,0.024045578185356593,-0.76990267419430469,0.011085772806281069,-0.58731795428661759,0.0033835801907476384,-0.36783149899818013,0.00032840619267431476,-0.12523340851146897,0.00032840594907786359,0.12523340851146886,0.0033835795980535735,0.36783149899818024,0.011085772058068748,0.58731795428661748,0.024045577365280259,0.76990267419430469,0.039406205398268265,0.9041172563704748,0.051231312884833638,0.98156063424671924
16,0.86876690936917589,0,0,0.20687103746940647,0.061994226588739584,-0.98156063424671924,0.047684845472650013,-0.9041172563704748,0.029097185175983552,-0.76990267419430469,0.013414723569921504,-0.58731795428661759,0.0040944184926217887,-0.36783149899818013,0.00039739936182663554,-0.12523340851146897,0.00039739912990073404,0.12523340851146886,0.0040944179094584273,0.36783149899818024,0.013414722827736258,0.58731795428661748,0.029097184360546809,0.76990267419430469,0.047684844625682114,0.9041172563704748,0.061994225730399727,0.98156063424671924
17,0.85636267539829403,0,0,0.24559621306564355,0.073599221042611324,-0.98156063424671924,0.056611198746046601,-0.9041172563704748,0.034544025820342189,-0.76990267419430469,0.015925889562587982,-0.58731795428661759,0.0048608722117452798,-0.36783149899818013,0.00047179050510588662,-0.12523340851146897,0.00047179028330711755,0.12523340851146886,0.0048608716380084231,0.36783149899818024,0.015925888826702327,0.58731795428661748,0.034544025009916657,0.76990267419430469,0.056611197903601723,0.9041172563704748,0.073599220188628356,0.98156063424671924
18,0.84414366764372439,0,0,0.28655276438793248,0.085872904594075067,-0.98156063424671924,0.066051895661905322,-0.9041172563704748,0.040304717796323018,-0.76990267419430469,0.018581750957045666,-0.58731795428661759,0.0056714896115660322,-0.36783149899818013,0.00055046812930752349,-0.12523340851146897,0.00055046791626422932,0.12523340851146886,0.0056714890470467979,0.36783149899818024,0.018581750227637365,0.58731795428661748,0.040304716991197823,0.76990267419430469,0.066051894824306415,0.9041172563704748,0.085872903744781334,0.98156063424671924
19,0.83223132418263979,0,0,0.32906605926371241,0.098613106369086587,-0.98156063424671924,0.075851430015482627,-0.9041172563704748,0.04628437156830905,-0.76990267419430469,0.021338560672938753,-0.58731795428661759,0.0065129182840956406,-0.36783149899818013,0.00063213626411025281,-0.12523340851146897,0.00063213605861824149,0.12523340851146886,0.0065129177284892264,0.36783149899818024,0.021338559950085996,0.58731795428661748,0.046284370768681367,0.76990267419430469,0.075851429182965183,0.9041172563704748,0.098613105524729017,0.98156063424671924
20,0.82074403534976914,0,0,0.37238746012235052,0.11159547787359389,-0.98156063424671924,0.085837236975093115,-0.9041172563704748,0.052377688464963004,-0.76990267419430469,0.024147772688745697,-0.58731795428661759,0.0073703410968121441,-0.36783149899818013,0.00071535677461882666,-0.12523340851146897,0.00071535657562855101,0.12523340851146886,0.0073703405497267975,0.36783149899818024,0.024147771972424566,0.58731795428661748,0.05237768767093106,0.76990267419430469,0.085837236147796731,0.9041172563704748,0.11159547703432501,0.98156063424671924
21,0.80979596713980428,0,0,0.41571839428233687,0.12458070627388487,-0.98156063424671924,0.095825241407782688,-0.9041172563704748,0.058472346255048567,-0.76990267419430469,0.026957602899431589,-0.58731795428661759,0.0082279525949316111,-0.36783149899818013,0.00079859560045739348,-0.12523340851146897,0.00079859540705627772,0.12523340851146886,0.0082279520558973616,0.36783149899818024,0.026957602189515716,0.58731795428661748,0.058472345466607227,0.76990267419430469,0.095825240585745,0.9041172563704748,0.12458070543975634,0.98156063424671924
22,0.79949592660644742,0,0,0.45823521026550257,0.13732196323013943,-0.98156063424671924,0.1056255873882954,-0.9041172563704748,0.064452495280889519,-0.76990267419430469,0.029714640944672716,-0.58731795428661759,0.0090694509608298165,-0.36783149899818013,0.00088027050482013638,-0.12523340851146897,0.00088027031621303498,0.12523340851146886,0.0090694504293067548,0.36783149899818024,0.029714640240934769,0.58731795428661748,0.064452494497928725,0.76990267419430469,0.10562558657144887,0.9041172563704748,0.13732196240109806,0.98156063424671924
23,0.78994628054805616,0,0,0.49911367068271273,0.14957224481928208,-0.98156063424671924,0.11504828393588644,-0.9041172563704748,0.070202203474249603,-0.76990267419430469,0.032365438470258648,-0.58731795428661759,0.0098785227804393718,-0.36783149899818013,0.00095879812537294474,-0.12523340851146897,0.00095879794086260023,0.12523340851146886,0.0098785222558253477,0.36783149899818024,0.03236543777237362,0.58731795428661748,0.070202202696554833,0.76990267419430469,0.11504828312405768,0.9041172563704748,0.14957224399516866,0.98156063424671924
24,0.78124193825791566,0,0,0.53755211185118712,0.16109131190969039,-0.98156063424671924,0.12390854342588012,-0.9041172563704748,0.075608713843034317,-0.76990267419430469,0.034858010932605668,-0.58731795428661759,0.010639301421425041,-0.36783149899818013,0.0010326384639416841,-0.12523340851146897,0.0010326382829105587,0.12523340851146886,0.010639300903062867,0.36783149899818024,0.034858010240155828,0.58731795428661748,0.075608713070289588,0.76990267419430469,0.12390854261879211,0.9041172563704748,0.16109131109024166,0.98156063424671924
25,0.77346940852781976,0,0,0.57279252657692559,0.17165200815893716,-0.98156063424671924,0.13203164128004449,-0.9041172563704748,0.080565409843405655,-0.76990267419430469,0.037143204729196327,-0.58731795428661759,0.01133678430637138,-0.36783149899818013,0.0011003353865944095,-0.12523340851146897,0.0011003352084884273,0.12523340851146886,0.011336783793555565,0.36783149899818024,0.037143204041677716,0.58731795428661748,0.080565409075198879,0.76990267419430469,0.1320316404773216,0.9041172563704748,0.17165200734379035,0.98156063424671924
26,0.76670594049841556,0,0,0.60413907220571539,0.18104580642707224,-0.98156063424671924,0.13925718216805943,-0.9041172563704748,0.084974418606303601,-0.76990267419430469,0.039175897368433646,-0.58731795428661759,0.011957199226549432,-0.36783149899818013,0.0011605521776571559,-0.12523340851146897,0.0011605520019717581,0.12523340851146886,0.011957198718532647,0.36783149899818024,0.039175896685263917,0.58731795428661748,0.084974417842133998,0.76990267419430469,0.13925718136923415,0.9041172563704748,0.18104580561577152,0.98156063424671924
27,0.76101875761703353,0,0,0.63097374337717127,0.18908750552027892,-0.98156063424671924,0.14544271265837069,-0.9041172563704748,0.088748815368855816,-0.76990267419430469,0.040916013782321702,-0.58731795428661759,0.012488314539115107,-0.36783149899818013,0.0012121016471165174,-0.12523340851146897,0.0012121014733849126,0.12523340851146886,0.012488314035114407,0.36783149899818024,0.040916013102849313,0.58731795428661748,0.088748814608143364,0.76990267419430469,0.14544271186289306,0.9041172563704748,0.18908750471228455,0.98156063424671924
28,0.75646439519784592,0,0,0.65276914836976563,0.19561905895111029,-0.98156063424671924,0.15046666623178889,-0.9041172563704748,0.091814420515039116,-0.76990267419430469,0.042329354819111639,-0.58731795428661759,0.012919692038201508,-0.36783149899818013,0.001253970674012652,-0.12523340851146897,0.0012539705017961375,0.12523340851146886,0.012919691537404477,0.36783149899818024,0.042329354142626237,0.58731795428661748,0.091814419757135654,0.76990267419430469,0.15046666543903794,0.9041172563704748,0.1956190581458111,0.98156063424671924
29,0.75308816368966136,0,0,0.66909842865271341,0.20051254758721873,-0.98156063424671924,0.15423064978949569,-0.9041172563704748,0.094111194797711822,-0.76990267419430469,0.043388240484836832,-0.58731795428661759,0.013242883283987797,-0.36783149899818013,0.0012853392619250322,-0.12523340851146897,0.0012853390908050596,0.12523340851146886,0.013242882785558682,0.36783149899818024,0.043388239810580466,0.58731795428661748,0.094111194041913621,0.76990267419430469,0.15423064899879213,0.9041172563704748,0.20051254678394431,0.98156063424671924
30,0.75092388325340487,0,0,0.67964185519311537,0.20367215640436426,-0.98156063424671924,0.15666096413595007,-0.9041172563704748,0.095594167133856933,-0.76990267419430469,0.044071937686297857,-0.58731795428661759,0.013451560157673612,-0.36783149899818013,0.0013055932104962845,-0.12523340851146897,0.0013055930400678801,0.12523340851146886,0.013451559660759314,0.36783149899818024,0.044071937013476913,0.58731795428661748,0.095594166379418338,0.76990267419430469,0.15666096334657031,0.9041172563704748,0.2036721556023994,0.98156063424671924
31,0.75,0,0,0.68416045976646478,0.20502627243070717,-0.98156063424671924,0.15770252585958203,-0.9041172563704748,0.096229725749882436,-0.76990267419430469,0.04436495033161577,-0.58731795428661759,0.013540992968938237,-0.36783149899818013,0.0013142734611150909,-0.12523340851146897,0.0013142732909792862,0.12523340851146886,0.013540992472669839,0.36783149899818024,0.044364949659409104,0.58731795428661748,0.096229724996026611,0.76990267419430469,0.15770252507077004,0.9041172563704748,0.20502627162930431,0.98156063424671924
32,0.74907611674659513,0,0,0.68868967606701403,0.20638356853390319,-0.98156063424671924,0.15874653364120669,-0.9041172563704748,0.096866776944982927,-0.76990267419430469,0.044658651103148379,-0.58731795428661759,0.013630635808896688,-0.36783149899818013,0.0013229740968943499,-0.12523340851146897,0.0013229739270496092,0.12523340851146886,0.013630635313273765,0.36783149899818024,0.044658650431556909,0.58731795428661748,0.096866776191711287,0.76990267419430469,0.15874653285296406,0.9041172563704748,0.20638356773306413,0.98156063424671924
33,0.74691183631033864,0,0,0.69934105468103824,0.2095755279650546,-0.98156063424671924,0.16120173149885117,-0.9041172563704748,0.098364933143581468,-0.76990267419430469,0.04534934854598318,-0.58731795428661759,0.013841449284154756,-0.36783149899818013,0.0013434354217296805,-0.12523340851146897,0.0013434352525608798,0.12523340851146886,0.01384144879004222,0.36783149899818024,0.045349347875836464,0.58731795428661748,0.098364932391683924,0.76990267419430469,0.16120173071194852,0.9041172563704748,0.20957552716554281,0.98156063424671924
34,0.74353560480215408,0,0,0.71607129539177883,0.21458917470091915,-0.98156063424671924,0.16505813850853071,-0.9041172563704748,0.10071810400837251,-0.76990267419430469,0.046434234821809535,-0.58731795428661759,0.014172576391214354,-0.36783149899818013,0.001375574255852013,-0.12523340851146897,0.0013755740877216497,0.12523340851146886,0.014172575899453286,0.36783149899818024,0.046434234153926501,0.58731795428661748,0.1007181032586341,0.76990267419430469,0.16505813772373601,0.9041172563704748,0.21458917390349619,0.98156063424671924
35,0.73898124238296647,0,0,0.7388566014149397,0.22141737742313877,-0.98156063424671924,0.17031026938827279,-0.9041172563704748,0.10392294243267912,-0.76990267419430469,0.047911766808504674,-0.58731795428661759,0.014623546141077534,-0.36783149899818013,0.0014193448856602703,-0.12523340851146897,0.0014193447189012756,0.12523340851146886,0.014623545652479522,0.36783149899818024,0.04791176614369419,0.58731795428661748,0.10392294168588301,0.76990267419430469,0.17031026860635534,0.9041172563704748,0.22141737662856881,0.98156063424671924
36,0.73329405950158444,0,0,0.76765145985513006,0.23004649702233754,-0.98156063424671924,0.17694763318015505,-0.9041172563704748,0.10797304685764754,-0.76990267419430469,0.049778993184789448,-0.58731795428661759,0.015193457736657985,-0.36783149899818013,0.0014746598808688203,-0.12523340851146897,0.0014746597157778746,0.12523340851146886,0.015193457251995626,0.36783149899818024,0.049778992523845829,0.58731795428661748,0.10797304611457308,0.76990267419430469,0.17694763240188452,0.9041172563704748,0.2300464962313864,0.98156063424671924
37,0.72653059147218024,0,0,0.80237587552813483,0.24045256088478231,-0.98156063424671924,0.18495179058032485,-0.9041172563704748,0.11285716566165659,-0.76990267419430469,0.052030726596889711,-0.58731795428661759,0.015880727902920205,-0.36783149899818013,0.0015413655706400123,-0.12523340851146897,0.0015413654074737189,0.12523340851146886,0.01588072742291843,0.36783149899818024,0.0520307259405874,0.58731795428661748,0.11285716492307563,0.76990267419430469,0.18495178980646837,0.9041172563704748,0.24045256009821514,0.98156063424671924
38,0.71875806174208434,0,0,0.8429022232139235,0.25259732283200703,-0.98156063424671924,0.19429332331533186,-0.9041172563704748,0.11855734788058506,-0.76990267419430469,0.054658691082023647,-0.58731795428661759,0.016682830664949338,-0.36783149899818013,0.0016192167867206822,-0.12523340851146897,0.0016192166256944406,0.12523340851146886,0.016682830190277723,0.36783149899818024,0.054658690431111039,0.58731795428661748,0.11855734714725703,0.76990267419430469,0.19429332254664963,0.9041172563704748,0.25259732205058411,0.98156063424671924
39,0.71005371945194384,0,0,0.88904221187770083,0.26642435661453906,-0.98156063424671924,0.20492882932767365,-0.9041172563704748,0.12504710967680238,-0.76990267419430469,0.057650676752548903,-0.58731795428661759,0.017596039342106719,-0.36783149899818013,0.0017078518216696648,-0.12523340851146897,0.0017078516629589504,0.12523340851146886,0.017596038873373004,0.36783149899818024,0.057650676107741473,0.58731795428661748,0.12504710894946797,0.76990267419430469,0.20492882856491282,0.9041172563704748,0.26642435583900975,0.98156063424671924
40,0.70050407339355258,0,0,0.94053508785321494,0.28185552069251779,-0.98156063424671924,0.21679820354854906,-0.9041172563704748,0.13228977507283055,-0.76990267419430469,0.060989774821640912,-0.58731795428661759,0.018615193063888334,-0.36783149899818013,0.0018067697671358186,-0.12523340851146897,0.0018067696108790374,0.12523340851146886,0.018615192601633079,0.36783149899818024,0.060989774183613545,0.58731795428661748,0.13228977435220363,0.76990267419430469,0.21679820279243603,0.9041172563704748,0.28185551992361263,0.98156063424671924
41,0.69020403286019572,0,0,0.99703818945665001,0.29878812768293711,-0.98156063424671924,0.22982246068752163,-0.9041172563704748,0.14023714742250171,-0.76990267419430469,0.064653765109428801,-0.58731795428661759,0.019733509825604623,-0.36783149899818013,0.0019153123692412875,-0.12523340851146897,0.0019153122155436914,0.12523340851146886,0.019733509370297095,0.36783149899818024,0.064653764478807885,0.58731795428661748,0.1402371467092606,0.76990267419430469,0.22982245993875264,0.9041172563704748,0.29878812692135881,0.98156063424671924
42,0.67925596465023086,0,0,1.0581208051825652,0.31709310381017602,-0.98156063424671924,0.2439023195149278,-0.9041172563704748,0.14882864554327394,-0.76990267419430469,0.068614717772638056,-0.58731795428661759,0.020942464928988345,-0.36783149899818013,0.0020326522301558673,-0.12523340851146897,0.0020326520790935835,0.12523340851146886,0.020942464481023458,0.36783149899818024,0.068614717149993121,0.58731795428661748,0.14882864483805125,0.76990267419430469,0.24390231877415836,0.9041172563704748,0.31709310305658855,0.98156063424671924
43,0.66776867581736021,0,0,1.1232620384271546,0.33661434901543835,-0.98156063424671924,0.25891771066955194,-0.9041172563704748,0.15799100338158267,-0.76990267419430469,0.072838854840806336,-0.58731795428661759,0.022231748720515067,-0.36783149899818013,0.0021577887062219706,-0.12523340851146897,0.0021577885578458926,0.12523340851146886,0.022231748280211374,0.36783149899818024,0.072838854226641589,0.58731795428661748,0.15799100268495467,0.76990267419430469,0.25891770993738555,0.9041172563704748,0.3366143482704555,0.98156063424671924
44,0.65585633235627561,0,0,1.1918530714000291,0.35716941539612512,-0.98156063424671924,0.27472829850200498,-0.9041172563704748,0.16763858844049306,-0.76990267419430469,0.077286697021512002,-0.58731795428661759,0.023589311399038394,-0.36783149899818013,0.0022895522569336265,-0.12523340851146897,0.0022895521112724598,0.12523340851146886,0.023589310966636835,0.36783149899818024,0.077286696416258127,0.58731795428661748,0.16763858775296889,0.76990267419430469,0.27472829777898133,0.9041172563704748,0.35716941466029845,0.98156063424671924
45,0.64363732460170597,0,0,1.2632038782025645,0.37855151895234762,-0.98156063424671924,0.29117502847400445,-0.9041172563704748,0.17767434599925278,-0.76990267419430469,0.081913499015483823,-0.58731795428661759,0.025001495881911948,-0.36783149899818013,0.0024266173407770219,-0.12523340851146897,0.0024266171978397045,0.12523340851146886,0.025001495457575316,0.36783149899818024,0.081913498419490291,0.58731795428661748,0.17767434532126375,0.76990267419430469,0.29117502776058751,0.9041172563704748,0.37855151822615346,0.98156063424671924
46,0.63123309063082411,0,0,1.3365540931239046,0.40053279655122792,-0.98156063424671924,0.30808263235681066,-0.9041172563704748,0.18799132777973099,-0.76990267419430469,0.08666995428023111,-0.58731795428661759,0.026453252911722763,-0.36783149899818013,0.0025675232932561819,-0.12523340851146897,0.002567523153033205,0.12523340851146886,0.026453252495535717,0.36783149899818024,0.086669953693759183,0.58731795428661748,0.18799132711162028,0.76990267419430469,0.30808263165337713,0.9041172563704748,0.4005327958350558,0.98156063424671924
47,0.61876690936917589,0,0,1.411087426342472,0.42286862596245678,-0.98156063424671924,0.32526295112497761,-0.9041172563704748,0.19847471956869653,-0.76990267419430469,0.091503129828114302,-0.58731795428661759,0.027928426373738845,-0.36783149899818013,0.0027107020194944488,-0.12523340851146897,0.0027107018819586969,0.12523340851146886,0.027928425965708405,0.36783149899818024,0.091503129251330834,0.58731795428661748,0.1984747189107097,0.76990267419430469,0.3252629504318067,0.9041172563704748,0.42286862525659791,0.98156063424671924
48,0.60636267539829403,0,0,1.4859487637745177,0.44530275026751287,-0.98156063424671924,0.34251887655987717,-0.9041172563704748,0.20900424637540338,-0.76990267419430469,0.096357575080147154,-0.58731795428661759,0.029410091738345998,-0.36783149899818013,0.0028545108430903447,-0.12523340851146897,0.0028545107081970151,0.12523340851146886,0.029410091338402413,0.36783149899818024,0.096357574513119354,0.58731795428661748,0.20900424572768023,0.76990267419430469,0.34251887587713997,0.9041172563704748,0.44530274957214988,0.98156063424671924
49,0.59414366764372439,0,0,1.5602629131632171,0.46757289560718213,-0.98156063424671924,0.35964867232017872,-0.9041172563704748,0.21945680913906018,-0.76990267419430469,0.10117653747162651,-0.58731795428661759,0.030880927086093413,-0.36783149899818013,0.002997268517405908,-0.12523340851146897,0.0029972683850924145,0.12523340851146886,0.030880926694091468,0.36783149899818024,0.10117653691431829,0.58731795428661748,0.2194568085016281,0.76990267419430469,0.35964867164793068,0.9041172563704748,0.4675728949223813,0.98156063424671924
50,0.58223132418263979,0,0,1.6331538786524422,0.48941654730309508,-0.98156063424671924,0.37645041683078173,-0.9041172563704748,0.2297091957696436,-0.76990267419430469,0.10590321232778827,-0.58731795428661759,0.032323594592577318,-0.36783149899818013,0.0031372922520761168,-0.12523340851146897,0.0031372921222614643,0.12523340851146886,0.032323594208297848,0.36783149899818024,0.10590321178005767,0.58731795428661748,0.22970919514241234,0.76990267419430469,0.37645041616895675,0.9041172563704748,0.48941654662880002,0.98156063424671924
51,0.57074403534976914,0,0,1.7037635652233936,0.51057655512301192,-0.98156063424671924,0.39272631475218678,-0.9041172563704748,0.23964071199679135,-0.76990267419430469,0.11048195576844892,-0.58731795428661759,0.033721110729095824,-0.36783149899818013,0.0032729336442831238,-0.12523340851146897,0.003272933516867606,0.12523340851146886,0.033721110352247778,0.36783149899818024,0.11048195523004722,0.58731795428661748,0.2396407113795502,0.76990267419430469,0.39272631410059328,0.9041172563704748,0.51057655445903782,0.98156063424671924
52,0.55979596713980428,0,0,1.7712689266223025,0.53080627209819231,-0.98156063424671924,0.40828664966650957,-0.9041172563704748,0.24913559328989943,-0.76990267419430469,0.11485939667954045,-0.58731795428661759,0.035057185656676218,-0.36783149899818013,0.0034026116199730705,-0.12523340851146897,0.0034026114948378207,0.12523340851146886,0.035057185286899127,0.36783149899818024,0.11485939615011266,0.58731795428661748,0.24913559268231619,0.76990267419430469,0.40828664902482792,0.9041172563704748,0.53080627144422454,0.98156063424671924
53,0.54949592660644742,0,0,1.8348967608262892,0.5498739883650946,-0.98156063424671924,0.42295319450887159,-0.9041172563704748,0.25808508589567236,-0.76990267419430469,0.1189853961373131,-0.58731795428661759,0.03631651605986979,-0.36783149899818013,0.0035248408559871132,-0.12523340851146897,0.0035248407329941185,0.12523340851146886,0.036316515696736822,0.36783149899818024,0.1189853956164003,0.58731795428661748,0.25808508529729451,0.76990267419430469,0.42295319387665498,0.9041172563704748,0.54987398772068929,0.98156063424671924
54,0.53994628054805616,0,0,1.8939356036842077,0.56756649540061133,-0.98156063424671924,0.43656195311311963,-0.9041172563704748,0.266389119723142,-0.76990267419430469,0.12281381866129946,-0.58731795428661759,0.037485020547246867,-0.36783149899818013,0.0036382546277789864,-0.12523340851146897,0.0036382545067712318,0.12523340851146886,0.037485020190268357,0.36783149899818024,0.12281381814834261,0.58731795428661748,0.26638911913339974,0.76990267419430469,0.43656195248979723,0.9041172563704748,0.56756649476519749,0.98156063424671924
55,0.53124193825791566,0,0,1.9477444478140138,0.58369169886380512,-0.98156063424671924,0.44896516996275632,-0.9041172563704748,0.27395753468915551,-0.76990267419430469,0.12630309759841521,-0.58731795428661759,0.038550012216953984,-0.36783149899818013,0.0037416215584415145,-0.12523340851146897,0.003741621439243691,0.12523340851146886,0.038550011865581643,0.36783149899818024,0.12630309709276036,0.58731795428661748,0.27395753410736717,0.76990267419430469,0.44896516934763814,0.9041172563704748,0.58369169823669009,0.98156063424671924
56,0.52346940852781976,0,0,1.9957582925179271,0.59808028177065742,-0.98156063424671924,0.46003260947508157,-0.9041172563704748,0.28071086133467604,-0.76990267419430469,0.1294165950117909,-0.58731795428661759,0.039500308501360964,-0.36783149899818013,0.0038338562801098763,-0.12523340851146897,0.0038338561625292735,0.12523340851146886,0.039500308154992551,0.36783149899818024,0.12941659451269619,0.58731795428661748,0.28071086076005547,0.76990267419430469,0.46003260886736658,0.9041172563704748,0.59808028115103473,0.98156063424671924
57,0.51670594049841556,0,0,2.037490785189207,0.61058649605951099,-0.98156063424671924,0.46965216485911171,-0.9041172563704748,0.28658069234851308,-0.76990267419430469,0.13212277296497599,-0.58731795428661759,0.040326283446129887,-0.36783149899818013,0.0039140245081121152,-0.12523340851146897,0.0039140243919400563,0.12523340851146886,0.040326283104114707,0.36783149899818024,0.13212277247161996,0.58731795428661748,0.28658069178017925,0.76990267419430469,0.46965216425789708,0.9041172563704748,0.61058649544647048,0.98156063424671924
58,0.51101875761703353,0,0,2.0725344221706363,0.6210882227834742,-0.98156063424671924,0.47772990441449503,-0.9041172563704748,0.29150971081881644,-0.76990267419430469,0.13439520654677234,-0.58731795428661759,0.041019871685633078,-0.36783149899818013,0.0039813434268198052,-0.12523340851146897,0.0039813433118333049,0.12523340851146886,0.041019871347277997,0.36783149899818024,0.13439520605826341,0.58731795428661748,0.29150971025580424,0.76990267419430469,0.47772990381878749,0.9041172563704748,0.62108822217601278,0.98156063424671924
59,0.50646439519784592,0,0,2.1005589135032277,0.62948648206532731,-0.98156063424671924,0.48418969459762912,-0.9041172563704748,0.2954514602288712,-0.76990267419430469,0.13621247783201357,-0.58731795428661759,0.041574536077846301,-0.36783149899818013,0.0040351785483266353,-0.12523340851146897,0.0040351784342904538,0.12523340851146886,0.041574535742422168,0.36783149899818024,0.13621247734740022,0.58731795428661748,0.2954514596701433,0.76990267419430469,0.48418969400635908,0.9041172563704748,0.62948648146236197,0.98156063424671924
60,0.50308816368966136,0,0,2.1213083183399659,0.63570457465060493,-0.98156063424671924,0.488972539719713,-0.9041172563704748,0.29836994154233631,-0.76990267419430469,0.13755799012510256,-0.58731795428661759,0.041985211008083792,-0.36783149899818013,0.0040750382095711682,-0.12523340851146897,0.0040750380962400554,0.12523340851146886,0.04198521067483247,0.36783149899818024,0.13755798964338503,0.58731795428661748,0.29836994098679731,0.76990267419430469,0.48897253913174821,0.9041172563704748,0.63570457405098901,0.98156063424671924
61,0.50092388325340487,0,0,2.134596800867226,0.63968681006033989,-0.98156063424671924,0.49203560366468208,-0.9041172563704748,0.30023901625773386,-0.76990267419430469,0.13841969274922988,-0.58731795428661759,0.042248218389640539,-0.36783149899818013,0.0041005654194509683,-0.12523340851146897,0.0041005653065721128,0.12523340851146886,0.04224821805778213,0.36783149899818024,0.13841969226937217,0.58731795428661748,0.30023901570424466,0.76990267419430469,0.49203560307884281,0.9041172563704748,0.6396868094628777,0.98156063424671924
62,0.5,0,0,2.140266192890746,0.6413857891289686,-0.98156063424671924,0.49334242784580695,-0.9041172563704748,0.30103643742761305,-0.76990267419430469,0.13878732915721312,-0.58731795428661759,0.042360427736952026,-0.36783149899818013,0.0041114563364388224,-0.12523340851146897,0.0041114562237531023,0.12523340851146886,0.042360427405688232,0.36783149899818024,0.13878732867815019,0.58731795428661748,0.3010364368750002,0.76990267419430469,0.49334242726087657,0.9041172563704748,0.64138578853242723,0.98156063424671924
63,0.49907611674659519,0,0,2.1459336281625592,0.64308418180664018,-0.98156063424671924,0.49464880098554104,-0.9041172563704748,0.30183358337305194,-0.76990267419430469,0.13915483867801556,-0.58731795428661759,0.042472598355979017,-0.36783149899818013,0.0041223434945025566,-0.12523340851146897,0.0041223433820100153,0.12523340851146886,0.042472598025309873,0.36783149899818024,0.13915483819974797,0.58731795428661748,0.30183358282131656,0.76990267419430469,0.49464880040152032,0.9041172563704748,0.64308418121102062,0.98156063424671924
64,0.49691183631033864,0,0,2.1592022052282949,0.64706045203306206,-0.98156063424671924,0.49770727661865766,-0.9041172563704748,0.30369985831090013,-0.76990267419430469,0.14001525051604863,-0.58731795428661759,0.042735211766050385,-0.36783149899818013,0.0041478324659491852,-0.12523340851146897,0.0041478323539093295,0.12523340851146886,0.042735211436774279,0.36783149899818024,0.14001525003964624,0.58731795428661748,0.30369985776122338,0.76990267419430469,0.49770727603677173,0.9041172563704748,0.64706045143960589,0.98156063424671924
65,0.49353560480215408,0,0,2.1798776824283448,0.65325639030133176,-0.98156063424671924,0.50247308103805544,-0.9041172563704748,0.30660794142600128,-0.76990267419430469,0.14135596891047328,-0.58731795428661759,0.043144423510880096,-0.36783149899818013,0.0041875501120492362,-0.12523340851146897,0.0041875500007159993,0.12523340851146886,0.043144423183777203,0.36783149899818024,0.14135596843698595,0.58731795428661748,0.30660794087954474,0.76990267419430469,0.50247308045951034,0.9041172563704748,0.65325638971126154,0.98156063424671924
66,0.48898124238296647,0,0,2.2077197006775156,0.66159996683236699,-0.98156063424671924,0.50889081023152327,-0.9041172563704748,0.31052402531498174,-0.76990267419430469,0.14316140757789991,-0.58731795428661759,0.043695476372075687,-0.36783149899818013,0.0042410347023817772,-0.12523340851146897,0.0042410345920026408,0.12523340851146886,0.043695476047904608,0.36783149899818024,0.14316140710835518,0.58731795428661748,0.3105240247728861,0.76990267419430469,0.50889080965750511,0.9041172563704748,0.66159996624688577,0.98156063424671924
67,0.48329405950158444,0,0,2.2424021806276722,0.67199346356658429,-0.98156063424671924,0.51688530122292298,-0.9041172563704748,0.31540224569921421,-0.76990267419430469,0.14541042163369239,-0.58731795428661759,0.044381916544608137,-0.36783149899818013,0.0043076598376784276,-0.12523340851146897,0.0043076597284922224,0.12523340851146886,0.044381916224098664,0.36783149899818024,0.14541042116908745,0.58731795428661748,0.31540224516259141,0.76990267419430469,0.51688530065458993,0.9041172563704748,0.67199346298686768,0.98156063424671924
68,0.4765305914721803,0,0,2.2835128544707572,0.68431333385664239,-0.98156063424671924,0.52636152415036763,-0.9041172563704748,0.32118461557116551,-0.76990267419430469,0.14807627723134847,-0.58731795428661759,0.04519558437019474,-0.36783149899818013,0.0043866335504141119,-0.12523340851146897,0.0043866334426489809,0.12523340851146886,0.045195584054040859,0.36783149899818024,0.14807627677264179,0.58731795428661748,0.3211846150410898,0.76990267419430469,0.52636152358884114,0.9041172563704748,0.68431333328382971,0.98156063424671924
69,0.46875806174208434,0,0,2.330555006259261,0.69841072399921711,-0.98156063424671924,0.53720498341909362,-0.9041172563704748,0.3278012699769744,-0.76990267419430469,0.15112676441501788,-0.58731795428661759,0.046126648781947582,-0.36783149899818013,0.0044770016479656182,-0.12523340851146897,0.0044770015418369403,0.12523340851146886,0.046126648470800842,0.36783149899818024,0.15112676396312066,0.58731795428661748,0.32780126945447363,0.76990267419430469,0.53720498286544927,0.9041172563704748,0.69841072343440203,0.98156063424671924
70,0.46005371945194384,0,0,2.3829511047886025,0.71411256192160522,-0.98156063424671924,0.54928255509964108,-0.9041172563704748,0.33517097699493309,-0.76990267419430469,0.15452443269676036,-0.58731795428661759,0.047163679206854443,-0.36783149899818013,0.0045776546913864321,-0.12523340851146897,0.0045776545870949824,0.12523340851146886,0.047163678901317861,0.36783149899818024,0.15452443225252815,0.58731795428661748,0.33517097648097899,0.76990267419430469,0.54928255455489927,0.9041172563704748,0.71411256136582701,0.98156063424671924
71,0.45050407339355264,0,0,2.4400487080377591,0.73122332659915723,-0.98156063424671924,0.56244384793195834,-0.9041172563704748,0.34320196821712456,-0.76990267419430469,0.15822697393487545,-0.58731795428661759,0.048293762427237541,-0.36783149899818013,0.0046873393378512925,-0.12523340851146897,0.004687339235581298,0.12523340851146886,0.048293762127860032,0.36783149899818024,0.1582269734990992,0.58731795428661748,0.34320196771262257,0.76990267419430469,0.56244384739707309,0.9041172563704748,0.73122332605338913,0.98156063424671924
72,0.44020403286019566,0,0,2.5011289548721072,0.74952759281234227,-0.98156063424671924,0.57652316070682619,-0.9041172563704748,0.351793133139154,-0.76990267419430469,0.16218777298538586,-0.58731795428661759,0.049502670649644163,-0.36783149899818013,0.0048046746532382804,-0.12523340851146897,0.0048046745531558537,0.12523340851146886,0.049502670356915211,0.36783149899818024,0.16218777255878369,0.58731795428661748,0.35179313264493373,0.76990267419430469,0.57652316018267469,0.9041172563704748,0.74952759227748034,0.98156063424671924
73,0.42925596465023086,0,0,2.5654177733283423,0.76879338999747115,-0.98156063424671924,0.59134206583349902,-0.9041172563704748,0.360835595647302,-0.76990267419430469,0.16635663451253094,-0.58731795428661759,0.050775083340685,-0.36783149899818013,0.0049281736432729593,-0.12523340851146897,0.0049281735455242674,0.12523340851146886,0.050775083055030021,0.36783149899818024,0.1663566340957395,0.58731795428661748,0.36083559516410652,0.76990267419430469,0.59134206532087075,0.9041172563704748,0.7687933894743233,0.98156063424671924
74,0.41776867581736021,0,0,2.6320996988981848,0.78877634325065116,-0.98156063424671924,0.60671259452556359,-0.9041172563704748,0.3702146576117562,-0.76990267419430469,0.17068067904678577,-0.58731795428661759,0.052094860720309707,-0.36783149899818013,0.0050562697984871266,-0.12523340851146897,0.0050562697031969984,0.12523340851146886,0.052094860442085993,0.36783149899818024,0.1706806786403525,0.58731795428661748,0.37021465714023222,0.76990267419430469,0.60671259402514965,0.9041172563704748,0.7887763427399257,0.98156063424671924
75,0.40585633235627566,0,0,2.7003339435569038,0.80922448882528975,-0.98156063424671924,0.62244094079511858,-0.9041172563704748,0.37981205905551052,-0.76990267419430469,0.1751053849942881,-0.58731795428661759,0.053445361802118535,-0.36783149899818013,0.0051873479628651142,-0.12523340851146897,0.005187347870135371,0.12523340851146886,0.053445361531611599,0.36783149899818024,0.17510538459866404,0.58731795428661748,0.37981205859619871,0.76990267419430469,0.62244094030749919,0.9041172563704748,0.80922448832758365,0.98156063424671924
76,0.39363732460170597,0,0,2.7692721157902964,0.82988358439372456,-0.98156063424671924,0.63833154601063202,-0.9041172563704748,0.38950847054236554,-0.76990267419430469,0.17957573770662316,-0.58731795428661759,0.054809795110451053,-0.36783149899818013,0.0053197783740624926,-0.12523340851146897,0.0053197782839708666,0.12523340851146886,0.054809794847871698,0.36783149899818024,0.17957573732215629,0.58731795428661748,0.38950847009569212,0.76990267419430469,0.63833154553626914,0.9041172563704748,0.82988358390951433,0.98156063424671924
77,0.38123309063082417,0,0,2.8380767907261397,0.85050267406451252,-0.98156063424671924,0.65419137940827887,-0.9041172563704748,0.39918610513529862,-0.76990267419430469,0.18403743367633496,-0.58731795428661759,0.056171586222854376,-0.36783149899818013,0.0054519523366785335,-0.12523340851146897,0.0054519522492772199,0.12523340851146886,0.05617158596833615,0.36783149899818024,0.18403743330326464,0.58731795428661748,0.39918610470156785,0.76990267419430469,0.65419137894750679,0.9041172563704748,0.85050267359414478,0.98156063424671924
78,0.36876690936917583,0,0,2.9059399908247139,0.87083962659644754,-0.98156063424671924,0.66983419798668031,-0.9041172563704748,0.4087313177746334,-0.76990267419430469,0.18843807893256748,-0.58731795428661759,0.057514743542324796,-0.36783149899818013,0.0055823177237121387,-0.12523340851146897,0.005582317639027232,0.12523340851146886,0.057514743295922259,0.36783149899818024,0.18843807857101946,0.58731795428661748,0.40873131735402085,0.76990267419430469,0.66983419753969764,0.9041172563704748,0.87083962614013122,0.98156063424671924
79,0.35636267539829403,0,0,2.9721005779864176,0.89066634739071848,-0.98156063424671924,0.6850845554776519,-0.9041172563704748,0.41803705154295456,-0.76990267419430469,0.19272831684664693,-0.58731795428661759,0.058824202524174612,-0.36783149899818013,0.0057094123868479908,-0.12523340851146897,0.0057094123048784078,0.12523340851146886,0.058824202285862236,0.36783149899818024,0.19272831649663019,0.58731795428661748,0.41803705113550127,0.76990267419430469,0.68508455504451637,0.9041172563704748,0.89066634694851898,0.98156063424671924
80,0.34414366764372434,0,0,3.035859585421063,0.90977337307969519,-0.98156063424671924,0.69978133642136464,-0.9041172563704748,0.42700499414980675,-0.76990267419430469,0.19686282233980937,-0.58731795428661759,0.060086129126392891,-0.36783149899818013,0.0058318936090188088,-0.12523340851146897,0.0058318935297361901,0.12523340851146886,0.060086128896064912,0.36783149899818024,0.19686282200121413,0.58731795428661748,0.42700499375541595,0.76990267419430469,0.699781336001988,0.9041172563704748,0.90977337265152836,0.98156063424671924
81,0.33223132418263979,0,0,3.0965926307935656,0.92797359144514469,-0.98156063424671924,0.71378061746061738,-0.9041172563704748,0.43554732388701095,-0.76990267419430469,0.20080110682388502,-0.58731795428661759,0.061288165492247436,-0.36783149899818013,0.0059485619500925018,-0.12523340851146897,0.0059485618734407917,0.12523340851146886,0.061288165269718212,0.36783149899818024,0.20080110649648236,0.58731795428661748,0.43554732350544684,0.76990267419430469,0.71378061705476381,0.9041172563704748,0.92797359103077559,0.98156063424671924
82,0.32074403534976914,0,0,3.1537587405022447,0.94510488584007712,-0.98156063424671924,0.72695770138261873,-0.9041172563704748,0.44358795079637631,-0.76990267419430469,0.2045080904189121,-0.58731795428661759,0.062419604601554254,-0.36783149899818013,0.0060583781983348274,-0.12523340851146897,0.0060583781242307825,0.12523340851146886,0.062419604386559455,0.36783149899818024,0.20450809010235504,0.58731795428661748,0.44358795042726401,0.76990267419430469,0.72695770098990542,0.9041172563704748,0.94510488543911852,0.98156063424671924
83,0.30979596713980434,0,0,3.2069051603163858,0.96103157681995932,-0.98156063424671924,0.73920822599582381,-0.9041172563704748,0.45106319330384465,-0.76990267419430469,0.20795441390290287,-0.58731795428661759,0.063471485483445181,-0.36783149899818013,0.0061604726116579901,-0.12523340851146897,0.0061604725399915152,0.12523340851146886,0.06347148527564396,0.36783149899818024,0.20795441359672848,0.58731795428661748,0.45106319294667263,0.76990267419430469,0.73920822561571997,0.9041172563704748,0.96103157643187542,0.98156063424671924
84,0.29949592660644736,0,0,3.2556680066264456,0.97564461730657881,-0.98156063424671924,0.75044831424646807,-0.9041172563704748,0.45792186982026345,-0.76990267419430469,0.21111648094270016,-0.58731795428661759,0.064436606105997218,-0.36783149899818013,0.0062541461686744237,-0.12523340851146897,0.006254146099309619,0.12523340851146886,0.064436605904975394,0.36783149899818024,0.21111648064633351,0.58731795428661748,0.45792186947438762,0.76990267419430469,0.75044831387830213,0.9041172563704748,0.97564461693068705,0.98156063424671924
85,0.28994628054805616,0,0,3.2997688995876922,0.98886058362297324,-0.98156063424671924,0.76061379814076402,-0.9041172563704748,0.46412482518045794,-0.76990267419430469,0.21397623976739499,-0.58731795428661759,0.065309456738971677,-0.36783149899818013,0.0063388641009573575,-0.12523340851146897,0.0063388640337335824,0.12523340851146886,0.065309456544245401,0.36783149899818024,0.21397623948015501,0.58731795428661748,0.46412482484510825,0.76990267419430469,0.76061379778372851,0.9041172563704748,0.98886058325845272,0.98156063424671924
86,0.28124193825791566,0,0,3.3390079895318889,1.0006195856784172,-0.98156063424671924,0.76965861129672664,-0.9041172563704748,0.46964394978197876,-0.76990267419430469,0.2165207309602325,-0.58731795428661759,0.066086081931643045,-0.36783149899818013,0.0064142424967591483,-0.12523340851146897,0.0064142424314927431,0.12523340851146886,0.066086081742663463,0.36783149899818024,0.21652073068133845,0.58731795428661748,0.46964394945626653,0.76990267419430469,0.76965861094988774,0.9041172563704748,1.0006195853243165,0.98156063424671924
87,0.2734694085278197,0,0,3.3732540195973568,1.0108822889800466,-0.98156063424671924,0.77755249832901008,-0.9041172563704748,0.47446078185689039,-0.76990267419430469,0.21874144306164914,-0.58731795428661759,0.066763883831074441,-0.36783149899818013,0.0064800292112973971,-0.12523340851146897,0.0064800291477833984,0.12523340851146886,0.066763883647233055,0.36783149899818024,0.21874144279022889,0.58731795428661748,0.47446078153981713,0.76990267419430469,0.77755249799131743,0.9041172563704748,1.0108822886352933,0.98156063424671924
88,0.26670594049841556,0,0,3.4024322441363202,1.0196262940730239,-0.98156063424671924,0.78427822997931973,-0.9041172563704748,0.47856480815062419,-0.76990267419430469,0.22063352912841816,-0.58731795428661759,0.067341383061657017,-0.36783149899818013,0.0065360806579830696,-0.12523340851146897,0.0065360805959974542,0.12523340851146886,0.06734138288229187,0.36783149899818024,0.22063352886351734,0.58731795428661748,0.47856480784109351,0.76990267419430469,0.7842782296496158,0.9041172563704748,1.0196262937364367,0.98156063424671924
89,0.26101875761703353,0,0,3.4265111331984484,1.02684215219723,-0.98156063424671924,0.7898285384311049,-0.9041172563704748,0.48195159385791281,-0.76990267419430469,0.22219494457490296,-0.58731795428661759,0.067817955578510739,-0.36783149899818013,0.0065823362676978667,-0.12523340851146897,0.0065823362069998672,0.12523340851146886,0.06781795540291298,0.36783149899818024,0.22219494431549494,0.58731795428661748,0.48195159355474232,0.76990267419430469,0.7898285381081398,0.9041172563704748,1.0268421518675326,0.98156063424671924
90,0.25646439519784592,0,0,3.4454888295534181,1.0325293067859118,-0.98156063424671924,0.79420299558322383,-0.9041172563704748,0.48462087775241419,-0.76990267419430469,0.2234255689674986,-0.58731795428661759,0.068193564623104594,-0.36783149899818013,0.0066187924726981602,-0.12523340851146897,0.0066187924130329482,0.12523340851146886,0.068193564450526226,0.36783149899818024,0.22342556871249586,0.58731795428661748,0.48462087745434868,0.76990267419430469,0.7942029952656684,0.9041172563704748,1.0325293064617465,0.98156063424671924
91,0.25308816368966136,0,0,3.4593802528599813,1.0366922288984144,-0.98156063424671924,0.7974050404942169,-0.9041172563704748,0.48657475833990865,-0.76990267419430469,0.22432636978382284,-0.58731795428661759,0.068468505487285863,-0.36783149899818013,0.0066454779336892244,-0.12523340851146897,0.0066454778747905624,0.12523340851146886,0.068468505316947287,0.36783149899818024,0.22432636953208987,0.58731795428661748,0.48657475804563394,0.76990267419430469,0.79740504018068092,0.9041172563704748,1.036692228578358,0.98156063424671924
92,0.25092388325340481,0,0,3.4682051612703559,1.0393368395730267,-0.98156063424671924,0.79943922752038254,-0.9041172563704748,0.48781601467835117,-0.76990267419430469,0.2248986282575933,-0.58731795428661759,0.068643169226994025,-0.36783149899818013,0.0066624306061351564,-0.12523340851146897,0.0066624305477282937,0.12523340851146886,0.068643169058091896,0.36783149899818024,0.22489862800795812,0.58731795428661748,0.48781601438650918,0.76990267419430469,0.79943922720942695,0.9041172563704748,1.0393368392556077,0.98156063424671924
93,0.25,0,0,3.4719531906757846,1.0404600329381462,-0.98156063424671924,0.80030316768107745,-0.9041172563704748,0.48834318901714202,-0.76990267419430469,0.22514167231963192,-0.58731795428661759,0.068717350714442321,-0.36783149899818013,0.0066696305805565874,-0.12523340851146897,0.0066696305223597719,0.12523340851146886,0.068717350546153549,0.36783149899818024,0.22514167207089272,0.58731795428661748,0.48834318872633903,0.76990267419430469,0.80030316737122398,0.9041172563704748,1.0404600326218538,0.98156063424671924
94,0.24907611674659519,0,0,3.4756897380895442,1.0415797854292823,-0.98156063424671924,0.80116446118331175,-0.9041172563704748,0.48886874837090505,-0.76990267419430469,0.22538397182243708,-0.58731795428661759,0.068791304948811305,-0.36783149899818013,0.0066768084980414677,-0.12523340851146897,0.0066768084400547585,0.12523340851146886,0.068791304781135959,0.36783149899818024,0.22538397157459422,0.58731795428661748,0.4888687480811415,0.76990267419430469,0.80116446087456117,0.9041172563704748,1.0415797851141173,0.98156063424671924
95,0.24691183631033864,0,0,3.4843978419878172,1.044189392629024,-0.98156063424671924,0.8031717241653652,-0.9041172563704748,0.49009357571830975,-0.76990267419430469,0.22594865601114436,-0.58731795428661759,0.068963656878354346,-0.36783149899818013,0.0066935367887088299,-0.12523340851146897,0.0066935367312145029,0.12523340851146886,0.068963656712116336,0.36783149899818024,0.22594865576540249,0.58731795428661748,0.49009357543098303,0.76990267419430469,0.80317172385919977,0.9041172563704748,1.0441893923165018,0.98156063424671924
96,0.24353560480215405,0,0,3.4978554355386677,1.0482223065022971,-0.98156063424671924,0.80627376907404791,-0.9041172563704748,0.49198643652976803,-0.76990267419430469,0.22682132477863362,-0.58731795428661759,0.069230011327326549,-0.36783149899818013,0.0067193888615847391,-0.12523340851146897,0.0067193888048590836,0.12523340851146886,0.069230011163331731,0.36783149899818024,0.22682132453617196,0.58731795428661748,0.49198643624624683,0.76990267419430469,0.80627376877192058,0.9041172563704748,1.0482223061939027,0.98156063424671924
97,0.23898124238296647,0,0,3.5157621550964415,1.0535885153609414,-0.98156063424671924,0.81040136053568812,-0.9041172563704748,0.49450508353630973,-0.76990267419430469,0.22798250079623167,-0.58731795428661759,0.069584423459217018,-0.36783149899818013,0.0067537877173077243,-0.12523340851146897,0.0067537876616200667,0.12523340851146886,0.069584423298249889,0.36783149899818024,0.22798250055819999,0.58731795428661748,0.49450508325793036,0.76990267419430469,0.81040136023901754,0.9041172563704748,1.0535885150581252,0.98156063424671924
98,0.23329405950158444,0,0,3.5377206178178255,1.0601689332200535,-0.98156063424671924,0.81546289974981589,-0.9041172563704748,0.49759362335633522,-0.76990267419430469,0.22940641544526527,-0.58731795428661759,0.070019028220881158,-0.36783149899818013,0.0067959699823795005,-0.12523340851146897,0.0067959699279897317,0.12523340851146886,0.070019028063697641,0.36783149899818024,0.22940641521277338,0.58731795428661748,0.49759362308438998,0.76990267419430469,0.81546289945997408,0.9041172563704748,1.0601689329242188,0.98156063424671924
99,0.2265305914721803,0,0,3.5632457962061999,1.067818209121203,-0.98156063424671924,0.82134658537011596,-0.9041172563704748,0.50118383506030406,-0.76990267419430469,0.23106161671713218,-0.58731795428661759,0.070524225884747133,-0.36783149899818013,0.0068450039176893036,-0.12523340851146897,0.0068450038648455195,0.12523340851146886,0.070524225732067278,0.36783149899818024,0.2310616164912401,0.58731795428661748,0.50118383479602879,0.76990267419430469,0.82134658508841663,0.9041172563704748,1.0678182088336938,0.98156063424671924
100,0.21875806174208434,0,0,3.5917777011748524,1.0763685279383839,-0.98156063424671924,0.82792333701609311,-0.9041172563704748,0.50519695409096343,-0.76990267419430469,0.23291179165701129,-0.58731795428661759,0.071088933073659877,-0.36783149899818013,0.0068998137827119155,-0.12523340851146897,0.0068998137316479352,0.12523340851146886,0.071088932926160864,0.36783149899818024,0.23291179143871871,0.58731795428661748,0.50519695383552599,0.76990267419430469,0.82792333674377905,0.9041172563704748,1.0763685276604724,0.98156063424671924
101,0.21005371945194384,0,0,3.6226966649827732,1.0856341903026192,-0.98156063424671924,0.83505031806881014,-0.9041172563704748,0.5095458218653669,-0.76990267419430469,0.23491675739845641,-0.58731795428661759,0.07170088524274279,-0.36783149899818013,0.0069592091940677307,-0.12523340851146897,0.006959209145000895,0.12523340851146886,0.071700885101052339,0.36783149899818024,0.23491675718869295,0.58731795428661748,0.50954582161985573,0.76990267419430469,0.83505031780704109,0.9041172563704748,1.0856341900354922,0.98156063424671924
102,0.20050407339355264,0,0,3.6553408939776881,1.0954168727326572,-0.98156063424671924,0.84257498166893274,-0.9041172563704748,0.51413735463376453,-0.76990267419430469,0.23703359938551655,-0.58731795428661759,0.072346984085581142,-0.36783149899818013,0.0070219188443888785,-0.12523340851146897,0.0070219187975176971,0.12523340851146886,0.072346983950271171,0.36783149899818024,0.237033599185132,0.58731795428661748,0.51413735439917718,0.76990267419430469,0.84257498141877341,0.9041172563704748,1.0954168724774049,0.98156063424671924
103,0.19020403286019566,0,0,3.6890258601740209,1.1055114388198282,-0.98156063424671924,0.85033954057573791,-0.9041172563704748,0.51887527097749342,-0.76990267419430469,0.23921792883562423,-0.58731795428661759,0.073013681334866493,-0.36783149899818013,0.0070866277535919907,-0.12523340851146897,0.0070866277090942615,0.12523340851146886,0.073013681206447287,0.36783149899818024,0.23921792864537966,0.58731795428661748,0.51887527075472595,0.76990267419430469,0.85033954033814507,0.9041172563704748,1.1055114385774318,0.98156063424671924
104,0.17925596465023086,0,0,3.7230649468794796,1.1157121262208067,-0.98156063424671924,0.85818572609080934,-0.9041172563704748,0.52366299569349306,-0.76990267419430469,0.24142522152230381,-0.58731795428661759,0.073687387383335745,-0.36783149899818013,0.0071520169291822066,-0.12523340851146897,0.0071520168872128862,0.12523340851146886,0.073687387262250562,0.36783149899818024,0.24142522134286318,0.58731795428661748,0.52366299548332951,0.76990267419430469,0.85818572586662201,0.9041172563704748,1.1157121259921274,0.98156063424671924
105,0.16776867581736019,0,0,3.756790611710437,1.125818888699232,-0.98156063424671924,0.86595966624253107,-0.9041172563704748,0.52840663645148844,-0.76990267419430469,0.24361219010838284,-0.58731795428661759,0.074354890144936625,-0.36783149899818013,0.0072168040204621869,-0.12523340851146897,0.0072168039811518784,0.12523340851146886,0.074354890031557055,0.36783149899818024,0.24361218994030562,0.58731795428661748,0.52840663625459194,0.76990267419430469,0.865959666032461,0.9041172563704748,1.1258188884849993,0.98156063424671924
106,0.15585633235627566,0,0,3.7895752062441272,1.1356436352697166,-0.98156063424671924,0.87351668482358691,-0.9041172563704748,0.53301791215585714,-0.76990267419430469,0.24573813421353477,-0.58731795428661759,0.075003767120104439,-0.36783149899818013,0.00727978331314007,-0.12523340851146897,0.0072797832765932047,0.12523340851146886,0.075003767014726261,0.36783149899818024,0.24573813405726927,0.58731795428661748,0.53301791197276183,0.76990267419430469,0.87351668462820764,0.9041172563704748,1.1356436350705201,0.98156063424671924
107,0.14363732460170595,0,0,3.820850515464846,1.1450160856952183,-0.98156063424671924,0.88072580533435973,-0.9041172563704748,0.53741690124174024,-0.76990267419430469,0.24776620746580574,-0.58731795428661759,0.075622772123034254,-0.36783149899818013,0.0073398632646577942,-0.12523340851146897,0.0073398632309517216,0.12523340851146886,0.075622772025874183,0.36783149899818024,0.24776620732168358,0.58731795428661748,0.53741690107284357,0.76990267419430469,0.88072580515409926,0.9041172563704748,1.1450160855115001,0.98156063424671924
108,0.13123309063082417,0,0,3.8501250672706711,1.1537889577257228,-0.98156063424671924,0.88747374091374698,-0.9041172563704748,0.54153447632183271,-0.76990267419430469,0.24966453995087412,-0.58731795428661759,0.076202177873699775,-0.36783149899818013,0.0073960997558004992,-0.12523340851146897,0.0073960997249840751,0.12523340851146886,0.076202177784892716,0.36783149899818024,0.24966453981910544,0.58731795428661748,0.54153447616739003,0.76990267419430469,0.88747374074888241,0.9041172563704748,1.1537889575577698,0.98156063424671924
109,0.11876690936917583,0,0,3.8769983211032786,1.1618422190859243,-0.98156063424671924,0.89366816489170875,-0.9041172563704748,0.54531429987017899,-0.76990267419430469,0.25140715828546972,-0.58731795428661759,0.076734056821068888,-0.36783149899818013,0.0074477233470922289,-0.12523340851146897,0.0074477233191855442,0.12523340851146886,0.076734056740666176,0.36783149899818024,0.25140715816614018,0.58731795428661748,0.54531429973029932,0.76990267419430469,0.89366816474236155,0.9041172563704748,1.1618422189338631,0.98156063424671924
110,0.10636267539829405,0,0,3.9011709756942623,1.1690861764564042,-0.98156063424671924,0.8992400867781003,-0.9041172563704748,0.54871427404520257,-0.76990267419430469,0.25297465403169639,-0.58731795428661759,0.077212485155365204,-0.36783149899818013,0.0074941590800048502,-0.12523340851146897,0.0074941590549984305,0.12523340851146886,0.077212485083333837,0.36783149899818024,0.25297465392476576,0.58731795428661748,0.54871427391984706,0.76990267419430469,0.89924008664423316,0.9041172563704748,1.1690861763201958,0.98156063424671924
111,0.094143667643724338,0,0,3.9224508310990545,1.1754632321827871,-0.98156063424671924,0.90414520349180538,-0.9041172563704748,0.5517073652066774,-0.76990267419430469,0.2543545638254629,-0.58731795428661759,0.077633658830209215,-0.36783149899818013,0.0075350377379406648,-0.12523340851146897,0.0075350377157958016,0.12523340851146886,0.077633658766432204,0.36783149899818024,0.25435456373076493,0.58731795428661748,0.55170736509565821,0.76990267419430469,0.90414520337322313,0.9041172563704748,1.1754632320622316,0.98156063424671924
112,0.082231324182639814,0,0,3.9407538842468277,1.1809482125854383,-0.98156063424671924,0.90836415189065423,-0.9041172563704748,0.55428175800891477,-0.76990267419430469,0.25554144041832072,-0.58731795428661759,0.077995915245885492,-0.36783149899818013,0.0075701979507872084,-0.12523340851146897,0.0075701979314358346,0.12523340851146886,0.077995915190162357,0.36783149899818024,0.25554144033556464,0.58731795428661748,0.55428175791189715,0.76990267419430469,0.90836415178700292,0.9041172563704748,1.1809482124801751,0.98156063424671924
113,0.070744035349769141,0,0,3.9561006092597419,1.1855472532614963,-0.98156063424671924,0.91190165136576995,-0.9041172563704748,0.55644033221376576,-0.76990267419430469,0.25653661147169277,-0.58731795428661759,0.078299659628934176,-0.36783149899818013,0.0075996790494000915,-0.12523340851146897,0.007599679032745805,0.12523340851146886,0.078299659580983033,0.36783149899818024,0.25653661140046563,0.58731795428661748,0.55644033213027111,0.76990267419430469,0.91190165127654099,0.9041172563704748,1.1855472531710065,0.98156063424671924
114,0.05979596713980434,0,0,3.9686076500367373,1.1892953095540399,-0.98156063424671924,0.91478458893917014,-0.9041172563704748,0.5581994942214934,-0.76990267419430469,0.25734764085560674,-0.58731795428661759,0.078547200610683571,-0.36783149899818013,0.0076237051070344938,-0.12523340851146897,0.0076237050929531909,0.12523340851146886,0.078547200570143999,0.36783149899818024,0.25734764079537775,0.58731795428661748,0.55819949415090331,0.76990267419430469,0.91478458886370484,0.9041172563704748,1.1892953094776506,0.98156063424671924
115,0.04949592660644736,0,0,3.9784754095141048,1.1922524373549612,-0.98156063424671924,0.91705915852414344,-0.9041172563704748,0.55958743145390166,-0.76990267419430469,0.25798752386404572,-0.58731795428661759,0.078742504592273277,-0.36783149899818013,0.007642661098280934,-0.12523340851146897,0.0076426610866223788,0.12523340851146886,0.078742504558710014,0.36783149899818024,0.25798752381417162,0.58731795428661748,0.55958743139546441,0.76990267419430469,0.91705915846164154,0.9041172563704748,1.1922524372918528,0.98156063424671924
116,0.039946280548056157,0,0,3.985972237188451,1.1944990544897138,-0.98156063424671924,0.91878721606751823,-0.9041172563704748,0.56064188827036199,-0.76990267419430469,0.25847366184181375,-0.58731795428661759,0.078890882782041996,-0.36783149899818013,0.007657062523254537,-0.12523340851146897,0.0076570625138436699,0.12523340851146886,0.078890882754949251,0.36783149899818024,0.2584736618015458,0.58731795428661748,0.56064188822319982,0.76990267419430469,0.91878721601704538,0.9041172563704748,1.1944990544389289,0.98156063424671924
117,0.031241938257915658,0,0,3.9914160789305564,1.1961304416122889,-0.98156063424671924,0.92004204973685522,-0.9041172563704748,0.56140758494556819,-0.76990267419430469,0.25882667225155886,-0.58731795428661759,0.078998628006244964,-0.36783149899818013,0.0076675201568377543,-0.12523340851146897,0.0076675201494767311,0.12523340851146886,0.078998627985051653,0.36783149899818024,0.2588266722200504,0.58731795428661748,0.56140758490868936,0.76990267419430469,0.92004204969735393,0.9041172563704748,1.1961304415727438,0.98156063424671924
118,0.023469408527819702,0,0,3.9951545526751815,1.197250771373451,-0.98156063424671924,0.92090378726390831,-0.9041172563704748,0.56193341524086937,-0.76990267419430469,0.25906909666542116,-0.58731795428661759,0.079072620364502397,-0.36783149899818013,0.0076747017740269987,-0.12523340851146897,0.0076747017684970324,0.12523340851146886,0.07907262034857801,0.36783149899818024,0.25906909664173666,0.58731795428661748,0.56193341521317675,0.76990267419430469,0.92090378723420818,0.9041172563704748,1.197250771343948,0.98156063424671924
119,0.016705940498415561,0,0,3.9975444492062366,1.1979669653040208,-0.98156063424671924,0.92145467076959175,-0.9041172563704748,0.56226956311311393,-0.76990267419430469,0.25922407147651516,-0.58731795428661759,0.079119921506660529,-0.36783149899818013,0.0076792927708854977,-0.12523340851146897,0.0076792927669493338,0.12523340851146886,0.079119921495321682,0.36783149899818024,0.25922407145964038,0.58731795428661748,0.56226956309341669,0.76990267419430469,0.9214546707484238,0.9041172563704748,1.1979669652832594,0.98156063424671924
120,0.011018757617033526,0,0,3.9989316343070365,1.1983826709775238,-0.98156063424671924,0.92177442410567678,-0.9041172563704748,0.56246467587699134,-0.76990267419430469,0.25931402463726322,-0.58731795428661759,0.079147376853522994,-0.36783149899818013,0.0076819575565199513,-0.12523340851146897,0.0076819575539241987,0.12523340851146886,0.079147376846040132,0.36783149899818024,0.25931402462611508,0.58731795428661748,0.56246467586401794,0.76990267419430469,0.92177442409168431,0.9041172563704748,1.1983826709641145,0.98156063424671924
121,0.0064643951978459457,0,0,3.9996322571015721,1.1985926306065573,-0.98156063424671924,0.9219359212802698,-0.9041172563704748,0.56256322108802337,-0.76990267419430469,0.25935945709876324,-0.58731795428661759,0.079161243669884862,-0.36783149899818013,0.0076833034542533847,-0.12523340851146897,0.0076833034527312265,0.12523340851146886,0.079161243665490072,0.36783149899818024,0.2593594570922011,0.58731795428661748,0.56256322108043466,0.76990267419430469,0.92193592127202439,0.9041172563704748,1.198592630599036,0.98156063424671924
122,0.0030881636896613607,0,0,3.9999160622217143,1.1986776801046806,-0.98156063424671924,0.92200133982605259,-0.9041172563704748,0.5626031393365315,-0.76990267419430469,0.25937786067448831,-0.58731795428661759,0.079166860776765352,-0.36783149899818013,0.0076838486442535534,-0.12523340851146897,0.0076838486435273391,0.12523340851146886,0.079166860774659981,0.36783149899818024,0.25937786067132607,0.58731795428661748,0.56260313933293415,0.76990267419430469,0.92200133982206833,0.9041172563704748,1.198677680101524,0.98156063424671924
123,0.00092388325340481137,0,0,3.9999924738225641,1.1987005788038636,-0.98156063424671924,0.92201895309385118,-0.9041172563704748,0.56261388691240199,-0.76990267419430469,0.25938281564676768,-0.58731795428661759,0.079168373124420918,-0.36783149899818013,0.0076839954308889243,-0.12523340851146897,0.0076839954306729755,0.12523340851146886,0.079168373123783276,0.36783149899818024,0.25938281564578525,0.58731795428661748,0.56261388691136327,0.76990267419430469,0.92201895309259807,0.9041172563704748,1.1987005788035034,0.98156063424671924
124,0,0,0,3.9999999851487784,1.1987028297652682,-0.98156063424671924,0.92202068449280628,-0.9041172563704748,0.56261494340795204,-0.76990267419430469,0.25938330272445459,-0.58731795428661759,0.079168521789257637,-0.36783149899818013,0.0076840098600578517,-0.12523340851146897,0.0076840098600597451,0.12523340851146886,0.079168521789246549,0.36783149899818024,0.2593833027244028,0.58731795428661748,0.56261494340800544,0.76990267419430469,0.92202068449271857,0.9041172563704748,1.1987028297661007,0.98156063424671924
125,-0.00092388325340482524,0,0,3.9999924738225623,1.1987005788026701,-0.98156063424671924,0.92201895309268489,-0.9041172563704748,0.56261388691130965,-0.76990267419430469,0.25938281564583671,-0.58731795428661759,0.079168373123794294,-0.36783149899818013,0.0076839954306711115,-0.12523340851146897,0.0076839954308908472,0.12523340851146886,0.07916837312440983,0.36783149899818024,0.25938281564671545,0.58731795428661748,0.56261388691245551,0.76990267419430469,0.92201895309376325,0.9041172563704748,1.1987005788046949,0.98156063424671924
126,-0.0030881636896613468,0,0,3.999916062221708,1.1986776801006891,-0.98156063424671924,0.9220013398221536,-0.9041172563704748,0.56260313933288064,-0.76990267419430469,0.25937786067137669,-0.58731795428661759,0.079166860774670916,-0.36783149899818013,0.0076838486435255307,-0.12523340851146897,0.0076838486442555552,0.12523340851146886,0.079166860776754375,0.36783149899818024,0.25937786067443558,0.58731795428661748,0.56260313933658568,0.76990267419430469,0.92200133982596311,0.9041172563704748,1.1986776801055075,0.98156063424671924
127,-0.0064643951978459457,0,0,3.9996322571015623,1.1985926305982015,-0.98156063424671924,0.92193592127210866,-0.9041172563704748,0.5625632210803817,-0.76990267419430469,0.25935945709225044,-0.58731795428661759,0.079161243665500841,-0.36783149899818013,0.0076833034527295065,-0.12523340851146897,0.0076833034542555341,0.12523340851146886,0.079161243669874218,0.36783149899818024,0.25935945709871039,0.58731795428661748,0.56256322108807899,0.76990267419430469,0.92193592128017887,0.9041172563704748,1.1985926306073775,0.98156063424671924
128,-0.011018757617033512,0,0,3.9989316343070271,1.1983826709632823,-0.98156063424671924,0.92177442409176802,-0.9041172563704748,0.56246467586396642,-0.76990267419430469,0.25931402462616315,-0.58731795428661759,0.07914737684605061,-0.36783149899818013,0.007681957553922595,-0.12523340851146897,0.0076819575565223114,0.12523340851146886,0.079147376853512821,0.36783149899818024,0.25931402463721093,0.58731795428661748,0.56246467587704896,0.76990267419430469,0.92177442410558441,0.9041172563704748,1.1983826709783358,0.98156063424671924
129,-0.016705940498415561,0,0,3.9975444492062322,1.1979669652824316,-0.98156063424671924,0.92145467074850795,-0.9041172563704748,0.56226956309336773,-0.76990267419430469,0.25922407145968751,-0.58731795428661759,0.079119921495331882,-0.36783149899818013,0.0076792927669478662,-0.12523340851146897,0.0076792927708881215,0.12523340851146886,0.079119921506650939,0.36783149899818024,0.25922407147646415,0.58731795428661748,0.56226956311317422,0.76990267419430469,0.92145467076949872,0.9041172563704748,1.1979669653048235,0.98156063424671924
130,-0.023469408527819702,0,0,3.9951545526751859,1.1972507713431262,-0.98156063424671924,0.92090378723429356,-0.9041172563704748,0.56193341521313145,-0.76990267419430469,0.25906909664178268,-0.58731795428661759,0.079072620348588044,-0.36783149899818013,0.0076747017684957314,-0.12523340851146897,0.0076747017740299208,0.12523340851146886,0.079072620364493362,0.36783149899818024,0.25906909666537159,0.58731795428661748,0.5619334152409331,0.76990267419430469,0.92090378726381505,0.9041172563704748,1.1972507713742442,0.98156063424671924
131,-0.031241938257915644,0,0,3.9914160789305706,1.1961304415719283,-0.98156063424671924,0.92004204969744008,-0.9041172563704748,0.56140758490864873,-0.76990267419430469,0.25882667222009492,-0.58731795428661759,0.07899862798506159,-0.36783149899818013,0.0076675201494756399,-0.12523340851146897,0.0076675201568410052,0.12523340851146886,0.07899862800623661,0.36783149899818024,0.25882667225151074,0.58731795428661748,0.5614075849456357,0.76990267419430469,0.92004204973676185,0.9041172563704748,1.1961304416130716,0.98156063424671924
132,-0.039946280548056143,0,0,3.9859722371884776,1.1944990544381207,-0.98156063424671924,0.91878721601713342,-0.9041172563704748,0.56064188822316496,-0.76990267419430469,0.25847366180158876,-0.58731795428661759,0.07889088275495923,-0.36783149899818013,0.0076570625138428624,-0.12523340851146897,0.0076570625232581383,0.12523340851146886,0.078890882782034516,0.36783149899818024,0.25847366184176684,0.58731795428661748,0.56064188827043404,0.76990267419430469,0.91878721606742575,0.9041172563704748,1.1944990544904859,0.98156063424671924
133,-0.04949592660644736,0,0,3.9784754095141444,1.1922524372910523,-0.98156063424671924,0.9170591584617318,-0.9041172563704748,0.55958743139543543,-0.76990267419430469,0.25798752381421297,-0.58731795428661759,0.078742504558720033,-0.36783149899818013,0.0076426610866219174,-0.12523340851146897,0.0076426610982848935,0.12523340851146886,0.078742504592266602,0.36783149899818024,0.25798752386400003,0.58731795428661748,0.5595874314539786,0.76990267419430469,0.91705915852405206,0.9041172563704748,1.1922524373557215,0.98156063424671924
134,-0.05979596713980434,0,0,3.9686076500367884,1.1892953094768577,-0.98156063424671924,0.9147845888637971,-0.9041172563704748,0.5581994941508801,-0.76990267419430469,0.25734764079541733,-0.58731795428661759,0.078547200570153991,-0.36783149899818013,0.0076237050929531111,-0.12523340851146897,0.007623705107038815,0.12523340851146886,0.078547200610677645,0.36783149899818024,0.25734764085556228,0.58731795428661748,0.55819949422157389,0.76990267419430469,0.91478458893907921,0.9041172563704748,1.1892953095547858,0.98156063424671924
135,-0.070744035349769141,0,0,3.9561006092598006,1.18554725317022,-0.98156063424671924,0.91190165127663447,-0.9041172563704748,0.55644033213025335,-0.76990267419430469,0.25653661140050327,-0.58731795428661759,0.078299659580992997,-0.36783149899818013,0.0075996790327461207,-0.12523340851146897,0.0075996790494047778,0.12523340851146886,0.078299659628928958,0.36783149899818024,0.2565366114716493,0.58731795428661748,0.55644033221384981,0.76990267419430469,0.91190165136567869,0.9041172563704748,1.1855472532622253,0.98156063424671924
136,-0.082231324182639814,0,0,3.9407538842468957,1.1809482124793964,-0.98156063424671924,0.90836415178709851,-0.9041172563704748,0.55428175791188528,-0.76990267419430469,0.25554144033560033,-0.58731795428661759,0.077995915190172349,-0.36783149899818013,0.0075701979314365788,-0.12523340851146897,0.0075701979507922668,0.12523340851146886,0.077995915245880995,0.36783149899818024,0.25554144041827825,0.58731795428661748,0.55428175800900248,0.76990267419430469,0.90836415189056285,0.9041172563704748,1.180948212586151,0.98156063424671924
137,-0.094143667643724338,0,0,3.9224508310991335,1.1754632320614615,-0.98156063424671924,0.90414520337332194,-0.9041172563704748,0.5517073650956521,-0.76990267419430469,0.25435456373079868,-0.58731795428661759,0.077633658766442223,-0.36783149899818013,0.0075350377157969968,-0.12523340851146897,0.007535037737946098,0.12523340851146886,0.077633658830205385,0.36783149899818024,0.25435456382542132,0.58731795428661748,0.55170736520676877,0.76990267419430469,0.9041452034917139,0.9041172563704748,1.1754632321834855,0.98156063424671924
138,-0.10636267539829405,0,0,3.901170975694352,1.1690861763194338,-0.98156063424671924,0.89924008664433475,-0.9041172563704748,0.54871427391984684,-0.76990267419430469,0.25297465392479751,-0.58731795428661759,0.077212485083343829,-0.36783149899818013,0.0074941590550000733,-0.12523340851146897,0.0074941590800106607,0.12523340851146886,0.077212485155361998,0.36783149899818024,0.25297465403165575,0.58731795428661748,0.5487142740452976,0.76990267419430469,0.89924008677800826,0.9041172563704748,1.1690861764570883,0.98156063424671924
139,-0.11876690936917585,0,0,3.8769983211033758,1.1618422189331092,-0.98156063424671924,0.8936681647424648,-0.9041172563704748,0.54531429973030532,-0.76990267419430469,0.25140715816616988,-0.58731795428661759,0.076734056740676085,-0.36783149899818013,0.0074477233191876258,-0.12523340851146897,0.007447723347098421,0.12523340851146886,0.076734056821066349,0.36783149899818024,0.25140715828542987,0.58731795428661748,0.54531429987027702,0.76990267419430469,0.89366816489161605,0.9041172563704748,1.1618422190865936,0.98156063424671924
140,-0.13123309063082417,0,0,3.8501250672707763,1.1537889575570255,-0.98156063424671924,0.88747374074898822,-0.9041172563704748,0.54153447616740213,-0.76990267419430469,0.24966453981913311,-0.58731795428661759,0.076202177784902611,-0.36783149899818013,0.0073960997249865653,-0.12523340851146897,0.0073960997558070842,0.12523340851146886,0.076202177873697749,0.36783149899818024,0.24966453995083462,0.58731795428661748,0.54153447632193341,0.76990267419430469,0.88747374091365416,0.9041172563704748,1.1537889577263754,0.98156063424671924
141,-0.14363732460170595,0,0,3.8208505154649601,1.1450160855107658,-0.98156063424671924,0.88072580515420784,-0.9041172563704748,0.53741690107286211,-0.76990267419430469,0.24776620732170934,-0.58731795428661759,0.075622772025884147,-0.36783149899818013,0.0073398632309545856,-0.12523340851146897,0.0073398632646648155,0.12523340851146886,0.075622772123032561,0.36783149899818024,0.24776620746576639,0.58731795428661748,0.53741690124184371,0.76990267419430469,0.88072580533426681,0.9041172563704748,1.1450160856958549,0.98156063424671924
142,-0.15585633235627566,0,0,3.7895752062442525,1.135643635069794,-0.98156063424671924,0.87351668462832011,-0.9041172563704748,0.53301791197278747,-0.76990267419430469,0.24573813405729353,-0.58731795428661759,0.075003767014736433,-0.36783149899818013,0.0072797832765964451,-0.12523340851146897,0.0072797833131475389,0.12523340851146886,0.07500376712010326,0.36783149899818024,0.24573813421349558,0.58731795428661748,0.53301791215596317,0.76990267419430469,0.87351668482349332,0.9041172563704748,1.1356436352703383,0.98156063424671924
143,-0.16776867581736019,0,0,3.7567906117105725,1.1258188884842795,-0.98156063424671924,0.86595966603257857,-0.9041172563704748,0.5284066362546247,-0.76990267419430469,0.24361218994032827,-0.58731795428661759,0.074354890031567464,-0.36783149899818013,0.0072168039811554953,-0.12523340851146897,0.0072168040204700946,0.12523340851146886,0.074354890144936056,0.36783149899818024,0.24361219010834376,0.58731795428661748,0.52840663645159636,0.76990267419430469,0.86595966624243748,0.9041172563704748,1.1258188886998393,0.98156063424671924
144,-0.17925596465023086,0,0,3.7230649468796275,1.1157121259914149,-0.98156063424671924,0.85818572586674546,-0.9041172563704748,0.52366299548336925,-0.76990267419430469,0.24142522134288427,-0.58731795428661759,0.073687387262261247,-0.36783149899818013,0.0071520168872168787,-0.12523340851146897,0.0071520169291905316,0.12523340851146886,0.073687387383335759,0.36783149899818024,0.24142522152226498,0.58731795428661748,0.52366299569360308,0.76990267419430469,0.85818572609071664,0.9041172563704748,1.1157121262213998,0.98156063424671924
145,-0.19020403286019566,0,0,3.6890258601741777,1.1055114385767248,-0.98156063424671924,0.85033954033827241,-0.9041172563704748,0.51887527075477202,-0.76990267419430469,0.23921792864539926,-0.58731795428661759,0.073013681206458181,-0.36783149899818013,0.0070866277090986278,-0.12523340851146897,0.0070866277536006947,0.12523340851146886,0.073013681334866923,0.36783149899818024,0.23921792883558551,0.58731795428661748,0.51887527097760544,0.76990267419430469,0.85033954057564476,0.9041172563704748,1.1055114388204075,0.98156063424671924
146,-0.20050407339355264,0,0,3.6553408939778556,1.0954168724767037,-0.98156063424671924,0.84257498141890486,-0.9041172563704748,0.5141373543992297,-0.76990267419430469,0.23703359918515074,-0.58731795428661759,0.072346983950282426,-0.36783149899818013,0.0070219187975224624,-0.12523340851146897,0.0070219188443979268,0.12523340851146886,0.072346984085581975,0.36783149899818024,0.23703359938547816,0.58731795428661748,0.51413735463387888,0.76990267419430469,0.84257498166883926,0.9041172563704748,1.095416872733225,0.98156063424671924
147,-0.21005371945194384,0,0,3.6226966649829544,1.0856341900347957,-0.98156063424671924,0.83505031780717798,-0.9041172563704748,0.50954582161991457,-0.76990267419430469,0.23491675718871136,-0.58731795428661759,0.071700885101064066,-0.36783149899818013,0.0069592091450060732,-0.12523340851146897,0.0069592091940770661,0.12523340851146886,0.071700885242744025,0.36783149899818024,0.2349167573984185,0.58731795428661748,0.50954582186548369,0.76990267419430469,0.83505031806871699,0.9041172563704748,1.0856341903031763,0.98156063424671924
148,-0.21875806174208434,0,0,3.5917777011750478,1.0763685276597796,-0.98156063424671924,0.82792333674392204,-0.9041172563704748,0.50519695383559082,-0.76990267419430469,0.23291179143873703,-0.58731795428661759,0.071088932926173062,-0.36783149899818013,0.0068998137316535202,-0.12523340851146897,0.006899813782721473,0.12523340851146886,0.071088933073661459,0.36783149899818024,0.23291179165697382,0.58731795428661748,0.50519695409108201,0.76990267419430469,0.82792333701600074,0.9041172563704748,1.0763685279389315,0.98156063424671924
149,-0.2265305914721803,0,0,3.5632457962064055,1.0678182088330039,-0.98156063424671924,0.82134658508856473,-0.9041172563704748,0.50118383479609896,-0.76990267419430469,0.23106161649125853,-0.58731795428661759,0.070524225732079907,-0.36783149899818013,0.0068450038648514896,-0.12523340851146897,0.0068450039176990015,0.12523340851146886,0.070524225884748867,0.36783149899818024,0.23106161671709513,0.58731795428661748,0.50118383506042385,0.76990267419430469,0.82134658537002392,0.9041172563704748,1.0678182091217416,0.98156063424671924
150,-0.23329405950158444,0,0,3.5377206178180418,1.0601689329235311,-0.98156063424671924,0.81546289946012707,-0.9041172563704748,0.49759362308446425,-0.76990267419430469,0.22940641521279234,-0.58731795428661759,0.070019028063710659,-0.36783149899818013,0.0067959699279960487,-0.12523340851146897,0.0067959699823892912,0.12523340851146886,0.070019028220882989,0.36783149899818024,0.22940641544522877,0.58731795428661748,0.49759362335645552,0.76990267419430469,0.81546289974972486,0.9041172563704748,1.0601689332205839,0.98156063424671924
151,-0.23898124238296647,0,0,3.5157621550966627,1.0535885150574391,-0.98156063424671924,0.81040136023917431,-0.9041172563704748,0.49450508325800718,-0.76990267419430469,0.22798250055821914,-0.58731795428661759,0.069584423298263268,-0.36783149899818013,0.0067537876616266821,-0.12523340851146897,0.0067537877173175671,0.12523340851146886,0.069584423459219003,0.36783149899818024,0.22798250079619539,0.58731795428661748,0.49450508353643002,0.76990267419430469,0.81040136053559808,0.9041172563704748,1.0535885153614633,0.98156063424671924
152,-0.24353560480215405,0,0,3.4978554355388907,1.0482223061932174,-0.98156063424671924,0.8062737687720799,-0.9041172563704748,0.49198643624632515,-0.76990267419430469,0.226821324536191,-0.58731795428661759,0.069230011163345387,-0.36783149899818013,0.0067193888048659245,-0.12523340851146897,0.0067193888615946166,0.12523340851146886,0.069230011327328658,0.36783149899818024,0.22682132477859709,0.58731795428661748,0.49198643652988816,0.76990267419430469,0.80627376907395787,0.9041172563704748,1.0482223065028111,0.98156063424671924
153,-0.24691183631033864,0,0,3.484397841988037,1.0441893923158165,-0.98156063424671924,0.80317172385935998,-0.9041172563704748,0.49009357543106175,-0.76990267419430469,0.22594865576542125,-0.58731795428661759,0.068963656712130172,-0.36783149899818013,0.0066935367312214973,-0.12523340851146897,0.0066935367887187326,0.12523340851146886,0.068963656878356511,0.36783149899818024,0.22594865601110733,0.58731795428661748,0.49009357571842921,0.76990267419430469,0.80317172416527438,0.9041172563704748,1.0441893926295309,0.98156063424671924
154,-0.24907611674659519,0,0,3.4756897380897591,1.0415797851134316,-0.98156063424671924,0.80116446087472071,-0.9041172563704748,0.48886874808122027,-0.76990267419430469,0.22538397157461271,-0.58731795428661759,0.068791304781149781,-0.36783149899818013,0.0066768084400618362,-0.12523340851146897,0.0066768084980513851,0.12523340851146886,0.06879130494881347,0.36783149899818024,0.22538397182239947,0.58731795428661748,0.48886874837102368,0.76990267419430469,0.80116446118321971,0.9041172563704748,1.0415797854297835,0.98156063424671924
155,-0.25,0,0,3.4719531906759968,1.0404600326211677,-0.98156063424671924,0.80030316737138329,-0.9041172563704748,0.48834318872641769,-0.76990267419430469,0.22514167207091101,-0.58731795428661759,0.06871735054616733,-0.36783149899818013,0.0066696305223668808,-0.12523340851146897,0.0066696305805665143,0.12523340851146886,0.068717350714444445,0.36783149899818024,0.22514167231959406,0.58731795428661748,0.48834318901726032,0.76990267419430469,0.80030316768098453,0.9041172563704748,1.0404600329386449,0.98156063424671924
156,-0.25092388325340481,0,0,3.4682051612705651,1.0393368392549214,-0.98156063424671924,0.79943922720958605,-0.9041172563704748,0.48781601438658756,-0.76990267419430469,0.22489862800797625,-0.58731795428661759,0.068643169058105635,-0.36783149899818013,0.006662430547735433,-0.12523340851146897,0.006662430606145099,0.12523340851146886,0.068643169226996092,0.36783149899818024,0.2248986282575553,0.58731795428661748,0.48781601467846902,0.76990267419430469,0.79943922752028884,0.9041172563704748,1.0393368395735236,0.98156063424671924
157,-0.25308816368966136,0,0,3.4593802528601865,1.0366922285776712,-0.98156063424671924,0.79740504018084002,-0.9041172563704748,0.48657475804571204,-0.76990267419430469,0.22432636953210758,-0.58731795428661759,0.068468505316960915,-0.36783149899818013,0.0066454778747977632,-0.12523340851146897,0.006645477933699212,0.12523340851146886,0.068468505487287903,0.36783149899818024,0.2243263697837847,0.58731795428661748,0.48657475834002573,0.76990267419430469,0.79740504049412142,0.9041172563704748,1.0366922288989076,0.98156063424671924
158,-0.25646439519784592,0,0,3.4454888295536215,1.0325293064610612,-0.98156063424671924,0.79420299526582827,-0.9041172563704748,0.48462087745442656,-0.76990267419430469,0.22342556871251326,-0.58731795428661759,0.068193564450539701,-0.36783149899818013,0.0066187924130402418,-0.12523340851146897,0.0066187924727082398,0.12523340851146886,0.068193564623106745,0.36783149899818024,0.22342556896746052,0.58731795428661748,0.4846208777525301,0.76990267419430469,0.79420299558312735,0.9041172563704748,1.0325293067864012,0.98156063424671924
159,-0.26101875761703353,0,0,3.4265111331986522,1.0268421518668516,-0.98156063424671924,0.7898285381083,-0.9041172563704748,0.48195159355482015,-0.76990267419430469,0.22219494431551229,-0.58731795428661759,0.067817955402926275,-0.36783149899818013,0.0065823362070072779,-0.12523340851146897,0.0065823362677080929,0.12523340851146886,0.067817955578513195,0.36783149899818024,0.22219494457486538,0.58731795428661748,0.48195159385802733,0.76990267419430469,0.78982853843100931,0.9041172563704748,1.0268421521977162,0.98156063424671924
160,-0.26670594049841556,0,0,3.4024322441365276,1.0196262937357619,-0.98156063424671924,0.78427822964977689,-0.9041172563704748,0.47856480784117134,-0.76990267419430469,0.22063352886353502,-0.58731795428661759,0.067341382882304998,-0.36783149899818013,0.006536080596004982,-0.12523340851146897,0.0065360806579934901,0.12523340851146886,0.067341383061659904,0.36783149899818024,0.22063352912838108,0.58731795428661748,0.47856480815073765,0.76990267419430469,0.78427822997922558,0.9041172563704748,1.019626294073507,0.98156063424671924
161,-0.2734694085278197,0,0,3.3732540195975709,1.0108822886346258,-0.98156063424671924,0.77755249799147974,-0.9041172563704748,0.47446078153989546,-0.76990267419430469,0.2187414427902471,-0.58731795428661759,0.066763883647246086,-0.36783149899818013,0.0064800291477910589,-0.12523340851146897,0.0064800292113080492,0.12523340851146886,0.066763883831077633,0.36783149899818024,0.21874144306161236,0.58731795428661748,0.47446078185700341,0.76990267419430469,0.77755249832891848,0.9041172563704748,1.0108822889805271,0.98156063424671924
162,-0.28124193825791566,0,0,3.3390079895321092,1.0006195853236579,-0.98156063424671924,0.76965861095005073,-0.9041172563704748,0.4696439494563458,-0.76990267419430469,0.21652073068135713,-0.58731795428661759,0.066086081742676411,-0.36783149899818013,0.006414242431500565,-0.12523340851146897,0.0064142424967700467,0.12523340851146886,0.066086081931646529,0.36783149899818024,0.21652073096019597,0.58731795428661748,0.46964394978209173,0.76990267419430469,0.76965861129663748,0.9041172563704748,1.000619585678896,0.98156063424671924
163,-0.28994628054805616,0,0,3.2997688995879226,0.98886058325780479,-0.98156063424671924,0.76061379778389171,-0.9041172563704748,0.4641248248451893,-0.76990267419430469,0.21397623948017411,-0.58731795428661759,0.06530945654425839,-0.36783149899818013,0.006338864033741602,-0.12523340851146897,0.0063388641009685231,0.12523340851146886,0.065309456738975522,0.36783149899818024,0.21397623976735886,0.58731795428661748,0.46412482518057119,0.76990267419430469,0.76061379814067898,0.9041172563704748,0.98886058362345186,0.98156063424671924
164,-0.29949592660644736,0,0,3.2556680066266876,0.97564461693005056,-0.98156063424671924,0.75044831387846511,-0.9041172563704748,0.45792186947447061,-0.76990267419430469,0.21111648064635302,-0.58731795428661759,0.064436605904988495,-0.36783149899818013,0.0062541460993178911,-0.12523340851146897,0.0062541461686858521,0.12523340851146886,0.064436606106001493,0.36783149899818024,0.21111648094266439,0.58731795428661748,0.45792186982037725,0.76990267419430469,0.75044831424638703,0.9041172563704748,0.97564461730705787,0.98156063424671924
165,-0.30979596713980434,0,0,3.2069051603166381,0.96103157643125081,-0.98156063424671924,0.73920822561588229,-0.9041172563704748,0.4510631929467574,-0.76990267419430469,0.20795441359674807,-0.58731795428661759,0.063471485275657116,-0.36783149899818013,0.0061604725400000787,-0.12523340851146897,0.0061604726116696725,0.12523340851146886,0.063471485483449872,0.36783149899818024,0.20795441390286751,0.58731795428661748,0.45106319330395889,0.76990267419430469,0.73920822599574609,0.9041172563704748,0.96103157682043905,0.98156063424671924
166,-0.32074403534976914,0,0,3.1537587405025036,0.94510488543850479,-0.98156063424671924,0.72695770099006618,-0.9041172563704748,0.44358795042735033,-0.76990267419430469,0.20450809010237461,-0.58731795428661759,0.062419604386572618,-0.36783149899818013,0.0060583781242396486,-0.12523340851146897,0.0060583781983467666,0.12523340851146886,0.06241960460155932,0.36783149899818024,0.20450809041887696,0.58731795428661748,0.44358795079649049,0.76990267419430469,0.72695770138254368,0.9041172563704748,0.94510488584055574,0.98156063424671924
167,-0.33223132418263979,0,0,3.0965926307938338,0.92797359103017341,-0.98156063424671924,0.71378061705492424,-0.9041172563704748,0.43554732350553527,-0.76990267419430469,0.2008011064965021,-0.58731795428661759,0.06128816526973152,-0.36783149899818013,0.0059485618734499684,-0.12523340851146897,0.0059485619501047152,0.12523340851146886,0.061288165492252869,0.36783149899818024,0.20080110682385008,0.58731795428661748,0.43554732388712525,0.76990267419430469,0.71378061746054489,0.9041172563704748,0.92797359144562297,0.98156063424671924
168,-0.34414366764372434,0,0,3.0358595854213406,0.90977337265093916,-0.98156063424671924,0.69978133600214798,-0.9041172563704748,0.42700499375550699,-0.76990267419430469,0.19686282200123384,-0.58731795428661759,0.06008612889607845,-0.36783149899818013,0.0058318935297456973,-0.12523340851146897,0.0058318936090312858,0.12523340851146886,0.060086129126398671,0.36783149899818024,0.19686282233977448,0.58731795428661748,0.42700499414992132,0.76990267419430469,0.69978133642129503,0.9041172563704748,0.90977337308017336,0.98156063424671924
169,-0.35636267539829403,0,0,2.9721005779867049,0.89066634694794222,-0.98156063424671924,0.68508455504467536,-0.9041172563704748,0.41803705113559519,-0.76990267419430469,0.19272831649664995,-0.58731795428661759,0.058824202285875885,-0.36783149899818013,0.0057094123048882627,-0.12523340851146897,0.0057094123868607063,0.12523340851146886,0.058824202524180691,0.36783149899818024,0.19272831684661193,0.58731795428661748,0.41803705154306958,0.76990267419430469,0.68508455547758484,0.9041172563704748,0.89066634739119721,0.98156063424671924
170,-0.36876690936917583,0,0,2.9059399908250088,0.87083962613956611,-0.98156063424671924,0.66983419753985485,-0.9041172563704748,0.40873131735411722,-0.76990267419430469,0.18843807857103953,-0.58731795428661759,0.057514743295935866,-0.36783149899818013,0.0055823176390374348,-0.12523340851146897,0.0055823177237250693,0.12523340851146886,0.057514743542331083,0.36783149899818024,0.18843807893253225,0.58731795428661748,0.40873131777474836,0.76990267419430469,0.66983419798661481,0.9041172563704748,0.87083962659692671,0.98156063424671924
171,-0.38123309063082417,0,0,2.8380767907264413,0.85050267359359,-0.98156063424671924,0.65419137894766199,-0.9041172563704748,0.39918610470166671,-0.76990267419430469,0.18403743330328523,-0.58731795428661759,0.056171585968349744,-0.36783149899818013,0.0054519522492877488,-0.12523340851146897,0.0054519523366916662,0.12523340851146886,0.056171586222860816,0.36783149899818024,0.18403743367629946,0.58731795428661748,0.39918610513541353,0.76990267419430469,0.65419137940821459,0.9041172563704748,0.85050267406499247,0.98156063424671924
172,-0.39363732460170597,0,0,2.7692721157906059,0.82988358390896966,-0.98156063424671924,0.63833154553642268,-0.9041172563704748,0.3895084700957932,-0.76990267419430469,0.17957573732217755,-0.58731795428661759,0.054809794847885368,-0.36783149899818013,0.005319778283981693,-0.12523340851146897,0.0053197783740758361,0.12523340851146886,0.054809795110457638,0.36783149899818024,0.17957573770658752,0.58731795428661748,0.38950847054248067,0.76990267419430469,0.63833154601056963,0.9041172563704748,0.82988358439420595,0.98156063424671924
173,-0.40585633235627566,0,0,2.7003339435572227,0.80922448832704974,-0.98156063424671924,0.62244094030765207,-0.9041172563704748,0.3798120585963019,-0.76990267419430469,0.17510538459868602,-0.58731795428661759,0.053445361531625331,-0.36783149899818013,0.0051873478701464863,-0.12523340851146897,0.0051873479628786493,0.12523340851146886,0.053445361802125266,0.36783149899818024,0.17510538499425266,0.58731795428661748,0.37981205905562598,0.76990267419430469,0.62244094079505852,0.9041172563704748,0.8092244888257738,0.98156063424671924
174,-0.41776867581736021,0,0,2.6320996988985135,0.788776342739403,-0.98156063424671924,0.60671259402530231,-0.9041172563704748,0.3702146571403378,-0.76990267419430469,0.17068067864037509,-0.58731795428661759,0.05209486044209978,-0.36783149899818013,0.0050562697032083869,-0.12523340851146897,0.0050562697985008266,0.12523340851146886,0.05209486072031657,0.36783149899818024,0.17068067904675038,0.58731795428661748,0.37021465761187194,0.76990267419430469,0.60671259452550552,0.9041172563704748,0.78877634325113832,0.98156063424671924
175,-0.42925596465023086,0,0,2.5654177733286798,0.76879338947381204,-0.98156063424671924,0.5913420653210234,-0.9041172563704748,0.3608355951642146,-0.76990267419430469,0.16635663409576257,-0.58731795428661759,0.050775083055043829,-0.36783149899818013,0.0049281735455359195,-0.12523340851146897,0.0049281736432867911,0.12523340851146886,0.050775083340691911,0.36783149899818024,0.16635663451249547,0.58731795428661748,0.36083559564741768,0.76990267419430469,0.59134206583344162,0.9041172563704748,0.76879338999796132,0.98156063424671924
176,-0.44020403286019566,0,0,2.50112895487245,0.74952759227697952,-0.98156063424671924,0.57652316018282623,-0.9041172563704748,0.35179313264504369,-0.76990267419430469,0.16218777255880726,-0.58731795428661759,0.049502670356928999,-0.36783149899818013,0.0048046745531677461,-0.12523340851146897,0.0048046746532522146,0.12523340851146886,0.049502670649651047,0.36783149899818024,0.1621877729853502,0.58731795428661748,0.3517931331392688,0.76990267419430469,0.57652316070676912,0.9041172563704748,0.74952759281283554,0.98156063424671924
177,-0.45050407339355264,0,0,2.440048708038109,0.73122332605289775,-0.98156063424671924,0.56244384739722419,-0.9041172563704748,0.34320196771273481,-0.76990267419430469,0.15822697349912335,-0.58731795428661759,0.048293762127873889,-0.36783149899818013,0.0046873392355934107,-0.12523340851146897,0.0046873393378653021,0.12523340851146886,0.04829376242724441,0.36783149899818024,0.15822697393483967,0.58731795428661748,0.34320196821723881,0.76990267419430469,0.5624438479319025,0.9041172563704748,0.73122332659965394,0.98156063424671924
178,-0.46005371945194384,0,0,2.3829511047889618,0.71411256136534473,-0.98156063424671924,0.54928255455505082,-0.9041172563704748,0.33517097648109401,-0.76990267419430469,0.15452443225255288,-0.58731795428661759,0.047163678901331843,-0.36783149899818013,0.0045776545871073137,-0.12523340851146897,0.0045776546914004772,0.12523340851146886,0.047163679206861299,0.36783149899818024,0.15452443269672467,0.58731795428661748,0.33517097699504755,0.76990267419430469,0.54928255509958679,0.9041172563704748,0.71411256192210526,0.98156063424671924
179,-0.46875806174208434,0,0,2.3305550062596305,0.69841072343392829,-0.98156063424671924,0.53720498286560214,-0.9041172563704748,0.32780126945459132,-0.76990267419430469,0.15112676396314609,-0.58731795428661759,0.046126648470814935,-0.36783149899818013,0.0044770015418494893,-0.12523340851146897,0.0044770016479796478,0.12523340851146886,0.046126648781954431,0.36783149899818024,0.15112676441498227,0.58731795428661748,0.32780126997708897,0.76990267419430469,0.53720498341904166,0.9041172563704748,0.6984107239997206,0.98156063424671924
180,-0.4765305914721803,0,0,2.2835128544711343,0.6843133332833623,-0.98156063424671924,0.52636152358899446,-0.9041172563704748,0.32118461504120971,-0.76990267419430469,0.14807627677266785,-0.58731795428661759,0.045195584054055063,-0.36783149899818013,0.0043866334426617398,-0.12523340851146897,0.0043866335504280738,0.12523340851146886,0.045195584370201471,0.36783149899818024,0.14807627723131292,0.58731795428661748,0.32118461557127997,0.76990267419430469,0.52636152415031789,0.9041172563704748,0.68431333385714888,0.98156063424671924
181,-0.48329405950158444,0,0,2.2424021806280563,0.67199346298640561,-0.98156063424671924,0.51688530065474392,-0.9041172563704748,0.31540224516271309,-0.76990267419430469,0.14541042116911421,-0.58731795428661759,0.044381916224112992,-0.36783149899818013,0.0043076597285051652,-0.12523340851146897,0.0043076598376922967,0.12523340851146886,0.044381916544614722,0.36783149899818024,0.14541042163365689,0.58731795428661748,0.3154022456993284,0.76990267419430469,0.51688530122287557,0.9041172563704748,0.67199346356709289,0.98156063424671924
182,-0.48898124238296647,0,0,2.2077197006779037,0.66159996624642747,-0.98156063424671924,0.50889080965765943,-0.9041172563704748,0.310524024773009,-0.76990267419430469,0.14316140710838265,-0.58731795428661759,0.043695476047919145,-0.36783149899818013,0.0042410345920157518,-0.12523340851146897,0.0042410347023955344,0.12523340851146886,0.043695476372082168,0.36783149899818024,0.14316140757786447,0.58731795428661748,0.31052402531509526,0.76990267419430469,0.50889081023147764,0.9041172563704748,0.66159996683287525,0.98156063424671924
183,-0.49353560480215408,0,0,2.1798776824287343,0.65325638971080557,-0.98156063424671924,0.5024730804596641,-0.9041172563704748,0.30660794087966836,-0.76990267419430469,0.14135596843701392,-0.58731795428661759,0.043144423183791941,-0.36783149899818013,0.0041875500007292491,-0.12523340851146897,0.0041875501120628798,0.12523340851146886,0.043144423510886494,0.36783149899818024,0.14135596891043792,0.58731795428661748,0.30660794142611408,0.76990267419430469,0.50247308103801103,0.9041172563704748,0.65325639030183902,0.98156063424671924
184,-0.49691183631033864,0,0,2.1592022052286852,0.64706045143915092,-0.98156063424671924,0.49770727603692461,-0.9041172563704748,0.30369985776134756,-0.76990267419430469,0.14001525003967444,-0.58731795428661759,0.042735211436789128,-0.36783149899818013,0.0041478323539226791,-0.12523340851146897,0.0041478324659627377,0.12523340851146886,0.042735211766056741,0.36783149899818024,0.14001525051601313,0.58731795428661748,0.30369985831101204,0.76990267419430469,0.4977072766186143,0.9041172563704748,0.64706045203356821,0.98156063424671924
185,-0.49907611674659519,0,0,2.1459336281629477,0.64308418121056632,-0.98156063424671924,0.49464880040167186,-0.9041172563704748,0.3018335828214409,-0.76990267419430469,0.1391548381997762,-0.58731795428661759,0.042472598025324743,-0.36783149899818013,0.004122343382023423,-0.12523340851146897,0.0041223434945160476,0.12523340851146886,0.042472598355985339,0.36783149899818024,0.1391548386779799,0.58731795428661748,0.30183358337316296,0.76990267419430469,0.49464880098549785,0.9041172563704748,0.64308418180714455,0.98156063424671924
186,-0.5,0,0,2.1402661928911333,0.64138578853197326,-0.98156063424671924,0.49334242726102762,-0.9041172563704748,0.30103643687512449,-0.76990267419430469,0.13878732867817831,-0.58731795428661759,0.042360427405703116,-0.36783149899818013,0.0041114562237665343,-0.12523340851146897,0.0041114563364522908,0.12523340851146886,0.042360427736958299,0.36783149899818024,0.13878732915717734,0.58731795428661748,0.30103643742772368,0.76990267419430469,0.49334242784576371,0.9041172563704748,0.64138578912947231,0.98156063424671924
187,-0.50092388325340487,0,0,2.1345968008676102,0.63968680946242407,-0.98156063424671924,0.49203560307899297,-0.9041172563704748,0.30023901570436856,-0.76990267419430469,0.13841969226940024,-0.58731795428661759,0.042248218057797014,-0.36783149899818013,0.0041005653065855673,-0.12523340851146897,0.0041005654194644177,0.12523340851146886,0.042248218389646777,0.36783149899818024,0.13841969274919405,0.58731795428661748,0.30023901625784416,0.76990267419430469,0.4920356036646385,0.9041172563704748,0.63968681006084294,0.98156063424671924
188,-0.50308816368966136,0,0,2.1213083183403469,0.63570457405053638,-0.98156063424671924,0.48897253913189681,-0.9041172563704748,0.29836994098692027,-0.76990267419430469,0.13755798964341293,-0.58731795428661759,0.041985210674847374,-0.36783149899818013,0.0040750380962535594,-0.12523340851146897,0.0040750382095845854,0.12523340851146886,0.041985211008089975,0.36783149899818024,0.1375579901250667,0.58731795428661748,0.29836994154244589,0.76990267419430469,0.4889725397196687,0.9041172563704748,0.63570457465110586,0.98156063424671924
189,-0.50646439519784592,0,0,2.1005589135036042,0.62948648146191211,-0.98156063424671924,0.48418969400650613,-0.9041172563704748,0.29545145967026487,-0.76990267419430469,0.13621247734742795,-0.58731795428661759,0.041574535742437108,-0.36783149899818013,0.0040351784343040237,-0.12523340851146897,0.0040351785483400179,0.12523340851146886,0.041574536077852484,0.36783149899818024,0.13621247783197771,0.58731795428661748,0.29545146022897967,0.76990267419430469,0.48418969459758449,0.9041172563704748,0.62948648206582536,0.98156063424671924
190,-0.51101875761703353,0,0,2.0725344221710107,0.62108822217556725,-0.98156063424671924,0.47772990381893299,-0.9041172563704748,0.29150971025592426,-0.76990267419430469,0.13439520605829097,-0.58731795428661759,0.041019871347292979,-0.36783149899818013,0.0039813433118469467,-0.12523340851146897,0.0039813434268331479,0.12523340851146886,0.041019871685639309,0.36783149899818024,0.13439520654673667,0.58731795428661748,0.29150971081892368,0.76990267419430469,0.47772990441445062,0.9041172563704748,0.62108822278396913,0.98156063424671924
191,-0.51670594049841556,0,0,2.0374907851895792,0.61058649544603105,-0.98156063424671924,0.46965216425804085,-0.9041172563704748,0.28658069178029766,-0.76990267419430469,0.13212277247164742,-0.58731795428661759,0.040326283104129751,-0.36783149899818013,0.0039140243919537727,-0.12523340851146897,0.0039140245081254075,0.12523340851146886,0.040326283446136202,0.36783149899818024,0.13212277296494074,0.58731795428661748,0.28658069234861894,0.76990267419430469,0.46965216485906797,0.9041172563704748,0.61058649606000193,0.98156063424671924
192,-0.52346940852781976,0,0,1.9957582925182971,0.59808028115060219,-0.98156063424671924,0.4600326088675088,-0.9041172563704748,0.28071086076017215,-0.76990267419430469,0.12941659451272355,-0.58731795428661759,0.039500308155007609,-0.36783149899818013,0.0038338561625430611,-0.12523340851146897,0.0038338562801231092,0.12523340851146886,0.039500308501367383,0.36783149899818024,0.12941659501175648,0.58731795428661748,0.28071086133478068,0.76990267419430469,0.46003260947503871,0.9041172563704748,0.59808028177114381,0.98156063424671924
193,-0.53124193825791566,0,0,1.9477444478143819,0.58369169823626488,-0.98156063424671924,0.44896516934777841,-0.9041172563704748,0.2739575341074818,-0.76990267419430469,0.12630309709278759,-0.58731795428661759,0.038550011865596714,-0.36783149899818013,0.003741621439257538,-0.12523340851146897,0.0037416215584546776,0.12523340851146886,0.038550012216960493,0.36783149899818024,0.12630309759838176,0.58731795428661748,0.27395753468925893,0.76990267419430469,0.44896516996271424,0.9041172563704748,0.58369169886428673,0.98156063424671924
194,-0.53994628054805616,0,0,1.8939356036845734,0.56756649476478038,-0.98156063424671924,0.43656195248993496,-0.9041172563704748,0.26638911913351215,-0.76990267419430469,0.12281381814836979,-0.58731795428661759,0.037485020190283505,-0.36783149899818013,0.0036382545067851252,-0.12523340851146897,0.0036382546277920675,0.12523340851146886,0.037485020547253521,0.36783149899818024,0.12281381866126717,0.58731795428661748,0.26638911972324419,0.76990267419430469,0.43656195311307827,0.9041172563704748,0.56756649540108806,0.98156063424671924
195,-0.54949592660644742,0,0,1.8348967608266529,0.54987398772028129,-0.98156063424671924,0.42295319387679003,-0.9041172563704748,0.25808508529740465,-0.76990267419430469,0.11898539561642738,-0.58731795428661759,0.036316515696752032,-0.36783149899818013,0.0035248407330080388,-0.12523340851146897,0.0035248408560000972,0.12523340851146886,0.036316516059876583,0.36783149899818024,0.11898539613728193,0.58731795428661748,0.25808508589577323,0.76990267419430469,0.42295319450883101,0.9041172563704748,0.54987398836556589,0.98156063424671924
196,-0.55979596713980428,0,0,1.7712689266226627,0.53080627144382586,-0.98156063424671924,0.40828664902496004,-0.9041172563704748,0.24913559268242372,-0.76990267419430469,0.1148593961501395,-0.58731795428661759,0.035057185286914372,-0.36783149899818013,0.0034026114948517414,-0.12523340851146897,0.0034026116199859457,0.12523340851146886,0.035057185656683101,0.36783149899818024,0.11485939667951041,0.58731795428661748,0.24913559328999874,0.76990267419430469,0.40828664966646988,0.9041172563704748,0.53080627209865749,0.98156063424671924
197,-0.57074403534976914,0,0,1.7037635652237482,0.5105765544586478,-0.98156063424671924,0.39272631410072184,-0.9041172563704748,0.2396407113796547,-0.76990267419430469,0.11048195523007372,-0.58731795428661759,0.033721110352263044,-0.36783149899818013,0.0032729335168814877,-0.12523340851146897,0.0032729336442958888,0.12523340851146886,0.033721110729102742,0.36783149899818024,0.11048195576841993,0.58731795428661748,0.23964071199688886,0.76990267419430469,0.39272631475214748,0.9041172563704748,0.51057655512347022,0.98156063424671924
198,-0.58223132418263979,0,0,1.6331538786527922,0.4894165466284191,-0.98156063424671924,0.3764504161690817,-0.9041172563704748,0.22970919514251417,-0.76990267419430469,0.10590321178008383,-0.58731795428661759,0.032323594208313156,-0.36783149899818013,0.0031372921222752757,-0.12523340851146897,0.003137292252088779,0.12523340851146886,0.03232359459258427,0.36783149899818024,0.10590321232776025,0.58731795428661748,0.22970919576973975,0.76990267419430469,0.37645041683074293,0.9041172563704748,0.4894165473035465,0.98156063424671924
199,-0.59414366764372439,0,0,1.560262913163563,0.46757289492201087,-0.98156063424671924,0.35964867164805209,-0.9041172563704748,0.21945680850172727,-0.76990267419430469,0.10117653691434408,-0.58731795428661759,0.030880926694106813,-0.36783149899818013,0.0029972683851061418,-0.12523340851146897,0.0029972685174184661,0.12523340851146886,0.030880927086100397,0.36783149899818024,0.10117653747159948,0.58731795428661748,0.21945680913915513,0.76990267419430469,0.35964867232014125,0.9041172563704748,0.46757289560762727,0.98156063424671924
200,-0.60636267539829403,0,0,1.4859487637748605,0.44530274957178967,-0.98156063424671924,0.34251887587725782,-0.9041172563704748,0.20900424572777673,-0.76990267419430469,0.09635757451314482,-0.58731795428661759,0.02941009133841772,-0.36783149899818013,0.0028545107082106535,-0.12523340851146897,0.0028545108431027892,0.12523340851146886,0.029410091738352965,0.36783149899818024,0.096357575080121161,0.58731795428661748,0.20900424637549714,0.76990267419430469,0.34251887655984126,0.9041172563704748,0.44530275026795224,0.98156063424671924
201,-0.61876690936917589,0,0,1.4110874263428106,0.42286862525624774,-0.98156063424671924,0.32526295043192066,-0.9041172563704748,0.19847471891080354,-0.76990267419430469,0.091503129251355911,-0.58731795428661759,0.027928425965723605,-0.36783149899818013,0.0027107018819722351,-0.12523340851146897,0.0027107020195067727,0.12523340851146886,0.027928426373745766,0.36783149899818024,0.091503129828089322,0.58731795428661748,0.19847471956878912,0.76990267419430469,0.32526295112494313,0.9041172563704748,0.42286862596289038,0.98156063424671924
202,-0.63123309063082411,0,0,1.3365540931242383,0.40053279583471524,-0.98156063424671924,0.30808263165348676,-0.9041172563704748,0.18799132711171146,-0.76990267419430469,0.086669953693783747,-0.58731795428661759,0.026453252495550826,-0.36783149899818013,0.0025675231530466283,-0.12523340851146897,0.0025675232932683869,0.12523340851146886,0.02645325291172964,0.36783149899818024,0.086669954280206907,0.58731795428661748,0.18799132777982269,0.76990267419430469,0.3080826323567773,0.9041172563704748,0.40053279655165552,0.98156063424671924
203,-0.64363732460170597,0,0,1.2632038782028951,0.37855151822582223,-0.98156063424671924,0.29117502776069332,-0.9041172563704748,0.17767434532135251,-0.76990267419430469,0.081913498419514397,-0.58731795428661759,0.02500149545759035,-0.36783149899818013,0.0024266171978530077,-0.12523340851146897,0.0024266173407891172,0.12523340851146886,0.025001495881918745,0.36783149899818024,0.081913499015460481,0.58731795428661748,0.17767434599934373,0.76990267419430469,0.29117502847397331,0.9041172563704748,0.37855151895276945,0.98156063424671924
204,-0.65585633235627561,0,0,1.191853071400357,0.35716941465997581,-0.98156063424671924,0.27472829777908392,-0.9041172563704748,0.16763858775305551,-0.76990267419430469,0.077286696416281789,-0.58731795428661759,0.023589310966651806,-0.36783149899818013,0.0022895521112856507,-0.12523340851146897,0.0022895522569456126,0.12523340851146886,0.023589311399045146,0.36783149899818024,0.077286697021489534,0.58731795428661748,0.16763858844058338,0.76990267419430469,0.27472829850197616,0.9041172563704748,0.35716941539654129,0.98156063424671924
205,-0.66776867581736021,0,0,1.1232620384274805,0.33661434827014108,-0.98156063424671924,0.2589177099374852,-0.9041172563704748,0.15799100268503916,-0.76990267419430469,0.072838854226664904,-0.58731795428661759,0.022231748280226313,-0.36783149899818013,0.0021577885578589733,-0.12523340851146897,0.0021577887062338486,0.12523340851146886,0.022231748720521811,0.36783149899818024,0.072838854840784659,0.58731795428661748,0.15799100338167232,0.76990267419430469,0.2589177106695254,0.9041172563704748,0.33661434901584891,0.98156063424671924
206,-0.67925596465023086,0,0,1.0581208051828888,0.31709310305628169,-0.98156063424671924,0.24390231877425519,-0.9041172563704748,0.14882864483813371,-0.76990267419430469,0.068614717150016158,-0.58731795428661759,0.020942464481038363,-0.36783149899818013,0.0020326520791065605,-0.12523340851146897,0.0020326522301676378,0.12523340851146886,0.020942464928995069,0.36783149899818024,0.068614717772617032,0.58731795428661748,0.14882864554336289,0.76990267419430469,0.24390231951490354,0.9041172563704748,0.31709310381058153,0.98156063424671924
207,-0.69020403286019572,0,0,0.99703818945697131,0.29878812692105883,-0.98156063424671924,0.22982245993884684,-0.9041172563704748,0.14023714670934131,-0.76990267419430469,0.064653764478830686,-0.58731795428661759,0.019733509370311954,-0.36783149899818013,0.0019153122155565689,-0.12523340851146897,0.0019153123692529476,0.12523340851146886,0.019733509825611274,0.36783149899818024,0.064653765109408276,0.58731795428661748,0.14023714742259008,0.76990267419430469,0.2298224606874994,0.9041172563704748,0.29878812768333807,0.98156063424671924
208,-0.70050407339355258,0,0,0.9405350878535349,0.28185551992331909,-0.98156063424671924,0.21679820279252793,-0.9041172563704748,0.13228977435228292,-0.76990267419430469,0.060989774183636124,-0.58731795428661759,0.018615192601647932,-0.36783149899818013,0.0018067696108918286,-0.12523340851146897,0.0018067697671473679,0.12523340851146886,0.018615193063894912,0.36783149899818024,0.060989774821620921,0.58731795428661748,0.13228977507291864,0.76990267419430469,0.21679820354852888,0.9041172563704748,0.2818555206929147,0.98156063424671924
209,-0.71005371945194384,0,0,0.88904221187802013,0.26642435583872209,-0.98156063424671924,0.20492882856500272,-0.9041172563704748,0.1250471089495461,-0.76990267419430469,0.057650676107763775,-0.58731795428661759,0.017596038873387888,-0.36783149899818013,0.0017078516629716711,-0.12523340851146897,0.0017078518216811006,0.12523340851146886,0.017596039342113234,0.36783149899818024,0.057650676752529315,0.58731795428661748,0.12504710967689039,0.76990267419430469,0.20492882932765549,0.9041172563704748,0.26642435661493252,0.98156063424671924
210,-0.71875806174208434,0,0,0.84290222321424257,0.25259732205030155,-0.98156063424671924,0.19429332254673812,-0.9041172563704748,0.11855734714733417,-0.76990267419430469,0.054658690431133146,-0.58731795428661759,0.016682830190292621,-0.36783149899818013,0.0016192166257071054,-0.12523340851146897,0.0016192167867320004,0.12523340851146886,0.016682830664955784,0.36783149899818024,0.054658691082004364,0.58731795428661748,0.1185573478806729,0.76990267419430469,0.19429332331531576,0.9041172563704748,0.25259732283239766,0.98156063424671924
211,-0.72653059147218024,0,0,0.80237587552845302,0.24045256009793672,-0.98156063424671924,0.18495178980655544,-0.9041172563704748,0.11285716492315181,-0.76990267419430469,0.052030725940609347,-0.58731795428661759,0.015880727422933325,-0.36783149899818013,0.0015413654074863366,-0.12523340851146897,0.0015413655706512108,0.12523340851146886,0.015880727902926575,0.36783149899818024,0.052030726596870747,0.58731795428661748,0.11285716566174422,0.76990267419430469,0.18495179058031036,0.9041172563704748,0.24045256088517025,0.98156063424671924
212,-0.73329405950158444,0,0,0.7676514598554478,0.23004649623111145,-0.98156063424671924,0.17694763240197048,-0.9041172563704748,0.10797304611464842,-0.76990267419430469,0.049778992523867659,-0.58731795428661759,0.015193457252010517,-0.36783149899818013,0.0014746597157904557,-0.12523340851146897,0.001474659880879905,0.12523340851146886,0.015193457736664273,0.36783149899818024,0.049778993184770769,0.58731795428661748,0.10797304685773498,0.76990267419430469,0.17694763318014201,0.9041172563704748,0.23004649702272334,0.98156063424671924
213,-0.73898124238296647,0,0,0.73885660141525666,0.22141737662829675,-0.98156063424671924,0.1703102686064403,-0.9041172563704748,0.10392294168595748,-0.76990267419430469,0.047911766143715895,-0.58731795428661759,0.014623545652494388,-0.36783149899818013,0.0014193447189138275,-0.12523340851146897,0.0014193448856712502,0.12523340851146886,0.014623546141083727,0.36783149899818024,0.047911766808486224,0.58731795428661748,0.1039229424327663,0.76990267419430469,0.17031026938826091,0.9041172563704748,0.22141737742352291,0.98156063424671924
214,-0.74353560480215408,0,0,0.71607129539209458,0.21458917390322615,-0.98156063424671924,0.16505813772382005,-0.9041172563704748,0.10071810325870777,-0.76990267419430469,0.046434234153948054,-0.58731795428661759,0.014172575899468144,-0.36783149899818013,0.0013755740877341755,-0.12523340851146897,0.0013755742558629058,0.12523340851146886,0.01417257639122046,0.36783149899818024,0.046434234821791306,0.58731795428661748,0.10071810400845949,0.76990267419430469,0.16505813850851969,0.9041172563704748,0.21458917470130193,0.98156063424671924
215,-0.74691183631033864,0,0,0.69934105468135233,0.20957552716527381,-0.98156063424671924,0.16120173071203178,-0.9041172563704748,0.098364932391756935,-0.76990267419430469,0.045349347875857871,-0.58731795428661759,0.013841448790057061,-0.36783149899818013,0.0013434352525733835,-0.12523340851146897,0.0013434354217405065,0.12523340851146886,0.013841449284160793,0.36783149899818024,0.045349348545965062,0.58731795428661748,0.098364933143668162,0.76990267419430469,0.16120173149884057,0.9041172563704748,0.20957552796543616,0.98156063424671924
216,-0.74907611674659513,0,0,0.68868967606732656,0.20638356773279556,-0.98156063424671924,0.15874653285304666,-0.9041172563704748,0.09686677619178384,-0.76990267419430469,0.044658650431578219,-0.58731795428661759,0.013630635313288581,-0.36783149899818013,0.001322973927062096,-0.12523340851146897,0.0013229740969051321,0.12523340851146886,0.013630635808902673,0.36783149899818024,0.044658651103130283,0.58731795428661748,0.096866776945069372,0.76990267419430469,0.15874653364119612,0.9041172563704748,0.20638356853428377,0.98156063424671924
217,-0.75,0,0,0.68416045976677675,0.20502627162903594,-0.98156063424671924,0.15770252507085236,-0.9041172563704748,0.096229724996098956,-0.76990267419430469,0.044364949659430365,-0.58731795428661759,0.01354099247268464,-0.36783149899818013,0.0013142732909917647,-0.12523340851146897,0.0013142734611258546,0.12523340851146886,0.013540992968944199,0.36783149899818024,0.044364950331597694,0.58731795428661748,0.096229725749968756,0.76990267419430469,0.15770252585957131,0.9041172563704748,0.20502627243108726,0.98156063424671924
218,-0.75092388325340487,0,0,0.67964185519342624,0.20367215560213126,-0.98156063424671924,0.15666096334665236,-0.9041172563704748,0.095594166379490433,-0.76990267419430469,0.044071937013498111,-0.58731795428661759,0.013451559660774092,-0.36783149899818013,0.0013055930400803497,-0.12523340851146897,0.0013055932105070312,0.12523340851146886,0.013451560157679556,0.36783149899818024,0.044071937686279809,0.58731795428661748,0.095594167133943073,0.76990267419430469,0.15666096413593916,0.9041172563704748,0.20367215640474379,0.98156063424671924
219,-0.75308816368966136,0,0,0.66909842865302227,0.20051254678367655,-0.98156063424671924,0.15423064899887376,-0.9041172563704748,0.094111194041985258,-0.76990267419430469,0.043388239810601519,-0.58731795428661759,0.013242882785573423,-0.36783149899818013,0.0012853390908175062,-0.12523340851146897,0.0012853392619357397,0.12523340851146886,0.013242883283993699,0.36783149899818024,0.043388240484818832,0.58731795428661748,0.094111194797797601,0.76990267419430469,0.15423064978948445,0.9041172563704748,0.20051254758759726,0.98156063424671924
220,-0.75646439519784592,0,0,0.65276914837007238,0.19561905814554456,-0.98156063424671924,0.1504666654391193,-0.9041172563704748,0.091814419757206681,-0.76990267419430469,0.042329354142647102,-0.58731795428661759,0.012919691537419163,-0.36783149899818013,0.0012539705018085475,-0.12523340851146897,0.0012539706740233023,0.12523340851146886,0.012919692038207361,0.36783149899818024,0.042329354819093779,0.58731795428661748,0.091814420515124284,0.76990267419430469,0.15046666623177724,0.9041172563704748,0.19561905895148732,0.98156063424671924
221,-0.76101875761703353,0,0,0.63097374337747558,0.18908750471201985,-0.98156063424671924,0.14544271186297397,-0.9041172563704748,0.088748814608213628,-0.76990267419430469,0.040916013102870012,-0.58731795428661759,0.012488314035129016,-0.36783149899818013,0.0012121014733972705,-0.12523340851146897,0.001212101647127094,0.12523340851146886,0.012488314539120894,0.36783149899818024,0.040916013782304056,0.58731795428661748,0.088748815368940193,0.76990267419430469,0.1454427126583587,0.9041172563704748,0.18908750552065393,0.98156063424671924
222,-0.76670594049841556,0,0,0.60413907220601692,0.18104580561550929,-0.98156063424671924,0.1392571813693145,-0.9041172563704748,0.084974417842203318,-0.76990267419430469,0.039175896685284456,-0.58731795428661759,0.011957198718547161,-0.36783149899818013,0.0011605520019840508,-0.12523340851146897,0.0011605521776676406,0.12523340851146886,0.011957199226555127,0.36783149899818024,0.039175897368416215,0.58731795428661748,0.084974418606387062,0.76990267419430469,0.13925718216804731,0.9041172563704748,0.18104580642744511,0.98156063424671924
223,-0.77346940852781976,0,0,0.57279252657722468,0.17165200734353189,-0.98156063424671924,0.13203164047740135,-0.9041172563704748,0.080565409075267158,-0.76990267419430469,0.037143204041698102,-0.58731795428661759,0.011336783793569958,-0.36783149899818013,0.0011003352085006395,-0.12523340851146897,0.0011003353866047834,0.12523340851146886,0.011336784306376952,0.36783149899818024,0.037143204729179119,0.58731795428661748,0.080565409843488187,0.76990267419430469,0.13203164128003239,0.9041172563704748,0.17165200815930778,0.98156063424671924
224,-0.78124193825791566,0,0,0.53755211185148322,0.1610913110899877,-0.98156063424671924,0.12390854261887102,-0.9041172563704748,0.075608713070356687,-0.76990267419430469,0.034858010240176034,-0.58731795428661759,0.010639300903077123,-0.36783149899818013,0.0010326382829226762,-0.12523340851146897,0.0010326384639519272,0.12523340851146886,0.010639301421430469,0.36783149899818024,0.034858010932588682,0.58731795428661748,0.075608713843115904,0.76990267419430469,0.12390854342586795,0.9041172563704748,0.16109131191005857,0.98156063424671924
225,-0.78994628054805616,0,0,0.49911367068300616,0.14957224399491967,-0.98156063424671924,0.11504828312413556,-0.9041172563704748,0.070202202696620697,-0.76990267419430469,0.032365437772393604,-0.58731795428661759,0.0098785222558394753,-0.36783149899818013,0.00095879794087461189,-0.12523340851146897,0.00095879812538303671,0.12523340851146886,0.0098785227804446471,0.36783149899818024,0.032365438470241925,0.58731795428661748,0.07020220347433033,0.76990267419430469,0.11504828393587428,0.9041172563704748,0.14957224481964784,0.98156063424671924
226,-0.79949592660644742,0,0,0.45823521026579295,0.13732196240085437,-0.98156063424671924,0.10562558657152561,-0.9041172563704748,0.064452494497993257,-0.76990267419430469,0.029714640240954531,-0.58731795428661759,0.0090694504293207454,-0.36783149899818013,0.00088027031622493106,-0.12523340851146897,0.00088027050483005368,0.12523340851146886,0.009069450960834927,0.36783149899818024,0.029714640944656281,0.58731795428661748,0.064452495280969399,0.76990267419430469,0.10562558738828312,0.9041172563704748,0.13732196323050264,0.98156063424671924
227,-0.80979596713980428,0,0,0.41571839428262386,0.12458070543951823,-0.98156063424671924,0.095825240585820537,-0.9041172563704748,0.058472345466670315,-0.76990267419430469,0.026957602189535215,-0.58731795428661759,0.0082279520559111943,-0.36783149899818013,0.00079859540706804901,-0.12523340851146897,0.00079859560046710977,0.12523340851146886,0.0082279525949365221,0.36783149899818024,0.026957602899415432,0.58731795428661748,0.05847234625512758,0.76990267419430469,0.095825241407770115,0.9041172563704748,0.12458070627424538,0.98156063424671924
228,-0.82074403534976914,0,0,0.37238746012263352,0.11159547703409255,-0.98156063424671924,0.085837236147870921,-0.9041172563704748,0.052377687670992622,-0.76990267419430469,0.02414777197244377,-0.58731795428661759,0.0073703405497404541,-0.36783149899818013,0.00071535657564018482,-0.12523340851146897,0.00071535677462831711,0.12523340851146886,0.0073703410968168244,0.36783149899818024,0.024147772688729786,0.58731795428661748,0.052377688465041115,0.76990267419430469,0.085837236975080139,0.9041172563704748,0.11159547787395169,0.98156063424671924
229,-0.83223132418263979,0,0,0.32906605926399152,0.098613105524502295,-0.98156063424671924,0.075851429183038027,-0.9041172563704748,0.046284370768741492,-0.76990267419430469,0.021338559950104901,-0.58731795428661759,0.0065129177285027104,-0.36783149899818013,0.0006321360586297284,-0.12523340851146897,0.00063213626411949065,0.12523340851146886,0.0065129182841000728,0.36783149899818024,0.021338560672923057,0.58731795428661748,0.046284371568386259,0.76990267419430469,0.075851430015469262,0.9041172563704748,0.098613106369441872,0.98156063424671924
230,-0.84414366764372439,0,0,0.28655276438820743,0.0858729037445604,-0.98156063424671924,0.066051894824377844,-0.9041172563704748,0.040304716991256519,-0.76990267419430469,0.018581750227655958,-0.58731795428661759,0.0056714890470601085,-0.36783149899818013,0.00055046791627556271,-0.12523340851146897,0.00055046812931647834,0.12523340851146886,0.005671489611570193,0.36783149899818024,0.018581750957030099,0.58731795428661748,0.040304717796399304,0.76990267419430469,0.066051895661891652,0.9041172563704748,0.085872904594427937,0.98156063424671924
231,-0.85636267539829403,0,0,0.24559621306591423,0.073599220188413195,-0.98156063424671924,0.056611197903671674,-0.9041172563704748,0.034544025009973903,-0.76990267419430469,0.015925888826720597,-0.58731795428661759,0.0048608716380215515,-0.36783149899818013,0.00047179028331828971,-0.12523340851146897,0.00047179050511452571,0.12523340851146886,0.0048608722117491508,0.36783149899818024,0.015925889562572491,0.58731795428661748,0.034544025820417587,0.76990267419430469,0.056611198746032605,0.9041172563704748,0.073599221042961779,0.98156063424671924
232,-0.86876690936917589,0,0,0.2068710374696725,0.06199422573019011,-0.98156063424671924,0.047684844625750476,-0.9041172563704748,0.029097184360602598,-0.76990267419430469,0.01341472282775419,-0.58731795428661759,0.0040944179094713658,-0.36783149899818013,0.00039739912991173837,-0.12523340851146897,0.00039739936183492405,0.12523340851146886,0.0040944184926253483,0.36783149899818024,0.013414723569906048,0.58731795428661748,0.029097185176058103,0.76990267419430469,0.047684845472635684,0.9041172563704748,0.061994226589087674,0.98156063424671924
233,-0.88123309063082411,0,0,0.17095583809955023,0.051231312884629385,-0.98156063424671924,0.039406205398335045,-0.9041172563704748,0.024045577365334581,-0.76990267419430469,0.011085772058086349,-0.58731795428661759,0.0033835795980663203,-0.36783149899818013,0.00032840594908869569,-0.12523340851146897,0.00032840619268221393,0.12523340851146886,0.0033835801907508632,0.36783149899818024,0.011085772806265616,0.58731795428661748,0.024045578185430329,0.76990267419430469,0.039406206249345356,0.9041172563704748,0.051231313747470239,0.98156063424671924
234,-0.89363732460170597,0,0,0.13831447819310769,0.041449490196154487,-0.98156063424671924,0.031882203096805464,-0.9041172563704748,0.01945444812172413,-0.76990267419430469,0.0089691161124870709,-0.58731795428661759,0.002737537545552894,-0.36783149899818013,0.00026570182327069345,-0.12523340851146897,0.00026570208024061785,0.12523340851146886,0.0027375381477595371,0.36783149899818024,0.0089691168663336759,0.58731795428661748,0.019454448946017982,0.76990267419430469,0.031882203951478935,0.9041172563704748,0.041449491062473316,0.98156063424671924
235,-0.90585633235627561,0,0,0.1092818936953163,0.03274912983157121,-0.98156063424671924,0.02519004218888856,-0.9041172563704748,0.015370906621943401,-0.76990267419430469,0.0070864741889470418,-0.58731795428661759,0.0021629208478374257,-0.36783149899818013,0.00020993016518089245,-0.12523340851146897,0.00020993043736839277,0.12523340851146886,0.0021629214594388393,0.36783149899818024,0.0070864749480233635,0.58731795428661748,0.015370907449937004,0.76990267419430469,0.025190043046716105,0.9041172563704748,0.032749130700859094,0.98156063424671924
236,-0.91776867581736021,0,0,0.084055430459977445,0.025189371549778197,-0.98156063424671924,0.019375211914791031,-0.9041172563704748,0.01182271029780005,-0.76990267419430469,0.0054506433423505063,-0.58731795428661759,0.0016636353997450907,-0.36783149899818013,0.00016147007658404435,-0.12523340851146897,0.00016147036591387389,0.12523340851146886,0.0016636360204915174,0.36783149899818024,0.0054506441061541689,0.58731795428661748,0.011822711128955412,0.76990267419430469,0.019375212775233921,0.9041172563704748,0.025189372421500295,0.98156063424671924
237,-0.92925596465023086,0,0,0.06269244498329056,0.018787403699908199,-0.98156063424671924,0.014450933243885212,-0.9041172563704748,0.0088179265549536527,-0.76990267419430469,0.0040653429020642839,-0.58731795428661759,0.0012408164084263603,-0.36783149899818013,0.00012043173928906745,-0.12523340851146897,0.00012043204768987034,0.12523340851146886,0.0012408170379458151,0.36783149899818024,0.0040653436700438294,0.58731795428661748,0.0088179273887117222,0.76990267419430469,0.014450934106394125,0.9041172563704748,0.018787404573522796,0.98156063424671924
238,-0.94020403286019572,0,0,0.045114556055350856,0.013519737338007657,-0.98156063424671924,0.010399138902372809,-0.9041172563704748,0.0063455307835881677,-0.76990267419430469,0.0029254901737937366,-0.58731795428661759,0.00089291254260100519,-0.36783149899818013,8.6664582583626966e-05,-0.12523340851146897,8.6664911877756405e-05,0.12523340851146886,0.00089291318040411467,0.36783149899818024,0.0029254909453669915,0.58731795428661748,0.0063455316193888828,0.76990267419430469,0.010399139766407828,0.9041172563704748,0.013519738212985926,0.98156063424671924
239,-0.95050407339355258,0,0,0.031118538345343019,0.0093254707698957537,-0.98156063424671924,0.0071729844010125776,-0.9041172563704748,0.0043769385818733164,-0.76990267419430469,0.0020179068431152212,-0.58731795428661759,0.00061590153982243347,-0.36783149899818013,5.9778209842100506e-05,-0.12523340851146897,5.9778561606399429e-05,0.12523340851146886,0.00061590218531251098,0.36783149899818024,0.0020179076176898886,0.58731795428661748,0.0043769394191765518,0.76990267419430469,0.0071729852660635,0.9041172563704748,0.0093254716457415766,0.98156063424671924
240,-0.96005371945194384,0,0,0.020393435891082237,0.0061114180482574505,-0.98156063424671924,0.0047007927829632676,-0.9041172563704748,0.0028684128322094783,-0.76990267419430469,0.0013224287138430099,-0.58731795428661759,0.00040362891890236257,-0.36783149899818013,3.9175273587790596e-05,-0.12523340851146897,3.9175648991429171e-05,0.12523340851146886,0.00040362957139068132,0.36783149899818024,0.0013224294908386039,0.58731795428661748,0.0028684136705159095,0.76990267419430469,0.0047007936485692669,0.9041172563704748,0.0061114189245264202,0.98156063424671924
241,-0.96875806174208434,0,0,0.01254307599276552,0.0037588558396840529,-0.98156063424671924,0.0028912441927200386,-0.9041172563704748,0.0017642303644987566,-0.76990267419430469,0.00081336564006686748,-0.58731795428661759,0.00024825357784190191,-0.36783149899818013,2.409472474761584e-05,-0.12523340851146897,2.4095124378904608e-05,0.12523340851146886,0.00024825423656746375,0.36783149899818024,0.00081336641893670308,0.58731795428661748,0.0017642312033694305,0.76990267419430469,0.0028912450584876138,0.9041172563704748,0.0037588567160005823,0.98156063424671924
242,-0.97653059147218024,0,0,0.0071128126145376782,0.0021315377724529351,-0.98156063424671924,0.0016395403684682282,-0.9041172563704748,0.0010004435154884321,-0.76990267419430469,0.00046123572411594651,-0.58731795428661759,0.00014077710273450777,-0.36783149899818013,1.3663186804475242e-05,-0.12523340851146897,1.3663610503943221e-05,0.12523340851146886,0.00014077776688673155,0.36783149899818024,0.00046123650436745721,0.58731795428661748,0.0010004443545615787,0.76990267419430469,0.0016395412340860689,0.9041172563704748,0.0021315386485242058,0.98156063424671924
243,-0.98329405950158444,0,0,0.0036190490379925393,0.0010845416585874808,-0.98156063424671924,0.00083420976637291276,-0.9041172563704748,0.00050903260027817165,-0.76990267419430469,0.00023467973740825515,-0.58731795428661759,7.1628083986760864e-05,-0.36783149899818013,6.9516689018791334e-06,-0.12523340851146897,6.9521156231912689e-06,0.12523340851146886,7.1628752728867775e-05,0.36783149899818024,0.00023468051861968279,0.58731795428661748,0.00050903343928167797,0.76990267419430469,0.00083421063162232828,0.9041172563704748,0.001084542534212995,0.98156063424671924
244,-0.98898124238296647,0,0,0.0015799015673829922,0.00047345866138458437,-0.98156063424671924,0.00036417570317995627,-0.9041172563704748,0.00022221887700839027,-0.76990267419430469,0.00010244953373879055,-0.58731795428661759,3.1269016383855429e-05,-0.36783149899818013,3.0344709137369455e-06,-0.12523340851146897,3.0349386353188918e-06,0.12523340851146886,3.126968887426359e-05,0.36783149899818024,0.00010245031557023253,0.58731795428661748,0.00022221971576637367,0.76990267419430469,0.00036417656793957641,0.9041172563704748,0.00047345953646010981,0.98156063424671924
245,-0.99353560480215408,0,0,0.0005452812152937351,0.00016340804581598079,-0.98156063424671924,0.0001256903402966933,-0.9041172563704748,7.6695648321942311e-05,-0.76990267419430469,3.5358721028335646e-05,-0.58731795428661759,1.0791679748290371e-05,-0.36783149899818013,1.0469704543144547e-06,-0.12523340851146897,1.0474561622205906e-06,0.12523340851146886,1.0792355157405302e-05,0.36783149899818024,3.5359503225469011e-05,0.58731795428661748,7.6696486754228421e-05,0.76990267419430469,0.00012569120454044414,0.9041172563704748,0.00016340892033101472,0.98156063424671924
246,-0.99691183631033864,0,0,0.00012469219123522991,3.7367710223353602e-05,-0.98156063424671924,2.8742379134176399e-05,-0.9041172563704748,1.7538222623667792e-05,-0.76990267419430469,8.0852772706668295e-06,-0.58731795428661759,2.4673302633095235e-06,-0.36783149899818013,2.3902386098704083e-07,-0.12523340851146897,2.3952361668879936e-07,0.12523340851146886,2.4680077836275391e-06,0.36783149899818024,8.0860596600902854e-06,0.58731795428661748,1.7539060737511553e-05,0.76990267419430469,2.8743242922053667e-05,0.9041172563704748,3.736858425168576e-05,0.98156063424671924
247,-0.99907611674659513,0,0,1.1170669851825114e-05,3.3480535756919493e-06,-0.98156063424671924,2.5750709405834127e-06,-0.9041172563704748,1.5709912472056492e-06,-0.76990267419430469,7.2387972302747489e-07,-0.58731795428661759,2.2049970535719113e-07,-0.36783149899818013,2.0952642957044644e-08,-0.12523340851146897,2.1461738740379597e-08,0.12523340851146886,2.2117855380825127e-07,0.36783149899818024,7.2466219912968192e-07,0.58731795428661748,1.5718291214240145e-06,0.76990267419430469,2.5759344024729724e-06,0.9041172563704748,3.3489272593509111e-06,0.98156063424671924
248,-1,0,0,-4.4823790052465941e-09,-8.7426468774057306e-10,-0.98156063424671924,-8.6393462989576654e-10,-0.9041172563704748,-8.3793132921832875e-10,-0.76990267419430469,-7.8257043066784068e-10,-0.58731795428661759,-6.794115092869018e-10,-0.36783149899818013,-5.1316495120056161e-10,-0.12523340851146897,-6.1037570119936502e-18,0.12523340851146886,-2.3815476725073244e-15,0.36783149899818024,-6.6236672685505848e-14,0.58731795428661748,-1.6800597122066546e-13,0.76990267419430469,-6.2006522492867735e-13,0.9041172563704748,-7.3606318192998984e-13,0.98156063424671924
