node_id,x,y,z,scalar_flux,angular_flux_0,direction_cosine_0,angular_flux_1,direction_cosine_1,angular_flux_2,direction_cosine_2,angular_flux_3,direction_cosine_3,angular_flux_4,direction_cosine_4,angular_flux_5,direction_cosine_5,angular_flux_6,direction_cosine_6,angular_flux_7,direction_cosine_7,angular_flux_8,direction_cosine_8,angular_flux_9,direction_cosine_9,angular_flux_10,direction_cosine_10,angular_flux_11,direction_cosine_11
0,1,0,0,-4.4825016010112799e-09,-7.0552216527014562e-13,-0.98156063424671924,-1.2936652549768474e-13,-0.9041172563704748,-1.4955794588083863e-13,-0.76990267419430469,-1.3311870724533249e-13,-0.58731795428661759,-3.8774443653188719e-15,-0.36783149899818013,-1.4817957719063232e-17,-0.12523340851146897,-5.131743375331127e-10,0.12523340851146886,-6.7942855065232699e-10,0.36783149899818024,-7.8258260906980443e-10,0.58731795428661748,-8.3812724746446801e-10,0.76990267419430469,-8.6433015153280734e-10,0.9041172563704748,-8.73840524858107e-10,0.98156063424671924
1,0.99977248393777041,0,0,6.735057666139884e-07,2.0317747338355316e-07,-0.98156063424671924,1.5628081820589962e-07,-0.9041172563704748,9.5362020204231009e-08,-0.76990267419430469,4.3964648052490993e-08,-0.58731795428661759,1.3418454977795169e-08,-0.36783149899818013,1.3009938079027506e-09,-0.12523340851146897,7.8882618814485716e-10,0.12523340851146886,1.2739168015965333e-08,0.36783149899818024,4.3182204981089948e-08,0.58731795428661748,9.4524014614456154e-08,0.76990267419430469,1.5541658051395498e-07,0.9041172563704748,2.0230429999321163e-07,0.98156063424671924
2,0.99923784083788214,0,0,7.601452449670207e-06,2.279318468064571e-06,-0.98156063424671924,1.7532110417812728e-06,-0.9041172563704748,1.0698049798052262e-06,-0.76990267419430469,4.9321323986044154e-07,-0.58731795428661759,1.5053640310415376e-07,-0.36783149899818013,1.4606266617522022e-08,-0.12523340851146897,1.4096452775780093e-08,0.12523340851146886,1.4985744066698198e-07,0.36783149899818024,4.9243081315968075e-07,0.58731795428661748,1.0689669098917823e-06,0.76990267419430469,1.7523467185362201e-06,0.9041172563704748,2.2784452056039307e-06,0.98156063424671924
3,0.99839908457534254,0,0,3.3536800594158742e-05,1.0051518013016963e-05,-0.98156063424671924,7.7314471077210259e-06,-0.9041172563704748,4.7177107399861224e-06,-0.76990267419430469,2.1750125678910248e-06,-0.58731795428661759,6.638508250092652e-07,-0.36783149899818013,6.4422952030321482e-08,-0.12523340851146897,6.3916797471413865e-08,0.12523340851146886,6.6317237424891155e-07,0.36783149899818024,2.1742301704888306e-06,0.58731795428661748,4.7168725726483179e-06,0.76990267419430469,7.7305826535665844e-06,0.9041172563704748,1.0050644614023825e-05,0.98156063424671924
4,0.99725833285392451,0,0,9.8300232582924861e-05,2.9459553085896049e-05,-0.98156063424671924,2.2659758772948523e-05,-0.9041172563704748,1.3826932310559919e-05,-0.76990267419430469,6.3746511440839206e-06,-0.58731795428661759,1.9456552595651508e-06,-0.36783149899818013,1.8882669706704299e-07,-0.12523340851146897,1.8832545467737777e-07,0.12523340851146886,1.94497750964013e-06,0.36783149899818024,6.3738687935541661e-06,0.58731795428661748,1.3826094017507036e-05,0.76990267419430469,2.2658894147192128e-05,0.9041172563704748,2.9458679507450173e-05,0.98156063424671924
5,0.99581838879613738,0,0,0.00022847917136286191,6.8471028418061065e-05,-0.98156063424671924,5.26666844773259e-05,-0.9041172563704748,3.2137090036688141e-05,-0.76990267419430469,1.4816212358690809e-05,-0.58731795428661759,4.5221714602546663e-06,-0.36783149899818013,4.3889209556184411e-07,-0.12523340851146897,4.3839694895816791e-07,0.12523340851146886,4.5214946028983169e-06,0.36783149899818024,1.4815430078745488e-05,0.58731795428661748,3.2136251596006505e-05,0.76990267419430469,5.266581964546648e-05,0.9041172563704748,6.8470154623275677e-05,0.98156063424671924
6,0.99408277947358292,0,0,0.00045702868034062618,0.00013696177588918754,-0.98156063424671924,0.00010534853670636732,-0.9041172563704748,6.4283436678580971e-05,-0.76990267419430469,2.9636694504671036e-05,-0.58731795428661759,9.0456503539352686e-06,-0.36783149899818013,8.7792601399199577e-07,-0.12523340851146897,8.7743806254241593e-07,0.12523340851146886,9.0449745838221577e-06,0.36783149899818024,2.9635912326479263e-05,0.58731795428661748,6.4282598076156828e-05,0.76990267419430469,0.00010534767164149488,0.9041172563704748,0.00013696090184857999,0.98156063424671924
7,0.99205575343445429,0,0,0.00082277598418251346,0.00024656737144861644,-0.98156063424671924,0.00018965519147431917,-0.9041172563704748,0.00011572716641149802,-0.76990267419430469,5.3353881020086687e-05,-0.58731795428661759,1.6284565451896605e-05,-0.36783149899818013,1.5805157721714799e-06,-0.12523340851146897,1.58003601819728e-06,0.12523340851146886,1.6283890966793626e-05,0.36783149899818024,5.3353098983383687e-05,0.58731795428661748,0.00011572632764225797,0.76990267419430469,0.00018965432615834958,0.9041172563704748,0.00024656649714132305,0.98156063424671924
8,0.98974227168878515,0,0,0.0013698355724418724,0.00041050785588246663,-0.98156063424671924,0.00031575526668673224,-0.9041172563704748,0.00019267314696646526,-0.76990267419430469,8.8828412400138382e-05,-0.58731795428661759,2.7112036504549296e-05,-0.36783149899818013,2.6314055529727065e-06,-0.12523340851146897,2.6309348914422009e-06,0.12523340851146886,2.711136350524291e-05,0.36783149899818024,8.8827630554103813e-05,0.58731795428661748,0.00019267230803541308,0.76990267419430469,0.00031575440111145651,0.9041172563704748,0.000410506981297281,0.98156063424671924
9,0.98714799598073122,0,0,0.0021469430766060628,0.00064338811394788916,-0.98156063424671924,0.00049488257735628342,-0.9041172563704748,0.00030197622694904134,-0.76990267419430469,0.00013922059090453446,-0.58731795428661759,4.2492645509019202e-05,-0.36783149899818013,4.1242167753842961e-06,-0.12523340851146897,4.1237559862374034e-06,0.12523340851146886,4.2491974198999062e-05,0.36783149899818024,0.0001392198093084152,0.58731795428661748,0.00030197538787206873,0.76990267419430469,0.00049488171152421104,0.9041172563704748,0.00064338723908410531,0.98156063424671924
10,0.98427927508220348,0,0,0.0032067172497721504,0.00096097670761176725,-0.98156063424671924,0.00073916601810275788,-0.9041172563704748,0.00045103743052422591,-0.76990267419430469,0.00020794252302044463,-0.58731795428661759,6.3467829714554042e-05,-0.36783149899818013,6.1600303524161222e-06,-0.12523340851146897,6.1595800956302744e-06,0.12523340851146886,6.346716029946887e-05,0.36783149899818024,0.00020794174174392147,0.58731795428661748,0.00045103659132869205,0.76990267419430469,0.00073916515202774832,0.9041172563704748,0.00096097583247982009,0.98156063424671924
11,0.98114312931787384,0,0,0.0046048603884020819,0.0013799662618760298,-0.98156063424671924,0.0010614452562340206,-0.9041172563704748,0.00064769149374986612,-0.76990267419430469,0.00029860627015125497,-0.58731795428661759,9.1140056265509245e-05,-0.36783149899818013,8.8458506961148655e-06,-0.12523340851146897,8.8454115094369972e-06,0.12523340851146886,9.1139388952391341e-05,0.36783149899818024,0.00029860548927454239,0.58731795428661748,0.00064769065447493391,0.76990267419430469,0.0010614443899416904,0.9041172563704748,0.0013799653864979221,0.98156063424671924
12,0.97774723341343961,0,0,0.0063993083991245063,0.0019177187604466355,-0.98156063424671924,0.0014750748177497961,-0.9041172563704748,0.00090008731829771006,-0.76990267419430469,0.00041496873399675719,-0.58731795428661759,0.00012665600021247861,-0.36783149899818013,1.229297299066508e-05,-0.12523340851146897,1.2292545289950387e-05,0.12523340851146886,0.00012665533520877766,0.36783149899818024,0.00041496795361045528,0.58731795428661748,0.00090008647899445318,0.76990267419430469,0.0014750739512777115,0.9041172563704748,0.0019177178848561595,0.98156063424671924
13,0.97409989772827599,0,0,0.0086493424157398045,0.0025919993189324119,-0.98156063424671924,0.0019937193104683859,-0.9041172563704748,0.0012165630170668507,-0.76990267419430469,0.00056087404862448307,-0.58731795428661759,0.00017118896151999838,-0.36783149899818013,1.6615276603560365e-05,-0.12523340851146897,1.6614860685458133e-05,0.12523340851146886,0.00017118829903243276,0.36783149899818024,0.00056087326882918269,0.58731795428661748,0.0012165621777981278,0.76990267419430469,0.0019937184438660396,0.9041172563704748,0.0025919984431751614,0.98156063424671924
14,0.97021004792601495,0,0,0.011414674399723108,0.003420702161530106,-0.98156063424671924,0.0026311426502150263,-0.9041172563704748,0.0016055173004788858,-0.76990267419430469,0.00074019428547942613,-0.58731795428661759,0.00022592076715219187,-0.36783149899818013,2.1927468519235919e-05,-0.12523340851146897,2.1927064566042022e-05,0.12523340851146886,0.00022592010738547853,0.36783149899818024,0.00074019350638510225,0.58731795428661748,0.0016055164613190064,0.76990267419430469,0.002631141783543612,0.9041172563704748,0.0034207012856632977,0.98156063424671924
15,0.96608720313610463,0,0,0.014754519501600531,0.0044215726302646126,-0.98156063424671924,0.0034009942353229383,-0.9041172563704748,0.0020752790006403577,-0.76990267419430469,0.00095676929989161187,-0.58731795428661759,0.00029202341112786106,-0.36783149899818013,2.8343301340670014e-05,-0.12523340851146897,2.8342909426954659e-05,0.12523340851146886,0.00029202275428333454,0.36783149899818024,0.00095676852161681418,0.58731795428661748,0.0020752781616745473,0.76990267419430469,0.0034009933686549414,0.9041172563704748,0.0044215717543567238,0.98156063424671924
16,0.96174145266133815,0,0,0.018726668112736843,0.0056119291014528451,-0.98156063424671924,0.0043165950497724816,-0.9041172563704748,0.0026339765519603135,-0.76990267419430469,0.0012143465575080747,-0.58731795428661759,0.00037064068844810195,-0.36783149899818013,3.5973790696576318e-05,-0.12523340851146897,3.5973410797345436e-05,0.12523340851146886,0.00037064003472229697,0.36783149899818024,0.0012143457801789598,0.58731795428661748,0.0026339757132840076,0.76990267419430469,0.0043165941831910951,0.9041172563704748,0.0056119282255830778,0.98156063424671924
17,0.95718343128912209,0,0,0.023386570492897635,0.0070083886708215354,-0.98156063424671924,0.0053907266651112128,-0.9041172563704748,0.0032894092405974357,-0.76990267419430469,0.0015165217762112717,-0.58731795428661759,0.00046287007792527213,-0.36783149899818013,4.4925456807120303e-05,-0.12523340851146897,4.4925088807058984e-05,0.12523340851146886,0.00046286942750847619,0.36783149899818024,0.0015165209999604909,0.58731795428661748,0.0032894084023154173,0.76990267419430469,0.0053907257987096001,0.9041172563704748,0.0070083877950791384,0.98156063424671924
18,0.95242429326730393,0,0,0.02878644661659013,0.0086266003960802137,-0.98156063424671924,0.006635426055432693,-0.9041172563704748,0.0040489220010225067,-0.76990267419430469,0.0018666812033699591,-0.58731795428661759,0.00056974512414526511,-0.36783149899818013,5.5298614495300609e-05,-0.12523340851146897,5.5298258198856614e-05,0.12523340851146886,0.00056974447722011787,0.36783149899818024,0.0018666804283354501,0.58731795428661748,0.0040489211632479261,0.76990267419430469,0.0066354251893131246,0.9041172563704748,0.0086265995205636707,0.98156063424671924
19,0.9474756850084648,0,0,0.034974433442899522,0.010480989754406493,-0.98156063424671924,0.0080617890386644082,-0.9041172563704748,0.004919285476335254,-0.76990267419430469,0.0022679463198474964,-0.58731795428661759,0.00069221856012048686,-0.36783149899818013,6.7185735089390889e-05,-0.12523340851146897,6.7185390231242652e-05,0.12523340851146886,0.00069221791686062233,0.36783149899818024,0.0022679455461711881,0.58731795428661748,0.0049192846391885254,0.76990267419430469,0.0080617881729372828,0.9041172563704748,0.010480988879222601,0.98156063424671924
20,0.94234971658960009,0,0,0.041993781184412313,0.012584517783767258,-0.98156063424671924,0.0096797850123984761,-0.9041172563704748,0.0059065829704857374,-0.76990267419430469,0.0027231217213963504,-0.58731795428661759,0.00083114639973911925,-0.36783149899818013,8.0669902453033604e-05,-0.12523340851146897,8.0669568708760108e-05,0.12523340851146886,0.00083114576030792527,0.36783149899818024,0.00272312094922284,0.58731795428661748,0.005906582134093381,0.76990267419430469,0.0096797841471812657,0.9041172563704748,0.012584516909030124,0.98156063424671924
21,0.93705893211700719,0,0,0.049882109340448594,0.014948458134151299,-0.98156063424671924,0.011498085465704548,-0.9041172563704748,0.007016105806569025,-0.76990267419430469,0.0032346468755185495,-0.58731795428661759,0.00098727321307740174,-0.36783149899818013,9.5823383823104627e-05,-0.12523340851146897,9.5823060819645443e-05,0.12523340851146886,0.00098727257762687534,0.36783149899818024,0.0032346461049937414,0.58731795428661748,0.0070161049710624245,0.76990267419430469,0.011498084601120652,0.9041172563704748,0.014948457259981241,0.98156063424671924
22,0.93161627902894761,0,0,0.05867073228057855,0.01758219496133244,-0.98156063424671924,0.013523908522642744,-0.9041172563704748,0.0082522584676270935,-0.76990267419430469,0.0038045523883717012,-0.58731795428661759,0.0011612187782601884,-0.36783149899818013,0.00011270633425405326,-0.12523340851146897,0.00011270602157986131,0.12523340851146886,0.0011612181469299562,0.36783149899818024,0.0038045516196414729,0.58731795428661748,0.0082522576331412623,0.76990267419430469,0.013523907658820314,0.9041172563704748,0.017582194087854854,0.98156063424671924
23,0.92603507641123173,0,0,0.068384063033225653,0.020493044256797231,-0.98156063424671924,0.01576288151245343,-0.9041172563704748,0.0096184747372883052,-0.76990267419430469,0.0044344213429484344,-0.58731795428661759,0.0013534662811668218,-0.36783149899818013,0.00013136565129471723,-0.12523340851146897,0.00013136534850926017,0.12523340851146886,0.0013534656540832885,0.36783149899818024,0.0044344205761573073,0.58731795428661748,0.0096184739039605859,0.76990267419430469,0.01576288064952416,0.9041172563704748,0.020493043384141409,0.98156063424671924
24,0.92032898240328276,0,0,0.079039102670290323,0.023686100828720566,-0.98156063424671924,0.018218923270072313,-0.9041172563704748,0.011117145879806917,-0.76990267419430469,0.005125356187800436,-0.58731795428661759,0.0015643522092646089,-0.36783149899818013,0.00015183399409541526,-0.12523340851146897,0.00015183370073803296,0.12523340851146886,0.0015643515865402908,0.36783149899818024,0.0051253554230903031,0.58731795428661748,0.011117145047775711,0.76990267419430469,0.018218922408170198,0.9041172563704748,0.023686099957018446,0.98156063424671924
25,0.91451196077445318,0,0,0.09064502130562678,0.02716411273738761,-0.98156063424671924,0.020894147554112376,-0.9041172563704748,0.012749561705933284,-0.76990267419430469,0.00587795156653847,-0.58731795428661759,0.0017940580586756794,-0.36783149899818013,0.00017412897850570708,-0.12523340851146897,0.00017412869410355535,0.12523340851146886,0.0017940574404086743,0.36783149899818024,0.0058779508040473702,0.58731795428661748,0.012749560875336779,0.76990267419430469,0.020894146693372476,0.9041172563704748,0.027164111866772644,0.98156063424671924
26,0.90859824675239631,0,0,0.10320283526771401,0.030927384551685203,-0.98156063424671924,0.023788788633494876,-0.9041172563704748,0.014515865166043728,-0.76990267419430469,0.0066922733838274103,-0.58731795428661759,0.0020426039447360507,-0.36783149899818013,0.00019825255692303715,-0.12523340851146897,0.00019825228099821908,0.12523340851146886,0.0020426033310096976,0.36783149899818024,0.0066922726236883908,0.58731795428661748,0.014515864337018651,0.76990267419430469,0.02378878777405212,0.9041172563704748,0.03092738368229114,0.98156063424671924
27,0.90260231218711917,0,0,0.11670518349325727,0.034973710339695895,-0.98156063424671924,0.026901149745017928,-0.9041172563704748,0.016415020899065002,-0.76990267419430469,0.0075678443054444846,-0.58731795428661759,0.0023098441763483631,-0.36783149899818013,0.00022419058874518954,-0.12523340851146897,0.00022419032082086511,0.12523340851146886,0.0023098435672310206,0.36783149899818024,0.0075678435477845177,0.58731795428661748,0.016415020071745435,0.76990267419430469,0.026901148887005896,0.9041172563704748,0.034973709471655547,0.98156063424671924
28,0.89653883013597413,0,0,0.13113620464709186,0.039298336844517931,-0.98156063424671924,0.03022757476885863,-0.9041172563704748,0.018444797948929469,-0.76990267419430469,0.0085036357900177707,-0.58731795428661759,0.0025954648239227473,-0.36783149899818013,0.00025191260431815793,-0.12523340851146897,0.00025191234392381805,0.12523340851146886,0.0025954642194677409,0.36783149899818024,0.0085036350349567795,0.58731795428661748,0.018444797123445721,0.76990267419430469,0.030227573912408351,0.9041172563704748,0.039298335977962034,0.98156063424671924
29,0.89042263895625351,0,0,0.14647151493531688,0.043893956835400122,-0.98156063424671924,0.033762443114385428,-0.9041172563704748,0.020601766643909294,-0.76990267419430469,0.0094980666503003686,-0.58731795428661759,0.0028989832802513125,-0.36783149899818013,0.00028137176231606334,-0.12523340851146897,0.00028137150899180328,0.12523340851146886,0.0028989826804969769,0.36783149899818024,0.0094980658979503009,0.58731795428661748,0.020601765820386805,0.76990267419430469,0.033762442259624277,0.9041172563704748,0.043893955970456235,0.98156063424671924
30,0.88426870599326446,0,0,0.16267828507217666,0.048750732172846235,-0.98156063424671924,0.037498187461422021,-0.9041172563704748,0.022881309422295673,-0.76990267419430469,0.010549008044151211,-0.58731795428661759,0.0032197497838465368,-0.36783149899818013,0.00031250499759554877,-0.12523340851146897,0.00031250475089558764,0.12523340851146886,0.0032197491888164178,0.36783149899818024,0.010549007294615257,0.58731795428661748,0.02288130860085396,0.76990267419430469,0.037498186608472678,0.9041172563704748,0.048750731309637536,0.98156063424671924
31,0.87809209095274487,0,0,0.17971541341700453,0.053856345693550849,-0.98156063424671924,0.041425333669208142,-0.9041172563704748,0.025277645184756701,-0.76990267419430469,0.011653794701743053,-0.58731795428661759,0.0035569508456901986,-0.36783149899818013,0.00034523335379317446,-0.12523340851146897,0.00034523311328847752,0.12523340851146886,0.0035569502553933013,0.36783149899818024,0.011653793955114886,0.58731795428661748,0.025277644365508389,0.76990267419430469,0.041425332818187492,0.9041172563704748,0.053856344832195147,0.98156063424671924
32,0.87190790904725513,0,0,0.19753379094242698,0.05919608061493329,-0.98156063424671924,0.04553256185294062,-0.9041172563704748,0.027783866563105011,-0.76990267419430469,0.012809242107644373,-0.58731795428661759,0.0039096144935185798,-0.36783149899818013,0.00037946249233073218,-0.12523340851146897,0.00037946225761102665,0.12523340851146886,0.0039096139079497398,0.36783149899818024,0.012809241364007511,0.58731795428661748,0.027783865746154927,0.76990267419430469,0.045532561003958791,0.9041172563704748,0.059196079755542037,0.98156063424671924
33,0.86573129400673554,0,0,0.21607665245559288,0.064752925787607857,-0.98156063424671924,0.049806787342082867,-0.9041172563704748,0.030391989320875754,-0.76990267419430469,0.014011669276049939,-0.58731795428661759,0.0042766172232388796,-0.36783149899818013,0.00041508336711289782,-0.12523340851146897,0.00041508313778793694,0.12523340851146886,0.0042766166423791607,0.36783149899818024,0.014011668535477197,0.58731795428661748,0.030391988506320099,0.76990267419430469,0.04980678649524229,0.9041172563704748,0.064752924930285213,0.98156063424671924
34,0.85957736104374649,0,0,0.23528000739216215,0.070507704793876982,-0.98156063424671924,0.054233259980606872,-0.9041172563704748,0.03309301294611048,-0.76990267419430469,0.015256926685972705,-0.58731795428661759,0.0046566925252600677,-0.36783149899818013,0.00045197305208418141,-0.12523340851146897,0.00045197282778455268,0.12523340851146886,0.0046566919490772466,0.36783149899818024,0.01525692594852571,0.58731795428661748,0.033093012134036044,0.76990267419430469,0.05423325913600141,0.9041172563704748,0.070507703938718927,0.98156063424671924
35,0.85346116986402587,0,0,0.25507314255852614,0.076439226607361799,-0.98156063424671924,0.058795680011674713,-0.9041172563704748,0.035876991363928599,-0.76990267419430469,0.016540428881978222,-0.58731795428661759,0.0050484408348326071,-0.36783149899818013,0.00048999570699865202,-0.12523340851146897,0.0004899954873760112,0.12523340851146886,0.0050484402632816564,0.36783149899818024,0.016540428147706995,0.58731795428661748,0.035876990554412118,0.76990267419430469,0.058795679169388888,0.9041172563704748,0.076439225754455289,0.98156063424671924
36,0.84739768781288083,0,0,0.27537918842532649,0.082524455297413188,-0.98156063424671924,0.063476328611223043,-0.9041172563704748,0.038733112587826413,-0.76990267419430469,0.017857191195955517,-0.58731795428661759,0.0054503407402037574,-0.36783149899818013,0.00052900366527170264,-0.12523340851146897,0.00052900344999870866,0.12523340851146886,0.0054503401732274017,0.36783149899818024,0.017857190464898181,0.58731795428661748,0.038733111780933915,0.76990267419430469,0.063476327771331512,0.9041172563704748,0.082524454446835455,0.98156063424671924
37,0.84140175324760369,0,0,0.29611573998693391,0.088738696085615035,-0.98156063424671924,0.068256210999283584,-0.9041172563704748,0.041649786045882306,-0.76990267419430469,0.019201870007262697,-0.58731795428661759,0.0058607612707495408,-0.36783149899818013,0.00056883862665319711,-0.12523340851146897,0.00056883841542303658,0.12523340851146886,0.0058607607082787729,0.36783149899818024,0.019201869279445196,0.58731795428661748,0.04164978524166859,0.76990267419430469,0.06825621016185035,0.9041172563704748,0.088738695237432913,0.98156063424671924
38,0.83548803922554682,0,0,0.31719552280208457,0.09505579494198356,-0.98156063424671924,0.073115209965794209,-0.9041172563704748,0.044614736261860667,-0.76990267419430469,0.020568805932682083,-0.58731795428661759,0.0062779750793380837,-0.36783149899818013,0.00060933293669359798,-0.12523340851146897,0.00060933272921932953,0.12523340851146886,0.0062779745212927255,0.36783149899818024,0.020568805208118029,0.58731795428661748,0.044614735460368871,0.76990267419430469,0.073115209130871925,0.9041172563704748,0.09505579409625281,0.98156063424671924
39,0.82967101759671724,0,0,0.33852709462325126,0.10144834884624536,-0.98156063424671924,0.078032247599797058,-0.9041172563704748,0.047615101542004171,-0.76990267419430469,0.02195206932415621,-0.58731795428661759,0.0067001723290698884,-0.36783149899818013,0.0006503109345761699,-0.12523340851146897,0.00065031073058979089,0.12523340851146886,0.0067001717753591185,0.36783149899818024,0.021952068602846774,0.58731795428661748,0.047615100743265359,0.76990267419430469,0.078032246767426747,0.9041172563704748,0.1014483480030102,0.98156063424671924
40,0.82396492358876827,0,0,0.36001557300191261,0.10788792383346135,-0.98156063424671924,0.082985453006215876,-0.9041172563704748,0.050637536315433218,-0.76990267419430469,0.023345507450952516,-0.58731795428661759,0.0071254750941364374,-0.36783149899818013,0.00069159035084881795,-0.12523340851146897,0.00069159015010027971,0.12523340851146886,0.0071254745446593243,0.36783149899818024,0.023345506732886285,0.58731795428661748,0.050637535519466072,0.76990267419430469,0.082985452176426458,0.9041172563704748,0.10788792299275395,0.98156063424671924
41,0.81838372097105239,0,0,0.3815633794174329,0.11434527799137545,-0.98156063424671924,0.087952333831410948,-0.9041172563704748,0.053668315798653048,-0.76990267419430469,0.024742792753315038,-0.58731795428661759,0.0075519520877162932,-0.36783149899818013,0.00073298373689787831,-0.12523340851146897,0.00073298353915390857,0.12523340851146886,0.0075519515423623281,0.36783149899818024,0.024742792038468055,0.58731795428661748,0.053668315005463686,0.76990267419430469,0.087952333004218938,0.9041172563704748,0.1143452771532155,0.98156063424671924
42,0.81294106788299281,0,0,0.40307099080529751,0.12079058667517033,-0.98156063424671924,0.092909949494323726,-0.9041172563704748,0.056693441700807791,-0.76990267419430469,0.026137471575933616,-0.58731795428661759,0.0079776335363202309,-0.36783149899818013,0.0007742999086359513,-0.12523340851146897,0.00077429971367892487,0.12523340851146886,0.0079776329949698688,0.36783149899818024,0.026137470864269412,0.58731795428661748,0.056693440910389546,0.76990267419430469,0.092909948669733011,0.9041172563704748,0.12079058583956495,0.98156063424671924
43,0.80765028341040002,0,0,0.42443768984183178,0.12719366734957141,-0.98156063424671924,0.097835084130984434,-0.9041172563704748,0.059698747754029211,-0.76990267419430469,0.027523012820776013,-0.58731795428661759,0.0084005260295245115,-0.36783149899818013,0.00081534538780100895,-0.12523340851146897,0.00081534519542769419,0.12523340851146886,0.0084005254920496257,0.36783149899818024,0.027523012112245778,0.58731795428661748,0.059698746966362563,0.76990267419430469,0.097835083308986076,0.9041172563704748,0.12719366651651476,0.98156063424671924
44,0.8025243149915352,0,0,0.44556230595656193,0.13352420165225046,-0.98156063424671924,0.10270441740169362,-0.9041172563704748,0.062670003939593807,-0.76990267419430469,0.028892855998646626,-0.58731795428661759,0.0088186271861844402,-0.36783149899818013,0.0008559258254431573,-0.12523340851146897,0.00085592563546355569,0.12523340851146886,0.0088186266524488167,0.36783149899818024,0.02889285529318936,0.58731795428661748,0.062670003154646436,0.76990267419430469,0.10270441658226565,0.9041172563704748,0.13352420082172387,0.98156063424671924
45,0.79757570673269607,0,0,0.46634393977027794,0.13975195249031475,-0.98156063424671924,0.10749469147774145,-0.9041172563704748,0.065593018382842885,-0.76990267419430469,0.030240458205970953,-0.58731795428661759,0.0092299399926072927,-0.36783149899818013,0.00089584739357218847,-0.12523340851146897,0.00089584720580832911,0.12523340851146886,0.0092299394624670798,0.36783149899818024,0.030240457503513698,0.58731795428661748,0.065593017600569764,0.76990267419430469,0.10749469066084905,0.9041172563704748,0.13975195166228677,0.98156063424671924
46,0.79281656871087791,0,0,0.48668266447111147,0.14584697422567963,-0.98156063424671924,0.11218287271222084,-0.9041172563704748,0.068453736004348328,-0.76990267419430469,0.03155933960610665,-0.58731795428661759,0.0096324866842793615,-0.36783149899818013,0.00093491813250291529,-0.12523340851146897,0.00093491794678774885,0.12523340851146886,0.0096324861575835391,0.36783149899818024,0.031559338906564746,0.58731795428661748,0.068453735224691711,0.76990267419430469,0.11218287189781645,0.9041172563704748,0.14584697340010594,0.98156063424671924
47,0.78825854733866185,0,0,0.50648019851972093,0.15177981426847104,-0.98156063424671924,0.11674630670205169,-0.9041172563704748,0.071238333138410034,-0.76990267419430469,0.0328431270514669,-0.58731795428661759,0.010024322060134998,-0.36783149899818013,0.00097294924312370159,-0.12523340851146897,0.00097294905929997332,0.12523340851146886,0.010024321536725781,0.36783149899818024,0.032843126354744304,0.58731795428661748,0.071238332361299825,0.76990267419430469,0.11674630589007505,0.9041172563704748,0.15177981344529431,0.98156063424671924
48,0.78391279686389537,0,0,0.52564054499069024,0.15752170467211091,-0.98156063424671924,0.12116286565947904,-0.9041172563704748,0.073933307458812658,-0.76990267419430469,0.034085595542141439,-0.58731795428661759,0.010403546136485172,-0.36783149899818013,0.0010097563150729745,-0.12523340851146897,0.001009756132992246,0.12523340851146886,0.010403545616198436,0.36783149899818024,0.034085594848131097,0.58731795428661748,0.073933306684166505,0.76990267419430469,0.12116286484985775,0.9041172563704748,0.15752170385126157,0.98156063424671924
49,0.77978995207398505,0,0,0.54407059378732348,0.16304474260246249,-0.98156063424671924,0.12541108722569783,-0.9041172563704748,0.076525562682586229,-0.76990267419430469,0.035280707277012303,-0.58731795428661759,0.010768316066131496,-0.36783149899818013,0.001045160483595515,-0.12523340851146897,0.0010451603031171651,0.12523340851146886,0.010768315548797142,0.36783149899818024,0.035280706585596573,0.58731795428661748,0.076525561910309611,0.76990267419430469,0.12541108641834714,0.9041172563704748,0.16304474178385878,0.98156063424671924
50,0.77590010227172401,0,0,0.56168068388478753,0.16832205882844223,-0.98156063424671924,0.12947030407080509,-0.9041172563704748,0.079002487651603864,-0.76990267419430469,0.036422648112874906,-0.58731795428661759,0.011116857266356063,-0.36783149899818013,0.0010789895096130167,-0.12523340851146897,0.0010789893306033748,0.12523340851146886,0.011116856751798444,0.36783149899818024,0.036422647423925938,0.58731795428661748,0.079002486881591297,0.76990267419430469,0.1294703032656285,0.9041172563704748,0.16832205801199052,0.98156063424671924
51,0.77225276658656039,0,0,0.57838512364147754,0.17332797364669608,-0.98156063424671924,0.13332076382825966,-0.9041172563704748,0.081352029516320271,-0.76990267419430469,0.037505861304458113,-0.58731795428661759,0.011447473716992057,-0.36783149899818013,0.0011110787792436314,-0.12523340851146897,0.0011110786015751494,0.12523340851146886,0.011447473205030376,0.36783149899818024,0.037505860617838435,0.58731795428661748,0.081352028748455305,0.76990267419430469,0.13332076302514956,0.9041172563704748,0.17332797283229087,0.98156063424671924
52,0.76885687068212616,0,0,0.59410266804714296,0.1780381399012686,-0.98156063424671924,0.13694373910304364,-0.9041172563704748,0.083562760862503513,-0.76990267419430469,0.038525078451973192,-0.58731795428661759,0.011758557406181131,-0.36783149899818013,0.0011412722205968832,-0.12523340851146897,0.0011412720441474093,0.12523340851146886,0.011758556896629743,0.36783149899818024,0.038525077767536248,0.58731795428661748,0.083562760096659472,0.76990267419430469,0.13694373830188156,0.9041172563704748,0.17803813908879371,0.98156063424671924
53,0.76572072491779664,0,0,0.60875695253261397,0.18242967298584065,-0.98156063424671924,0.1403216274670476,-0.9041172563704748,0.085623940728193695,-0.76990267419430469,0.03947534763186393,-0.58731795428661759,0.012048596916392084,-0.36783149899818013,0.0011694231371233526,-0.12523340851146897,0.0011694229617753955,0.12523340851146886,0.012048596409061014,0.36783149899818024,0.039475346949454558,0.58731795428661748,0.085623939964234175,0.76990267419430469,0.1403216266677049,0.9041172563704748,0.18242967217516962,0.98156063424671924
54,0.76285200401926878,0,0,0.62227688363098832,0.18648126791539657,-0.98156063424671924,0.14343804150849437,-0.9041172563704748,0.0875255695516583,-0.76990267419430469,0.04035205872955392,-0.58731795428661759,0.01231618515643837,-0.36783149899818013,0.0011953949580758136,-0.12523340851146897,0.0011953947837159635,0.12523340851146886,0.012316184651133637,0.36783149899818024,0.040352058049009071,0.58731795428661748,0.087525568789437624,0.76990267419430469,0.14343804071083294,0.9041172563704748,0.18648126710639334,0.98156063424671924
55,0.76025772831121485,0,0,0.63459698734151671,0.19017330372241795,-0.98156063424671924,0.14627788913161607,-0.9041172563704748,0.08925843817007427,-0.76990267419430469,0.041150966029390466,-0.58731795428661759,0.012560026256341677,-0.36783149899818013,0.001219061907717223,-0.12523340851146897,0.0012190617342355704,0.12523340851146886,0.012560025752865632,0.36783149899818024,0.041150965350539762,0.58731795428661748,0.089258437409437993,0.76990267419430469,0.14627788833548891,0.9041172563704748,0.19017330291493753,0.98156063424671924
56,0.75794424656554571,0,0,0.64565771648588455,0.19348793556409505,-0.98156063424671924,0.14882744440386644,-0.9041172563704748,0.090814171050337275,-0.76990267419430469,0.04186820814541644,-0.58731795428661759,0.012778941650567626,-0.36783149899818013,0.0012403095957529491,-0.12523340851146897,0.0012403094230425758,0.12523340851146886,0.012778941148719318,0.36783149899818024,0.041868207468082841,0.58731795428661748,0.09081417029112368,0.76990267419430469,0.14882744360911845,0.9041172563704748,0.19348793475798404,0.98156063424671924
57,0.75591722052641708,0,0,0.65540571863703012,0.19640917501408467,-0.98156063424671924,0.15107440931489874,-0.9041172563704748,0.092185263974250906,-0.76990267419430469,0.042500325395435787,-0.58731795428661759,0.012971875380908,-0.36783149899818013,0.0012590355320227582,-0.12523340851146897,0.0012590353599792581,0.12523340851146886,0.012971874880483557,0.36783149899818024,0.042500324719436336,0.58731795428661748,0.092185263216291433,0.76990267419430469,0.15107440852136778,0.9041172563704748,0.19640917420918222,0.98156063424671924
58,0.75418161120386262,0,0,0.66379406625912296,0.19892295902987128,-0.98156063424671924,0.15300796682502144,-0.9041172563704748,0.093365116408574644,-0.76990267419430469,0.043044274724630634,-0.58731795428661759,0.013137898651441327,-0.36783149899818013,0.0012751495686003068,-0.12523340851146897,0.0012751493971213967,0.12523340851146886,0.013137898152234333,0.36783149899818024,0.04304427404977712,0.58731795428661748,0.093365115651694516,0.76990267419430469,0.15300796603253894,0.9041172563704748,0.19892295822601017,0.98156063424671924
59,0.75274166714607549,0,0,0.6707824502143106,0.20101720794203784,-0.98156063424671924,0.15461882546950367,-0.9041172563704748,0.09434805872247061,-0.76990267419430469,0.043497442253665981,-0.58731795428661759,0.013276213658443729,-0.36783149899818013,0.0012885742715201423,-0.12523340851146897,0.0012885741005052619,0.12523340851146886,0.013276213160245595,0.36783149899818024,0.043497441579765705,0.58731795428661748,0.094348057966489804,0.76990267419430469,0.15461882467789539,0.9041172563704748,0.20101720713904525,0.98156063424671924
60,0.75160091542465746,0,0,0.67633733520720052,0.2026818720372012,-0.98156063424671924,0.15589925518933195,-0.9041172563704748,0.095129374051350704,-0.76990267419430469,0.043857653358615606,-0.58731795428661759,0.01338615666696644,-0.36783149899818013,0.0012992452193869564,-0.12523340851146897,0.0012992450487369351,0.12523340851146886,0.01338615616956677,0.36783149899818024,0.043857652685472114,0.58731795428661748,0.095129373296084785,0.76990267419430469,0.15589925439841901,0.9041172563704748,0.20268187123489947,0.98156063424671924
61,0.75076215916211786,0,0,0.68043206046364135,0.203908961728997,-0.98156063424671924,0.15684311053818994,-0.9041172563704748,0.095705312457723193,-0.76990267419430469,0.044123179199560776,-0.58731795428661759,0.013467200003483427,-0.36783149899818013,0.0013071111967798137,-0.12523340851146897,0.0013071110263965257,0.12523340851146886,0.013467199506670415,0.36783149899818024,0.044123178526974609,0.58731795428661748,0.095705311702984353,0.76990267419430469,0.15684310974778981,0.9041172563704748,0.20390896092720504,0.98156063424671924
62,0.75022751606222959,0,0,0.68304671872361167,0.2046925112951882,-0.98156063424671924,0.15744580278969356,-0.9041172563704748,0.096073073911090615,-0.76990267419430469,0.044292728873784208,-0.58731795428661759,0.013518949660902927,-0.36783149899818013,0.0013121339617971958,-0.12523340851146897,0.0013121337915832575,0.12523340851146886,0.013518949164463678,0.36783149899818024,0.044292728201553659,0.58731795428661748,0.096073073156688352,0.76990267419430469,0.15744580199962099,0.9041172563704748,0.20469251049372184,0.98156063424671924
63,0.75,0,0,0.68416045976627249,0.20502627243108248,-0.98156063424671924,0.1577025258601106,-0.9041172563704748,0.096229725749991918,-0.76990267419430469,0.044364950331495713,-0.58731795428661759,0.013540992968931104,-0.36783149899818013,0.0013142734611095016,-0.12523340851146897,0.0013142732909674788,0.12523340851146886,0.013540992472650866,0.36783149899818024,0.044364949659416612,0.58731795428661748,0.096229724995733054,0.76990267419430469,0.15770252507017757,0.9041172563704748,0.20502627162975481,0.98156063424671924
64,0.74977248393777041,0,0,0.68527484434965835,0.20536022642049884,-0.98156063424671924,0.1579593972699925,-0.9041172563704748,0.096386468105300466,-0.76990267419430469,0.044437213520137048,-0.58731795428661759,0.013563049014001557,-0.36783149899818013,0.0013164141966655117,-0.12523340851146897,0.0013164140265953114,0.12523340851146886,0.013563048517880306,0.36783149899818024,0.044437212848209444,0.58731795428661748,0.096386467351185084,0.76990267419430469,0.1579593964801991,0.9041172563704748,0.20536022561930981,0.98156063424671924
65,0.74923784083788214,0,0,0.68789608083222276,0.2061457473201983,-0.98156063424671924,0.15856360583581994,-0.9041172563704748,0.096755154810251404,-0.76990267419430469,0.044607189764637602,-0.58731795428661759,0.01361492886846374,-0.36783149899818013,0.0013214495984686448,-0.12523340851146897,0.0013214494285668445,0.12523340851146886,0.01361492837271599,0.36783149899818024,0.044607189093066199,0.58731795428661748,0.096755154056473544,0.76990267419430469,0.15856360504635511,0.9041172563704748,0.20614574651933554,0.98156063424671924
66,0.74839908457534254,0,0,0.69201544746641919,0.20738022143429968,-0.98156063424671924,0.15951314114967094,-0.9041172563704748,0.097334559118463171,-0.76990267419430469,0.044874313496075069,-0.58731795428661759,0.013696459910354862,-0.36783149899818013,0.001329362912023643,-0.12523340851146897,0.001329362742385013,0.12523340851146886,0.013696459415192793,0.36783149899818024,0.044874312825063052,0.58731795428661748,0.097334558365215776,0.76990267419430469,0.15951314036072264,0.9041172563704748,0.20738022063394995,0.98156063424671924
67,0.74725833285392451,0,0,0.69763191969076888,0.20906334172660521,-0.98156063424671924,0.16080776704481806,-0.9041172563704748,0.09812453692153221,-0.76990267419430469,0.045238518275914755,-0.58731795428661759,0.013807621861424493,-0.36783149899818013,0.0013401521691507215,-0.12523340851146897,0.0013401519998680472,0.12523340851146886,0.013807621367058416,0.36783149899818024,0.04523851760566467,0.58731795428661748,0.098124536169008209,0.76990267419430469,0.16080776625657439,0.9041172563704748,0.20906334092695567,0.98156063424671924
68,0.74581838879613738,0,0,0.70474424270405767,0.21119473216365717,-0.98156063424671924,0.16244719428308133,-0.9041172563704748,0.099124911726974602,-0.76990267419430469,0.045699722735536276,-0.58731795428661759,0.013948389886488678,-0.36783149899818013,0.0013538149593807802,-0.12523340851146897,0.0013538147905442078,0.12523340851146886,0.013948389393126412,0.36783149899818024,0.045699722066249886,0.58731795428661748,0.099124910975366923,0.76990267419430469,0.16244719349573067,0.9041172563704748,0.21119473136489542,0.98156063424671924
69,0.74408277947358292,0,0,0.71335049805124573,0.21377381783106481,-0.98156063424671924,0.16443098065063938,-0.9041172563704748,0.10033541369691529,-0.76990267419430469,0.046257802471139066,-0.58731795428661759,0.014118726015241599,-0.36783149899818013,0.0013703475973656791,-0.12523340851146897,0.0013703474290621589,0.12523340851146886,0.014118725523087886,0.36783149899818024,0.046257801803017154,0.58731795428661748,0.10033541294641667,0.76990267419430469,0.1644309798643703,0.9041172563704748,0.21377381703337855,0.98156063424671924
70,0.74205575343445429,0,0,0.723447814167405,0.2167997381905529,-0.98156063424671924,0.16675846423690988,-0.9041172563704748,0.10175563893501123,-0.76990267419430469,0.046912571273724772,-0.58731795428661759,0.014318573413303334,-0.36783149899818013,0.0013897445668322676,-0.12523340851146897,0.0013897443991449997,0.12523340851146886,0.014318572922559197,0.36783149899818024,0.04691257060696688,0.58731795428661748,0.10175563818581418,0.76990267419430469,0.16675846345191112,0.9041172563704748,0.21679973739413022,0.98156063424671924
71,0.73974227168878515,0,0,0.73503205789947013,0.22027125463652497,-0.98156063424671924,0.16942869232871835,-0.9041172563704748,0.10338500609783362,-0.76990267419430469,0.047663761125570608,-0.58731795428661759,0.014547850276777971,-0.36783149899818013,0.0014119979279946415,-0.12523340851146897,0.0014119977610026987,0.12523340851146886,0.014547849787640139,0.36783149899818024,0.047663760460374766,0.58731795428661748,0.10338500535013022,0.76990267419430469,0.16942869154517876,0.9041172563704748,0.22027125384155438,0.98156063424671924
72,0.73714799598073122,0,0,0.74809749496990896,0.22418664874527314,-0.98156063424671924,0.17244034314541812,-0.9041172563704748,0.10522270863781402,-0.76990267419430469,0.048511000182715487,-0.58731795428661759,0.014806443112106068,-0.36783149899818013,0.0014370966653038278,-0.12523340851146897,0.0014370964990817405,0.12523340851146886,0.014806442624766403,0.36783149899818024,0.048510999519277898,0.58731795428661748,0.10522270789179597,0.76990267419430469,0.17244034236352662,0.9041172563704748,0.2241866479519434,0.98156063424671924
73,0.73427927508220348,0,0,0.76263642333802073,0.22854361240226681,-0.98156063424671924,0.17579164132677402,-0.9041172563704748,0.1072676632341419,-0.76990267419430469,0.049453788999970709,-0.58731795428661759,0.01509419947950353,-0.36783149899818013,0.0014650259831336164,-0.12523340851146897,0.0014650258177511624,0.12523340851146886,0.015094198994148499,0.36783149899818024,0.049453788338485419,0.58731795428661748,0.10726766249000019,0.76990267419430469,0.17579164054671936,0.9041172563704748,0.22854361161076661,0.98156063424671924
74,0.73114312931787384,0,0,0.77863878666957775,0.23333913196839337,-0.98156063424671924,0.17948026883571605,-0.9041172563704748,0.10951845542582539,-0.76990267419430469,0.05049147546603952,-0.58731795428661759,0.015410920342702085,-0.36783149899818013,0.001495766563254561,-0.12523340851146897,0.0014957663987765499,0.12523340851146886,0.015410919859512229,0.36783149899818024,0.050491474806698113,0.58731795428661748,0.10951845468375006,0.76990267419430469,0.17948026805768652,0.9041172563704748,0.23333913117891128,0.98156063424671924
75,0.72774723341343961,0,0,0.796091776231028,0.23856936897732212,-0.98156063424671924,0.18350327319289431,-0.9041172563704748,0.11197328361662348,-0.76990267419430469,0.051623228988017876,-0.58731795428661759,0.015756352189587219,-0.36783149899818013,0.0015292938000714261,-0.12523340851146897,0.0015292936365576754,0.12523340851146886,0.015756351708736689,0.36783149899818024,0.051623228331009102,0.58731795428661748,0.11197328287680328,0.76990267419430469,0.18350327241707762,0.9041172563704748,0.23856936819004615,0.98156063424671924
76,0.72409989772827599,0,0,0.81497943002687145,0.24422954000671432,-0.98156063424671924,0.18785697507577143,-0.9041172563704748,0.11462990269222084,-0.76990267419430469,0.052848014497126679,-0.58731795428661759,0.016130179098272662,-0.36783149899818013,0.0015655770305649183,-0.12523340851146897,0.0015655768680701216,0.12523340851146886,0.016130178619928753,0.36783149899818024,0.052848013842636057,0.58731795428661748,0.11462990195484302,0.76990267419430469,0.18785697430235451,0.9041172563704748,0.24422953922183199,0.98156063424671924
77,0.72021004792601495,0,0,0.83528223820764236,0.25031379842858076,-0.98156063424671924,0.19253687736312236,-0.9041172563704748,0.11748556851938596,-0.76990267419430469,0.054164566861066354,-0.58731795428661759,0.016532014927283425,-0.36783149899818013,0.0016045787762790458,-0.12523340851146897,0.0016045786148529658,0.12523340851146886,0.016532014451606212,0.36783149899818024,0.05416456620927574,0.58731795428661748,0.11748556778463587,0.76990267419430469,0.19253687659229091,0.9041172563704748,0.25031379764627876,0.98156063424671924
78,0.71608720313610463,0,0,0.85697676376242526,0.25681512074004387,-0.98156063424671924,0.1975375777026977,-0.9041172563704748,0.12053698459495676,-0.76990267419430469,0.055571366287509756,-0.58731795428661759,0.016961395808252434,-0.36783149899818013,0.0016462540146703656,-0.12523340851146897,0.0016462538543578554,0.12523340851146886,0.016961395335394373,0.36783149899818024,0.055571365638596937,0.58731795428661748,0.12053698386301735,0.76990267419430469,0.19753757693463581,0.9041172563704748,0.25681511996050743,0.98156063424671924
79,0.71174145266133815,0,0,0.88003528729909086,0.26372520011260348,-0.98156063424671924,0.20285268663123146,-0.9041172563704748,0.12378025208285361,-0.76990267419430469,0.057066615289583095,-0.58731795428661759,0.017417773115364382,-0.36783149899818013,0.0016905494967296075,-0.12523340851146897,0.0016905493375708623,0.12523340851146886,0.017417772645470016,0.36783149899818024,0.057066614643721383,0.58731795428661748,0.12378025135390505,0.76990267419430469,0.2028526858661211,0.9041172563704748,0.26372519933601607,0.98156063424671924
80,0.70718343128912209,0,0,0.904425484316567,0.271034349678477,-0.98156063424671924,0.20847475318403061,-0.9041172563704748,0.1272108244212187,-0.76990267419430469,0.058648217758319993,-0.58731795428661759,0.017900507077886315,-0.36783149899818013,0.0017374031270207771,-0.12523340851146897,0.0017374029690514459,0.12523340851146886,0.017900506611091892,0.36783149899818024,0.058648217115677657,0.58731795428661748,0.12721082369543793,0.76990267419430469,0.20847475242205116,0.9041172563704748,0.27103434890501954,0.98156063424671924
81,0.70242429326730393,0,0,0.93011014279807724,0.27873141790015288,-0.98156063424671924,0.21439519979875654,-0.9041172563704748,0.13082346760085006,-0.76990267419430469,0.060313760649761662,-0.58731795428661759,0.01840886119073586,-0.36783149899818013,0.0017867434211767694,-0.12523340851146897,0.0017867432644283099,0.12523340851146886,0.018408860727169161,0.36783149899818024,0.060313760010501531,0.58731795428661748,0.13082346687841012,0.76990267419430469,0.21439519904008431,0.9041172563704748,0.27873141713000343,0.98156063424671924
82,0.6974756850084648,0,0,0.95704692821348647,0.28680371814730277,-0.98156063424671924,0.22060426814725057,-0.9041172563704748,0.13461222711190313,-0.76990267419430469,0.062060498746339912,-0.58731795428661759,0.018941997563376885,-0.36783149899818013,0.0018384890544682561,-0.12523340851146897,0.0018384888989680167,0.12523340851146886,0.018941997103156919,0.36783149899818024,0.062060498110618832,0.58731795428661748,0.13461222639297274,0.76990267419430469,0.2206042673920581,0.9041172563704748,0.28680371738063609,0.98156063424671924
83,0.69234971658960009,0,0,0.9851882021295747,0.29523697433868756,-0.98156063424671924,0.22709097732426406,-0.9041172563704748,0.13857040243074878,-0.76990267419430469,0.063885342894510519,-0.58731795428661759,0.019498973329730204,-0.36783149899818013,0.0018925485133532713,-0.12523340851146897,0.0018925483591249034,0.12523340851146886,0.019498972872967084,0.36783149899818024,0.063885342262478828,0.58731795428661748,0.13857040171549154,0.76990267419430469,0.22709097657271962,0.9041172563704748,0.29523697357567458,0.98156063424671924
84,0.68705893211700719,0,0,1.0144808996068164,0.30401528420095053,-0.98156063424671924,0.23384309558678243,-0.9041172563704748,0.14269052977537228,-0.76990267419430469,0.065784852054446133,-0.58731795428661759,0.020078738221594592,-0.36783149899818013,0.0019488198599561532,-0.12523340851146897,0.0019488197070197237,0.12523340851146886,0.020078737768389254,0.36783149899818024,0.065784851426247098,0.58731795428661748,0.14269052906394597,0.76990267419430469,0.23384309483904928,0.9041172563704748,0.30401528344175721,0.98156063424671924
85,0.68161627902894761,0,0,1.0448664694327312,0.31312110135800436,-0.98156063424671924,0.24084712657750315,-0.9041172563704748,0.14696437369897042,-0.76990267419430469,0.067755229424418514,-0.58731795428661759,0.020680133385737244,-0.36783149899818013,0.0020071906172554423,-0.12523340851146897,0.0020071904656277966,0.12523340851146886,0.020680132936181428,0.36783149899818024,0.067755228800188,0.58731795428661748,0.14696437299152676,0.76990267419430469,0.24084712583373899,0.9041172563704748,0.31312110060279102,0.98156063424671924
86,0.67603507641123173,0,0,1.0762808800293142,0.32253523710134496,-0.98156063424671924,0.24808831068652959,-0.9041172563704748,0.15138292792085387,-0.76990267419430469,0.069792322823870698,-0.58731795428661759,0.021301891500814338,-0.36783149899818013,0.0020675377804321468,-0.12523340851146897,0.0020675376301269709,0.12523340851146886,0.02130189105499045,0.36783149899818024,0.069792322203736504,0.58731795428661748,0.15138292721753777,0.76990267419430469,0.2480883099468861,0.9041172563704748,0.32253523635026587,0.98156063424671924
87,0.67032898240328276,0,0,1.1086546926021801,0.33223688231107296,-0.98156063424671924,0.2555506419126275,-0.9041172563704748,0.15593642561514814,-0.76990267419430469,0.071891629436833693,-0.58731795428661759,0.021942638225148442,-0.36783149899818013,0.0021297279573892348,-0.12523340851146897,0.0021297278084174268,0.12523340851146886,0.021942637783129489,0.36783149899818024,0.071891628820915141,0.58731795428661748,0.15593642491609713,0.76990267419430469,0.25555064117724868,0.9041172563704748,0.33223688156427561,0.98156063424671924
88,0.66451196077445318,0,0,1.1419132018001825,0.34220364960816529,-0.98156063424671924,0.26321690028599387,-0.9041172563704748,0.16061435919509429,-0.76990267419430469,0.074048304933115511,-0.58731795428661759,0.022600894980681914,-0.36783149899818013,0.0021936176389592697,-0.12523340851146897,0.0021936174913289516,0.12523340851146886,0.022600894542531426,0.36783149899818024,0.074048304321522873,0.58731795428661748,0.16061435850043757,0.76990267419430469,0.26321689955501587,0.9041172563704748,0.34220364886578902,0.98156063424671924
89,0.65859824675239631,0,0,1.1759766428554235,0.35241163542930443,-0.98156063424671924,0.27106869961510155,-0.9041172563704748,0.16540550944806484,-0.76990267419430469,0.076257176900466281,-0.58731795428661759,0.023275083052719112,-0.36783149899818013,0.002259053596820714,-0.12523340851146897,0.0022590534505375877,0.12523340851146886,0.023275082618491077,0.36783149899818024,0.076257176293300394,0.58731795428661748,0.16540550875792265,0.76990267419430469,0.27106869888865215,0.9041172563704748,0.35241163469148024,0.98156063424671924
90,0.65260231218711917,0,0,1.2107604629042414,0.36283550133518677,-0.98156063424671924,0.27908655002758964,-0.9041172563704748,0.17029798369787491,-0.76990267419430469,0.078512762438611786,-0.58731795428661759,0.023963528959946735,-0.36783149899818013,0.0023258734047064728,-0.12523340851146897,0.0023258732597737316,0.12523340851146886,0.023963528529685585,0.36783149899818024,0.078512761835963535,0.58731795428661748,0.17029798301235807,0.76990267419430469,0.27908654930578725,0.9041172563704748,0.36283550060203679,0.98156063424671924
91,0.64653883013597413,0,0,1.2461756529781702,0.37344857350014982,-0.98156063424671924,0.28724993449589631,-0.9041172563704748,0.17527926250055106,-0.76990267419430469,0.080809289687481328,-0.58731795428661759,0.02466447102524217,-0.36783149899818013,0.0023939060761592056,-0.12523340851146897,0.0023939059325778209,0.12523340851146886,0.024664470598982829,0.36783149899818024,0.080809289089431302,0.58731795428661748,0.17527926181976017,0.76990267419430469,0.28724993377884911,0.9041172563704748,0.37344857277178617,0.98156063424671924
92,0.64042263895625351,0,0,1.2821291360280447,0.38422295899356945,-0.98156063424671924,0.29553739827882153,-0.9041172563704748,0.18033625422137134,-0.76990267419430469,0.083140722988951338,-0.58731795428661759,0.025376067055497317,-0.36783149899818013,0.0024629728099268629,-0.12523340851146897,0.0024629726676954648,0.12523340851146886,0.025376066633265131,0.36783149899818024,0.0831407223955693,0.58731795428661748,0.1803362535453962,0.76990267419430469,0.29553739756662734,0.9041172563704748,0.38422295827009328,0.98156063424671924
93,0.63426870599326446,0,0,1.3185242053284318,0.39512967715901931,-0.98156063424671924,0.30392664997601709,-0.9041172563704748,0.18545535669808658,-0.76990267419430469,0.085500791315542987,-0.58731795428661759,0.026096403018576401,-0.36783149899818013,0.0025328878321386034,-0.12523340851146897,0.0025328876912537267,0.12523340851146886,0.026096402600387206,0.36783149899818024,0.085500790726887432,0.58731795428661748,0.18545535602700566,0.76990267419430469,0.30392664926876234,0.9041172563704748,0.39512967644052066,0.98156063424671924
94,0.62809209095274487,0,0,1.3552610067271853,0.40613880413274656,-0.98156063424671924,0.31239467268900178,-0.9041172563704748,0.19062252507112165,-0.76990267419430469,0.087883019542292592,-0.58731795428661759,0.026823502588062129,-0.36783149899818013,0.0026034593227077059,-0.12523340851146897,0.0026034591831635922,0.12523340851146886,0.02682350217392223,0.36783149899818024,0.087883018958410414,0.58731795428661748,0.19062252440500133,0.76990267419430469,0.31239467198676069,0.9041172563704748,0.40613880341930353,0.98156063424671924
95,0.62190790904725513,0,0,1.3922370574735563,0.41721962832385423,-0.98156063424671924,0.32091784361372439,-0.9041172563704748,0.19582334475868821,-0.76990267419430469,0.090280762090588926,-0.58731795428661759,0.027555337411969388,-0.36783149899818013,0.0026744904120015395,-0.12523340851146897,0.0026744902737904064,0.12523340851146886,0.0275553370018757,0.36783149899818024,0.090280761511515234,0.58731795428661748,0.19582334409758229,0.76990267419430469,0.32091784291655856,0.9041172563704748,0.41721962761553155,0.98156063424671924
96,0.61573129400673554,0,0,1.429347793794671,0.42834081450966949,-0.98156063424671924,0.3294720602597731,-0.9041172563704748,0.20104310847546153,-0.76990267419430469,0.092687238436222188,-0.58731795428661759,0.028289837950450553,-0.36783149899818013,0.0027457802327377047,-0.12523340851146897,0.0027457800958495507,0.12523340851146886,0.028289837544390573,0.36783149899818024,0.092687237861980076,0.58731795428661748,0.20104310781941107,0.76990267419430469,0.32947205956773173,0.9041172563704748,0.42834081380651795,0.98156063424671924
97,0.60957736104374649,0,0,1.4664871390031653,0.4394705740837993,-0.98156063424671924,0.33803287140212429,-0.9041172563704748,0.20626689613904253,-0.76990267419430469,0.095095569948793243,-0.58731795428661759,0.029024904719856016,-0.36783149899818013,0.0028171250113201759,-0.12523340851146897,0.002817124875742942,0.12523340851146886,0.029024904317807992,0.36783149899818024,0.095095569379393313,0.58731795428661748,0.20626689548807522,0.76990267419430469,0.33803287071524285,0.9041172563704748,0.43947057338585699,0.98156063424671924
98,0.60346116986402587,0,0,1.503548083716741,0.45057683893383849,-0.98156063424671924,0.34657561082474947,-0.9041172563704748,0.21147965648000536,-0.76990267419430469,0.097498817516529224,-0.58731795428661759,0.02975841977651543,-0.36783149899818013,0.0028883191824428407,-0.12523340851146897,0.0028883190481621768,0.12523340851146886,0.02975841937844835,0.36783149899818024,0.0974988169519697,0.58731795428661748,0.21147965583413511,0.76990267419430469,0.34657561014304938,0.9041172563704748,0.45057683824112932,0.98156063424671924
99,0.59739768781288083,0,0,1.5404232697521827,0.46162743642022297,-0.98156063424671924,0.35507553191120733,-0.9041172563704748,0.2166662891687729,-0.76990267419430469,0.099890019409373948,-0.58731795428661759,0.030488258273244466,-0.36783149899818013,0.0029591565107513111,-0.12523340851146897,0.0029591563777507748,0.12523340851146886,0.030488257879118266,0.36783149899818024,0.099890018849640036,0.58731795428661748,0.21666628852799968,0.76990267419430469,0.35507553123469526,0.9041172563704748,0.46162743573275766,0.98156063424671924
100,0.59140175324760369,0,0,1.5770055694216716,0.47259026297726164,-0.98156063424671924,0.36350794117543878,-0.9041172563704748,0.2218117262958077,-0.76990267419430469,0.10226222884393549,-0.58731795428661759,0.031212299924853172,-0.36783149899818013,0.0030294312036729313,-0.12523340851146897,0.0030294310719337818,0.12523340851146886,0.031212299534618709,0.36783149899818024,0.10226222828899924,0.58731795428661748,0.22181172566011678,0.76990267419430469,0.36350794050410634,0.9041172563704748,0.47259026229503509,0.98156063424671924
101,0.58548803922554682,0,0,1.6131886522970302,0.48343345395861337,-0.98156063424671924,0.371848328903856,-0.9041172563704748,0.2269010120891197,-0.76990267419430469,0.10460855073578182,-0.58731795428661759,0.031928440225617957,-0.36783149899818013,0.0030989390001722843,-0.12523340851146897,0.0030989388696736277,0.12523340851146886,0.031928439839217261,0.36783149899818024,0.10460855018560238,0.58731795428661748,0.22690101145848227,0.76990267419430469,0.37184832823767977,0.9041172563704748,0.4834334532816042,0.98156063424671924
102,0.57967101759671724,0,0,1.6488675320092927,0.49412554749983445,-0.98156063424671924,0.38007249519547226,-0.9041172563704748,0.23191937982366922,-0.76990267419430469,0.1069221771571104,-0.58731795428661759,0.032634601271610317,-0.36783149899818013,0.0031674782211548657,-0.12523340851146897,0.0031674780918734251,0.12523340851146886,0.032634600888976552,0.36783149899818024,0.10692217661163383,0.58731795428661748,0.23191937919804195,0.76990267419430469,0.38007249453441333,0.9041172563704748,0.49412554682800536,0.98156063424671924
103,0.57396492358876827,0,0,1.6839390862972932,0.50463564036430664,-0.98156063424671924,0.38815666983578989,-0.9041172563704748,0.23685232496814396,-0.76990267419430469,0.10919642105972861,-0.58731795428661759,0.033328742053566375,-0.36783149899818013,0.0032348507684816651,-0.12523340851146897,0.0032348506403919461,0.12523340851146886,0.033328741674624039,0.36783149899818024,0.10919642051888791,0.58731795428661748,0.23685232434746895,0.76990267419430469,0.38815666917979441,0.9041172563704748,0.50463563969760539,0.98156063424671924
104,0.56838372097105239,0,0,1.7183025442943707,0.51493353397122577,-0.98156063424671924,0.396077624618906,-0.9041172563704748,0.24168567372365501,-0.76990267419430469,0.1114247478735627,-0.58731795428661759,0.034008868101329082,-0.36783149899818013,0.0033008630610484833,-0.12523340851146897,0.0033008629341225396,0.12523340851146886,0.034008867725994152,0.36783149899818024,0.11142474733727759,0.58731795428661748,0.24168567310785924,0.76990267419430469,0.39607762396790475,0.9041172563704748,0.51493353330958469,0.98156063424671924
105,0.56294106788299281,0,0,1.7518599359211906,0.52498986906771528,-0.98156063424671924,0.4038127769348816,-0.9041172563704748,0.24640564623251471,-0.76990267419430469,0.11360080464790606,-0.58731795428661759,0.034673040378289575,-0.36783149899818013,0.0033653268980705811,-0.12523340851146897,0.0033653267722782237,0.12523340851146886,0.034673040006469813,0.36783149899818024,0.11360080411608356,0.58731795428661748,0.24640564562151018,0.76990267419430469,0.40381277628878925,0.9041172563704748,0.52498986841104978,0.98156063424671924
106,0.55765028341040002,0,0,1.7845164992154441,0.53477624779564026,-0.98156063424671924,0.41134028366134434,-0.9041172563704748,0.25099891387068235,-0.76990267419430469,0.11571844646505046,-0.58731795428661759,0.035319383343310085,-0.36783149899818013,0.0034280602415643789,-0.12523340851146897,0.0034280601168729737,0.12523340851146886,0.035319382974905111,0.36783149899818024,0.1157184459375849,0.58731795428661748,0.2509989132643663,0.76990267419430469,0.41134028302006026,0.9041172563704748,0.53477624714385019,0.98156063424671924
107,0.5525243149915352,0,0,1.8161810424461575,0.54426534220846889,-0.98156063424671924,0.41863912463270869,-0.9041172563704748,0.25545265018049346,-0.76990267419430469,0.11777175992188682,-0.58731795428661759,0.035946092117737527,-0.36783149899818013,0.0034888879119698716,-0.12523340851146897,0.0034888877883445138,0.12523340851146886,0.035946091752639041,0.36783149899818024,0.11777175939866007,0.58731795428661748,0.25545264957874864,0.76990267419430469,0.41863912399611708,0.9041172563704748,0.54426534156143835,0.98156063424671924
108,0.54757570673269607,0,0,1.8467662589109117,0.55343098860835327,-0.98156063424671924,0.42568917520256305,-0.9041172563704748,0.25975457514806494,-0.76990267419430469,0.11975508354319153,-0.58731795428661759,0.036551438715911315,-0.36783149899818013,0.0035476421928771263,-0.12523340851146897,0.0035476420702805424,0.12523340851146886,0.036551438354003318,0.36783149899818024,0.11975508302407328,0.58731795428661748,0.25975457455076023,0.76990267419430469,0.4256891745705329,0.9041172563704748,0.55343098796595025,0.98156063424671924
109,0.54281656871087791,0,0,1.8761889933675191,0.56224826738922951,-0.98156063424671924,0.43247126765754956,-0.9041172563704748,0.26389299267790622,-0.76990267419430469,0.12166302505860861,-0.58731795428661759,0.037133777318413996,-0.36783149899818013,0.0036041633428421658,-0.12523340851146897,0.003604163221234869,0.12523340851146886,0.037133776959573081,0.36783149899818024,0.12166302454345652,0.58731795428661748,0.26389299208489625,0.76990267419430469,0.4324712670299351,0.9041172563704748,0.56224826675130823,0.98156063424671924
110,0.53825854733866185,0,0,1.9043704600884652,0.57069356838243868,-0.98156063424671924,0.43896724148003902,-0.9041172563704748,0.26785682126309124,-0.76990267419430469,0.12349047554256977,-0.58731795428661759,0.037691548587833232,-0.36783149899818013,0.0036583000142703256,-0.12523340851146897,0.0036582998936104893,0.12523340851146886,0.037691548231928745,0.36783149899818024,0.12349047503122998,0.58731795428661748,0.26785682067421629,0.76990267419430469,0.43896724085668049,0.9041172563704748,0.57069356774883717,0.98156063424671924
111,0.53391279686389537,0,0,1.9312364135178015,0.57874464199844999,-0.98156063424671924,0.44515998268542645,-0.9041172563704748,0.27163561798878766,-0.76990267419430469,0.12523262048068176,-0.58731795428661759,0.038223283046425346,-0.36783149899818013,0.0037099095812484478,-0.12523340851146897,0.0037099094614921574,0.12523340851146886,0.038223282693319684,0.36783149899818024,0.12523261997298901,0.58731795428661748,0.27163561740387521,0.76990267419430469,0.44515998206615304,0.9041172563704748,0.57874464136899195,0.98156063424671924
112,0.52978995207398505,0,0,1.9567172734403582,0.58638063673703233,-0.98156063424671924,0.45103345267428802,-0.9041172563704748,0.27521959613777303,-0.76990267419430469,0.12688494788642721,-0.58731795428661759,0.038727603553480719,-0.36783149899818013,0.0037588583799954976,-0.12523340851146897,0.0037588582610966498,0.12523340851146886,0.03872760320302962,0.36783149899818024,0.12688494738220527,0.58731795428661748,0.27521959555663783,0.76990267419430469,0.45103345205891188,0.9041172563704748,0.58638063611152769,0.98156063424671924
113,0.52590010227172401,0,0,1.9807482074170037,0.5935821238911011,-0.98156063424671924,0.45657270723412868,-0.9041172563704748,0.27859963678526395,-0.76990267419430469,0.12844325364674791,-0.58731795428661759,0.039203226936893473,-0.36783149899818013,0.0038050218672208268,-0.12523340851146897,0.0038050217491312961,0.12523340851146886,0.039203226588946281,0.36783149899818024,0.12844325314580932,0.58731795428661748,0.27859963620770839,0.76990267419430469,0.45657270662244837,0.9041172563704748,0.59358212326934745,0.98156063424671924
114,0.52225276658656039,0,0,2.0032691739875688,0.60033111049358323,-0.98156063424671924,0.46176390649788013,-0.9041172563704748,0.28176729487556768,-0.76990267419430469,0.12990364432357146,-0.58731795428661759,0.039648964848238939,-0.36783149899818013,0.0038482847031172085,-0.12523340851146897,0.0038482845857868678,0.12523340851146886,0.03964896450263921,0.36783149899818024,0.12990364382571987,0.58731795428661748,0.28176729430138248,0.76990267419430469,0.46176390588968158,0.9041172563704748,0.60033110987536453,0.98156063424671924
115,0.51885687068212616,0,0,2.0242249307738893,0.60661104174570357,-0.98156063424671924,0.46659431681169561,-0.9041172563704748,0.28471480036180613,-0.76990267419430469,0.13126253767926249,-0.58731795428661759,0.040063723923150593,-0.36783149899818013,0.0038885407669267558,-0.12523340851146897,0.0038885406503036814,0.12523340851146886,0.040063723579736338,0.36783149899818024,0.13126253718429259,0.58731795428661748,0.28471479979077097,0.76990267419430469,0.46659431620675257,0.9041172563704748,0.60661104113079145,0.98156063424671924
116,0.51572072491779664,0,0,2.043565012125967,0.61240679431808043,-0.98156063424671924,0.4710523055822719,-0.9041172563704748,0.28743505506176348,-0.76990267419430469,0.13251666122706865,-0.58731795428661759,0.04044650533888991,-0.36783149899818013,0.0039256931139992944,-0.12523340851146897,0.0039256929980296907,0.12523340851146886,0.040446504997493846,0.36783149899818024,0.13251666073476662,0.58731795428661748,0.28743505449364776,0.76990267419430469,0.47105230498034734,0.9041172563704748,0.61240679370623574,0.98156063424671924
117,0.51285200401926878,0,0,2.0612436813285675,0.61770466202820418,-0.98156063424671924,0.47512733026022586,-0.9041172563704748,0.28992162593556686,-0.76990267419430469,0.13366304913191809,-0.58731795428661759,0.040796403868413024,-0.36783149899818013,0.0039596538839809705,-0.12523340851146897,0.0039596537686094465,0.12523340851146886,0.040796403528863032,0.36783149899818024,0.13366304864206172,0.58731795428661748,0.28992162537013011,0.76990267419430469,0.4751273296610723,0.9041172563704748,0.61770466141917924,0.98156063424671924
118,0.51025772831121485,0,0,2.077219862623894,0.62249233546928862,-0.98156063424671924,0.47880992267096656,-0.9041172563704748,0.29216873552442035,-0.76990267419430469,0.13469903780237322,-0.58731795428661759,0.041112606534954639,-0.36783149899818013,0.0039903441702297537,-0.12523340851146897,0.0039903440553993768,0.12523340851146886,0.041112606197074172,0.36783149899818024,0.13469903731473282,0.58731795428661748,0.2921687349614131,0.76990267419430469,0.47880992207432699,0.9041172563704748,0.62249233486282263,0.98156063424671924
119,0.50794424656554571,0,0,2.0914570583890191,0.62675887719035339,-0.98156063424671924,0.48209166992366648,-0.9041172563704748,0.29417125030130215,-0.76990267419430469,0.13562226051993323,-0.58731795428661759,0.041394390972792981,-0.36783149899818013,0.00401769386071304,-0.12523340851146897,0.0040176937463654912,0.12523340851146886,0.041394390636401331,0.36783149899818024,0.13562226003427241,0.58731795428661748,0.29417124974046677,0.76990267419430469,0.48209166932927477,0.9041172563704748,0.62675887658617557,0.98156063424671924
120,0.50591722052641708,0,0,2.1039232567177955,0.63049469400076708,-0.98156063424671924,0.48496519310841274,-0.9041172563704748,0.29592466767201431,-0.76990267419430469,0.13643064144610642,-0.58731795428661759,0.041641123598098823,-0.36783149899818013,0.0040416414604723004,-0.12523340851146897,0.0040416413465479539,0.12523340851146886,0.041641123263011615,0.36783149899818024,0.13643064096218285,0.58731795428661748,0.29592466711308602,0.76990267419430469,0.48496519251599568,0.9041172563704748,0.63049469339859965,0.98156063424671924
121,0.50418161120386262,0,0,2.1145908342912079,0.63369150786285455,-0.98156063424671924,0.48742412490732256,-0.9041172563704748,0.29742510231353531,-0.76990267419430469,0.13712238932395826,-0.58731795428661759,0.041852257686532883,-0.36783149899818013,0.0040621339050367035,-0.12523340851146897,0.004062133791474889,0.12523340851146886,0.041852257352562587,0.36783149899818024,0.13712238884152411,0.58731795428661748,0.29742510175624304,0.76990267419430469,0.48742412431659971,0.9041172563704748,0.63369150726241241,0.98156063424671924
122,0.50274166714607549,0,0,2.1234364584015313,0.63634232653091538,-0.98156063424671924,0.48946308701060337,-0.9041172563704748,0.29866927239335139,-0.76990267419430469,0.13769599112478659,-0.58731795428661759,0.042027331434095143,-0.36783149899818013,0.0040791263722113804,-0.12523340851146897,0.0040791262589504364,0.12523340851146886,0.042027331101051515,0.36783149899818024,0.13769599064358948,0.58731795428661748,0.29866927183741865,0.76990267419430469,0.48946308642128883,0.9041172563704748,0.63634232593190665,0.98156063424671924
123,0.50160091542465746,0,0,2.1304409883662436,0.63844141400736887,-0.98156063424671924,0.49107766739195108,-0.9041172563704748,0.29965448570295578,-0.76990267419430469,0.13815020565522576,-0.58731795428661759,0.042165966005896206,-0.36783149899818013,0.0040925820926932073,-0.12523340851146897,0.0040925819796707097,0.12523340851146886,0.042165965673586721,0.36783149899818024,0.13815020517500956,0.58731795428661748,0.29965448514810139,0.76990267419430469,0.49107766680375425,0.9041172563704748,0.63844141340949645,0.98156063424671924
124,0.50076215916211786,0,0,2.1355893570710744,0.63998425504408252,-0.98156063424671924,0.49226439300360841,-0.9041172563704748,0.30037862299643475,-0.76990267419430469,0.13848405587580748,-0.58731795428661759,0.042267863191641664,-0.36783149899818013,0.0041024721225147538,-0.12523340851146897,0.0041024720096676046,0.12523340851146886,0.04226786285987201,0.36783149899818024,0.138484055396313,0.58731795428661748,0.30037862244237407,0.76990267419430469,0.49226439241623426,0.9041172563704748,0.63998425444704632,0.98156063424671924
125,0.50022751606222959,0,0,2.1388702248413556,0.6409674514160254,-0.98156063424671924,0.49302064999192291,-0.9041172563704748,0.30084008930618078,-0.76990267419430469,0.13869680645596294,-0.58731795428661759,0.042332798555008835,-0.36783149899818013,0.0041087746781302004,-0.12523340851146897,0.0041087745653948246,0.12523340851146886,0.042332798223583316,0.36783149899818024,0.13869680597692882,0.58731795428661748,0.30084008875262652,0.76990267419430469,0.49302064940507312,0.9041172563704748,0.64096745081952178,0.98156063424671924
126,0.5,0,0,2.1402661928903561,0.64138578912946753,-0.98156063424671924,0.49334242784657528,-0.9041172563704748,0.30103643742783637,-0.76990267419430469,0.13878732915699749,-0.58731795428661759,0.042360427736938149,-0.36783149899818013,0.0041114563364238518,-0.12523340851146897,0.0041114562237360586,0.12523340851146886,0.042360427405659068,0.36783149899818024,0.13878732867815932,0.58731795428661748,0.30103643687449783,0.76990267419430469,0.49334242725994881,0.9041172563704748,0.64138578853319039,0.98156063424671924
127,0.49977248393777041,0,0,2.14166204227327,0.6418040912815659,-0.98156063424671924,0.49366417834808091,-0.9041172563704748,0.30123276885866346,-0.76990267419430469,0.13887784416303159,-0.58731795428661759,0.042388054570212851,-0.36783149899818013,0.0041141377667597038,-0.12523340851146897,0.0041141376541194959,0.12523340851146886,0.042388054239080208,0.36783149899818024,0.13887784368438943,0.58731795428661748,0.3012327683055408,0.76990267419430469,0.49366417776167781,0.9041172563704748,0.64180409068551558,0.98156063424671924
128,0.49923784083788214,0,0,2.1449416970504322,0.64278692414893557,-0.98156063424671924,0.49442015573520648,-0.9041172563704748,0.30169406455639436,-0.76990267419430469,0.13909051608564613,-0.58731795428661759,0.042452965925862368,-0.36783149899818013,0.0041204379922128434,-0.12523340851146897,0.0041204378796844297,0.12523340851146886,0.042452965595073888,0.36783149899818024,0.13909051560746458,0.58731795428661748,0.30169406400377913,0.76990267419430469,0.49442015514932863,0.9041172563704748,0.64278692355341815,0.98156063424671924
129,0.49839908457534254,0,0,2.1500855220240651,0.64432840353977838,-0.98156063424671924,0.49560583399331753,-0.9041172563704748,0.30241756275710063,-0.76990267419430469,0.13942407166422488,-0.58731795428661759,0.04255477318148855,-0.36783149899818013,0.0041303192935172794,-0.12523340851146897,0.0041303191811642992,0.12523340851146886,0.042554772851240041,0.36783149899818024,0.13942407118676614,0.58731795428661748,0.30241756220528193,0.76990267419430469,0.49560583340826447,0.9041172563704748,0.64432840294509774,0.98156063424671924
130,0.49725833285392451,0,0,2.1570786958101831,0.64642408784535144,-0.98156063424671924,0.49721779671675304,-0.9041172563704748,0.30340117877774797,-0.76990267419430469,0.13987754979388264,-0.58731795428661759,0.042693182990324707,-0.36783149899818013,0.0041437531987563135,-0.12523340851146897,0.0041437530866420217,0.12523340851146886,0.042693182660810625,0.36783149899818024,0.13987754931740742,0.58731795428661748,0.30340117822701385,0.76990267419430469,0.49721779613282296,0.9041172563704748,0.64642408725181066,0.98156063424671924
131,0.49581838879613738,0,0,2.1659014672676524,0.64906805812844681,-0.98156063424671924,0.49925149116533374,-0.9041172563704748,0.30464213454654088,-0.76990267419430469,0.14044966969556008,-0.58731795428661759,0.042867804435207192,-0.36783149899818013,0.0041607017659371377,-0.12523340851146897,0.0041607016541242202,0.12523340851146886,0.042867804106620132,0.36783149899818024,0.14044966922032748,0.58731795428661748,0.30464213399717754,0.76990267419430469,0.49925149058282342,0.9041172563704748,0.64906805753634722,0.98156063424671924
132,0.49408277947358287,0,0,2.1765288678965886,0.65225283193617856,-0.98156063424671924,0.50170116197070569,-0.9041172563704748,0.30613691815068211,-0.76990267419430469,0.14113881226626096,-0.58731795428661759,0.043078143336326723,-0.36783149899818013,0.0041811170305072927,-0.12523340851146897,0.0041811169190578042,0.12523340851146886,0.043078143008857081,0.36783149899818024,0.14113881179252774,0.58731795428661748,0.30613691760297351,0.76990267419430469,0.50170116138990972,0.9041172563704748,0.65225283134581913,0.98156063424671924
133,0.49205575343445429,0,0,2.1889306670729525,0.65596934988487776,-0.98156063424671924,0.5045598408176829,-0.9041172563704748,0.30788127753995143,-0.76990267419430469,0.14194301717620214,-0.58731795428661759,0.043323601365225763,-0.36783149899818013,0.0042049409193602736,-0.12523340851146897,0.0042049408083354011,0.12523340851146886,0.043323601039061216,0.36783149899818024,0.14194301670422238,0.58731795428661748,0.30788127699417878,0.76990267419430469,0.50455984023889322,0.9041172563704748,0.65596934929655526,0.98156063424671924
134,0.4897422716887852,0,0,2.2030713619490196,0.66020697263350869,-0.98156063424671924,0.50781934411625385,-0.9041172563704748,0.30987021910616885,-0.76990267419430469,0.14285998221390156,-0.58731795428661759,0.043603475844907293,-0.36783149899818013,0.0042321052314341469,-0.12523340851146897,0.0042321051208942207,0.12523340851146886,0.043603475520232367,0.36783149899818024,0.14285998174392595,0.58731795428661748,0.30987021856261043,0.76990267419430469,0.50781934353975966,0.9041172563704748,0.6602069720475171,0.98156063424671924
135,0.48714799598073127,0,0,2.2189101822546018,0.66495348232247908,-0.98156063424671924,0.51147027410828705,-0.9041172563704748,0.31209800835850454,-0.76990267419430469,0.14388706359751707,-0.58731795428661759,0.043916959844861041,-0.36783149899818013,0.0042625316469347991,-0.12523340851146897,0.0042625315369390088,0.12523340851146886,0.043916959521856674,0.36783149899818024,0.14388706312979255,0.58731795428661748,0.31209800781743519,0.76990267419430469,0.51147027353437491,0.9041172563704748,0.66495348173910784,0.98156063424671924
136,0.48427927508220342,0,0,2.236401109584274,0.67019508835355324,-0.98156063424671924,0.51550202331333783,-0.9041172563704748,0.31455817263629976,-0.76990267419430469,0.14502127722554253,-0.58731795428661759,0.044263142562798806,-0.36783149899818013,0.0042961317643865835,-0.12523340851146897,0.0042961316549929565,0.12523340851146886,0.044263142241641934,0.36783149899818024,0.14502127676031182,0.58731795428661748,0.31455817209798997,0.76990267419430469,0.51550202274228973,0.9041172563704748,0.67019508777308867,0.98156063424671924
137,0.48114312931787384,0,0,2.2554929142009246,0.67591643841898297,-0.98156063424671924,0.51990278301205683,-0.9041172563704748,0.31724350628562348,-0.76990267419430469,0.14625930106336485,-0.58731795428661759,0.044641010053075129,-0.36783149899818013,0.0043328071713320841,-0.12523340851146897,0.0043328070625972687,0.12523340851146886,0.044641009733938239,0.36783149899818024,0.14625930060086581,0.58731795428661748,0.31724350575033922,0.76990267419430469,0.51990278244415022,0.9041172563704748,0.67591643784170663,0.98156063424671924
138,0.47774723341343961,0,0,2.2761292132092494,0.6821006359346885,-0.98156063424671924,0.52465955665548092,-0.9041172563704748,0.32014607884159135,-0.76990267419430469,0.14759747891557173,-0.58731795428661759,0.045049446378064559,-0.36783149899818013,0.0043724495560833829,-0.12523340851146897,0.004372449448062656,0.12523340851146886,0.045049446061115231,0.36783149899818024,0.14759747845603685,0.58731795428661748,0.32014607830959341,0.76990267419430469,0.52465955609098769,0.9041172563704748,0.68210063536087751,0.98156063424671924
139,0.47409989772827599,0,0,2.2982485540942865,0.68872926507473131,-0.98156063424671924,0.52975817912109824,-0.9041172563704748,0.32325724677837336,-0.76990267419430469,0.14903182584307745,-0.58731795428661759,0.045487235261567317,-0.36783149899818013,0.0044149408681999503,-0.12523340851146897,0.0044149407609468446,0.12523340851146886,0.04548723494696786,0.36783149899818024,0.1490318253867334,0.58731795428661748,0.32325724624991653,0.76990267419430469,0.5297581785602844,0.9041172563704748,0.68872926450465688,0.98156063424671924
140,0.47021004792601501,0,0,2.3217845274825653,0.69578242456308792,-0.98156063424671924,0.535183342704875,-0.9041172563704748,0.32656766936947063,-0.76990267419430469,0.15055803547521232,-0.58731795428661759,0.045953062320592424,-0.36783149899818013,0.0044601535351027699,-0.12523340851146897,0.0044601534286692517,0.12523340851146886,0.0459530620084996,0.36783149899818024,0.15055803502227932,0.58731795428661748,0.32656766884480354,0.76990267419430469,0.53518334214800078,0.9041172563704748,0.69578242399701473,0.98156063424671924
141,0.46608720313610463,0,0,2.3466659126574472,0.70323877128106604,-0.98156063424671924,0.54091863066329615,-0.9041172563704748,0.33006732915499187,-0.76990267419430469,0.15217148944578529,-0.58731795428661759,0.046445517945416487,-0.36783149899818013,0.0045079507416099021,-0.12523340851146897,0.0045079506360460675,0.12523340851146886,0.046445517635981044,0.36783149899818024,0.15217148899647664,0.58731795428661748,0.33006732863435623,0.76990267419430469,0.54091863011061481,0.9041172563704748,0.70323877071925234,0.98156063424671924
142,0.46174145266133809,0,0,2.3728168588901837,0.7110755746078169,-0.98156063424671924,0.54694655901111033,-0.9041172563704748,0.33374555744654361,-0.76990267419430469,0.15386726915164586,-0.58731795428661759,0.046963100888511591,-0.36783149899818013,0.0045581867782736839,-0.12523340851146897,0.0045581866736278259,0.12523340851146886,0.046963100581877956,0.36783149899818024,0.15386726870616754,0.58731795428661748,0.33374555693017377,0.76990267419430469,0.54694655846286733,0.9041172563704748,0.71107557405051336,0.98156063424671924
143,0.45718343128912209,0,0,2.4001571050463122,0.7192687822310363,-0.98156063424671924,0.55324862714174106,-0.9041172563704748,0.33759106521569177,-0.76990267419430469,0.15564016999324276,-0.58731795428661759,0.047504222611023807,-0.36783149899818013,0.0046107074632453417,-0.12523340851146897,0.0046107073595636379,0.12523340851146886,0.047504222307329674,0.36783149899818024,0.1556401695517925,0.58731795428661748,0.33759106470381389,0.76990267419430469,0.55324862659817442,0.9041172563704748,0.71926878167848551,0.98156063424671924
144,0.45242429326730393,0,0,2.4286022392167106,0.7277930979520858,-0.98156063424671924,0.55980537767358696,-0.9041172563704748,0.34159197961203824,-0.76990267419430469,0.15748471821061361,-0.58731795428661759,0.048067212421424609,-0.36783149899818013,0.0046653506410266662,-0.12523340851146897,0.0046653505383533293,0.12523340851146886,0.04806721212080077,0.36783149899818024,0.15748471777338099,0.58731795428661748,0.34159197910486955,0.76990267419430469,0.55980537713492551,0.9041172563704748,0.72779309740452136,0.98156063424671924
145,0.4474756850084648,0,0,2.4580639993165665,0.73662207176820271,-0.98156063424671924,0.56659646573964051,-0.9041172563704748,0.34573588624358892,-0.76990267419430469,0.15939519037597363,-0.58731795428661759,0.048650323425005214,-0.36783149899818013,0.004721946759921691,-0.12523340851146897,0.0047219466582985167,0.12523340851146886,0.048650323127575182,0.36783149899818024,0.15939518994313945,0.58731795428661748,0.34573588574133729,0.76990267419430469,0.56659646520610352,0.9041172563704748,0.73662207122584911,0.98156063424671924
146,0.44234971658960004,0,0,2.4884506147203478,0.7457282022522016,-0.98156063424671924,0.57360073773611275,-0.9041172563704748,0.35000987722898941,-0.76990267419430469,0.16136563554731764,-0.58731795428661759,0.049251739285560377,-0.36783149899818013,0.0047803195283180082,-0.12523340851146897,0.004780319427784608,0.12523340851146886,0.0492517389914401,0.36783149899818024,0.16136563511905297,0.58731795428661748,0.35000987673185263,0.76990267419430469,0.57360073720790949,0.9041172563704748,0.74572820171527376,0.98156063424671924
147,0.43705893211700719,0,0,2.5196671880733841,0.7550830509721298,-0.98156063424671924,0.5807963193319795,-0.9041172563704748,0.35440060490075076,-0.76990267419430469,0.16338990002730702,-0.58731795428661759,0.049869581782253133,-0.36783149899818013,0.0048402866481481047,-0.12523340851146897,0.0048402865487415106,0.12523340851146886,0.049869581491550581,0.36783149899818024,0.16338989960377273,0.58731795428661748,0.3544006044089163,0.76990267419430469,0.58079631880930849,0.9041172563704748,0.75508305044083091,0.98156063424671924
148,0.43161627902894761,0,0,2.5516161154700643,0.76465736840846521,-0.98156063424671924,0.588160712322228,-0.9041172563704748,0.35889434090488281,-0.76990267419430469,0.16546165461007192,-0.58731795428661759,0.050501919125836514,-0.36783149899818013,0.0049016606220525141,-0.12523340851146897,0.0049016605238073399,0.12523340851146886,0.050501918838651655,0.36783149899818024,0.1654616541914187,0.58731795428661748,0.35889434041852669,0.76990267419430469,0.5881607118052764,0.9041172563704748,0.76465736788298688,0.98156063424671924
149,0.42603507641123173,0,0,2.5841975422366423,0.77442123054115342,-0.98156063424671924,0.59567089968815079,-0.9041172563704748,0.36347704030844802,-0.76990267419430469,0.16757442413682425,-0.58731795428661759,0.051146774979566295,-0.36783149899818013,0.0049642496289400428,-0.12523340851146897,0.0049642495318880878,0.12523340851146886,0.05114677469599075,0.36783149899818024,0.16757442372319192,0.58731795428661748,0.36347703982773399,0.76990267419430469,0.59567089917709459,0.9041172563704748,0.7744212300216754,0.98156063424671924
150,0.42032898240328276,0,0,2.6173098506318557,0.78434418500163383,-0.98156063424671924,0.60330345801486274,-0.9041172563704748,0.3681344101964763,-0.76990267419430469,0.16972161912120676,-0.58731795428661759,0.051802138111835518,-0.36783149899818013,0.0050278584608616497,-0.12523340851146897,0.0050278583650321153,0.12523340851146886,0.051802137831952359,0.36783149899818024,0.16972161871272373,0.58731795428661748,0.36813440972155587,0.76990267419430469,0.60330345750986403,0.9041172563704748,0.78434418448832299,0.98156063424671924
151,0.41451196077445324,0,0,2.650850174903717,0.79439540542284992,-0.98156063424671924,0.61103467621455165,-0.9041172563704748,0.37285198211662657,-0.76990267419430469,0.17189656914857593,-0.58731795428661759,0.052465972590245588,-0.36783149899818013,0.0050922895124362088,-0.12523340851146897,0.0050922894178552988,0.12523340851146886,0.05246597231412907,0.36783149899818024,0.17189656874535855,0.58731795428661748,0.37285198164763861,0.76990267419430469,0.61103467571575831,0.9041172563704748,0.79439540491585925,0.98156063424671924
152,0.40859824675239625,0,0,2.6847149383430065,0.80454385238113557,-0.98156063424671924,0.61884067932008924,-0.9041172563704748,0.3776151876177678,-0.76990267419430469,0.17409255770167967,-0.58731795428661759,0.053136228411039391,-0.36783149899818013,0.0051573438125313391,-0.12523340851146897,0.0051573437192225929,0.12523340851146886,0.053136228138754717,0.36783149899818024,0.17409255730383222,0.58731795428661748,0.37761518715483766,0.76990267419430469,0.61884067882763605,0.9041172563704748,0.80454385188060429,0.98156063424671924
153,0.40260231218711917,0,0,2.7188004062732229,0.81475843911386725,-0.98156063424671924,0.62669755595207133,-0.9041172563704748,0.38240943603008026,-0.76990267419430469,0.17630285801974691,-0.58731795428661759,0.05381085244395048,-0.36783149899818013,0.0052228220865589798,-0.12523340851146897,0.0052228219945427814,0.12523340851146886,0.05381085217555371,0.36783149899818024,0.17630285762736089,0.58731795428661748,0.38240943557331941,0.76990267419430469,0.62669755546607853,0.9041172563704748,0.81475843861991981,0.98156063424671924
154,0.39653883013597413,0,0,2.7530032483351192,0.82500820002248332,-0.98156063424671924,0.63458148792831293,-0.9041172563704748,0.38722019355247761,-0.76990267419430469,0.17852076956029317,-0.58731795428661759,0.054487799561012053,-0.36783149899818013,0.0052885258366251143,-0.12523340851146897,0.0052885257459189712,0.12523340851146886,0.054487799296550073,0.36783149899818024,0.1785207691734472,0.58731795428661748,0.3872201931019833,0.76990267419430469,0.63458148744888598,0.9041172563704748,0.82500819953522941,0.98156063424671924
155,0.39042263895625351,0,0,2.7872211029772722,0.83526245983659397,-0.98156063424671924,0.6424688803818438,-0.9041172563704748,0.39203306265031412,-0.76990267419430469,0.18073965460397734,-0.58731795428661759,0.055165043809028251,-0.36783149899818013,0.0053542584259180332,-0.12523340851146897,0.0053542583365361364,0.12523340851146886,0.055165043548538371,0.36783149899818024,0.18073965422273697,0.58731795428661748,0.39203306220616863,0.76990267419430469,0.64246887990907287,0.9041172563704748,0.83526245935612697,0.98156063424671924
156,0.38426870599326446,0,0,2.8213531367662745,0.84549100122565812,-0.98156063424671924,0.65033649068480048,-0.9041172563704748,0.39683386072445287,-0.76990267419430469,0.18295297452353362,-0.58731795428661759,0.055840589479514313,-0.36783149899818013,0.0054198261531443357,-0.12523340851146897,0.0054198260650978802,0.12523340851146886,0.055840589223024345,0.36783149899818024,0.1829529741479507,0.58731795428661748,0.39683386028672291,0.76990267419430469,0.65033649021875961,0.9041172563704748,0.84549100075205497,0.98156063424671924
157,0.37809209095274487,0,0,2.8553005909905496,0.85566422860287095,-0.98156063424671924,0.65816155444343238,-0.9041172563704748,0.40160869699313467,-0.76990267419430469,0.185154325228747,-0.58731795428661759,0.056512481927151061,-0.36783149899818013,0.0054850393025567563,-0.12523340851146897,0.0054850392158534485,0.12523340851146886,0.05651248167467892,0.36783149899818024,0.18515432485885946,0.58731795428661748,0.40160869656187087,0.76990267419430469,0.65816155398417886,0.9041172563704748,0.85566422813619214,0.98156063424671924
158,0.37190790904725513,0,0,2.8889673080555083,0.86575332587300247,-0.98156063424671924,0.66592190683490671,-0.9041172563704748,0.4063440465314232,-0.76990267419430469,0.18733747130098163,-0.58731795428661759,0.057178817988266094,-0.36783149899818013,0.0055497131551601846,-0.12523340851146897,0.005549713069804711,0.12523340851146886,0.057178817739820226,0.36783149899818024,0.18733747093681355,0.58731795428661748,0.40634404610666031,0.76990267419430469,0.6659219063824805,0.9041172563704748,0.86575332541329098,0.98156063424671924
159,0.36573129400673554,0,0,2.9222602303557488,0.87573040593227713,-0.98156063424671924,0.67359609759993111,-0.9041172563704748,0.41102682043944411,-0.76990267419430469,0.18949637834296143,-0.58731795428661759,0.057837755854578059,-0.36783149899818013,0.0056136689470469995,-0.12523340851146897,0.0056136688630405839,0.12523340851146886,0.057837755610157117,0.36783149899818024,0.18949637798452246,0.58731795428661748,0.41102682002120017,0.76990267419430469,0.67359609715435387,0.9041172563704748,0.87573040547955794,0.98156063424671924
160,0.35957736104374649,0,0,2.9550898646579467,0.88556864983264716,-0.98156063424671924,0.68116349808541066,-0.9041172563704748,0.41564443115957295,-0.76990267419430469,0.19162524309206169,-0.58731795428661759,0.058487524264323333,-0.36783149899818013,0.0056767347614774645,-0.12523340851146897,0.0056767346788182092,0.12523340851146886,0.058487524023916139,0.36783149899818024,0.191625242739347,0.58731795428661748,0.41564443074784957,0.76990267419430469,0.6811634976466876,0.9041172563704748,0.88556864938692781,0.98156063424671924
161,0.35346116986402587,0,0,2.9873707055295551,0.8952424336730872,-0.98156063424671924,0.68860439884695346,-0.9041172563704748,0.42018485203326433,-0.76990267419430469,0.19371852087789251,-0.58731795428661759,0.059126430882812116,-0.36783149899818013,0.0057387463422878234,-0.12523340851146897,0.0057387462609702431,0.12523340851146886,0.059126430646397624,0.36783149899818024,0.19371852053088295,0.58731795428661748,0.42018485162804659,0.76990267419430469,0.68860439841507326,0.9041172563704748,0.89524243323435559,0.98156063424671924
162,0.34739768781288083,0,0,3.0190216119891922,0.90472744147256479,-0.98156063424671924,0.69590009646873274,-0.9041172563704748,0.42463667027833574,-0.76990267419430469,0.19577095004650513,-0.58731795428661759,0.059752869757142286,-0.36783149899818013,0.0057995478174362874,-0.12523340851146897,0.005799547737451765,0.12523340851146886,0.059752869524689736,0.36783149899818024,0.19577094970516684,0.58731795428661748,0.42463666987959198,0.76990267419430469,0.69590009604366643,0.9041172563704748,0.90472744104079073,0.98156063424671924
163,0.34140175324760375,0,0,3.0499661323221945,0.91400076250937123,-0.98156063424671924,0.70303296843515262,-0.9041172563704748,0.42898913267548949,-0.76990267419430469,0.19777757302332385,-0.58731795428661759,0.060365327744991072,-0.36783149899818013,0.0058589923229749744,-0.12523340851146897,0.0058589922443114169,0.12523340851146886,0.060365327516460045,0.36783149899818024,0.19777757268760832,0.58731795428661748,0.42898913228317098,0.76990267419430469,0.70303296801685233,0.9041172563704748,0.91400076208450898,0.98156063424671924
164,0.33548803922554676,0,0,3.0801327728772416,0.92304097187294176,-0.98156063424671924,0.70998653508985932,-0.9041172563704748,0.43323218337556135,-0.76990267419430469,0.19973375374348537,-0.58731795428661759,0.060962389834673135,-0.36783149899818013,0.0059169425194086477,-0.12523340851146897,0.0059169424420508539,0.12523340851146886,0.060962389610013511,0.36783149899818024,0.19973375341332994,0.58731795428661748,0.43323218298960225,0.76990267419430469,0.70998653467825734,0.9041172563704748,0.92304097145492614,0.98156063424671924
165,0.32967101759671724,0,0,3.1094552076202748,0.93182819326207589,-0.98156063424671924,0.71674550793900149,-0.9041172563704748,0.43735649337406246,-0.76990267419430469,0.20163519124053639,-0.58731795428661759,0.061542743292659345,-0.36783149899818013,0.0059732709942487677,-0.12523340851146897,0.0059732709181780155,0.12523340851146886,0.061542743071811207,0.36783149899818024,0.20163519091586357,0.58731795428661748,0.43735649299438017,0.76990267419430469,0.716745507534013,0.9041172563704748,0.93182819285082075,0.98156063424671924
166,0.32396492358876827,0,0,3.1378724262432089,0.94034414336951433,-0.98156063424671924,0.72329582379105717,-0.9041172563704748,0.44135348134322244,-0.76990267419430469,0.20347792925066416,-0.58731795428661759,0.062105180594963241,-0.36783149899818013,0.0060278605465303257,-0.12523340851146897,0.0060278604717247785,0.12523340851146886,0.062105180377857262,0.36783149899818024,0.2034779289313822,0.58731795428661748,0.44135348096971733,0.76990267419430469,0.7232958233925787,0.9041172563704748,0.94034414296491664,0.98156063424671924
167,0.31838372097105239,0,0,3.1653288196877671,0.94857215751135282,-0.98156063424671924,0.72962466447051844,-0.9041172563704748,0.44521532566123734,-0.76990267419430469,0.20525836175856127,-0.58731795428661759,0.062648601119840483,-0.36783149899818013,0.0060806043511037891,-0.12523340851146897,0.0060806042775381087,0.12523340851146886,0.062648600906397858,0.36783149899818024,0.20525836144456425,0.58731795428661748,0.44521532529379321,0.76990267419430469,0.7296246640784293,0.9041172563704748,0.94857215711329856,0.98156063424671924
168,0.31294106788299281,0,0,3.1917742030205258,0.95649719648215703,-0.98156063424671924,0.73572046209070585,-0.9041172563704748,0.44893496762972834,-0.76990267419430469,0.2069732344807764,-0.58731795428661759,0.063172011600534234,-0.36783149899818013,0.0061314060025777226,-0.12523340851146897,0.0061314059302235192,0.12523340851146886,0.063172011390667207,0.36783149899818024,0.20697323417194413,0.58731795428661748,0.44893496726821236,0.76990267419430469,0.73572046170486749,0.9041172563704748,0.95649719609050643,0.98156063424671924
169,0.30765028341039996,0,0,3.2171637766653038,0.96410583493722957,-0.98156063424671924,0.74157289011763605,-0.9041172563704748,0.45250610602093461,-0.76990267419430469,0.20861964235179664,-0.58731795428661759,0.063674525357981918,-0.36783149899818013,0.006180179440846493,-0.12523340851146897,0.0061801793696720465,0.12523340851146886,0.063674525151593706,0.36783149899818024,0.20861964204799494,0.58731795428661748,0.45250610566519772,0.76990267419430469,0.74157288973789248,0.9041172563704748,0.96410583455182608,0.98156063424671924
170,0.3025243149915352,0,0,3.2414580280347667,0.97138623191399764,-0.98156063424671924,0.74717284069559553,-0.9041172563704748,0.45592318324182923,-0.76990267419430469,0.21019502314526689,-0.58731795428661759,0.064155360353894922,-0.36783149899818013,0.0062268487621240263,-0.12523340851146897,0.0062268486920946256,0.12523340851146886,0.064155360150879887,0.36783149899818024,0.21019502284634864,0.58731795428661748,0.45592318289170675,0.76990267419430469,0.74717284032177445,0.9041172563704748,0.97138623153466719,0.98156063424671924
171,0.29757570673269607,0,0,3.2646225765902734,0.97832808440021701,-0.98156063424671924,0.75251238893263694,-0.9041172563704748,0.45918136354120814,-0.76990267419430469,0.2116971474267689,-0.58731795428661759,0.064613836124163007,-0.36783149899818013,0.0062713479213036437,-0.12523340851146897,0.0062713478523814346,0.12523340851146886,0.06461383592440692,0.36783149899818024,0.21169714713257393,0.58731795428661748,0.45918136319652025,0.76990267419430469,0.75251238856454949,0.9041172563704748,0.97832808402676663,0.98156063424671924
172,0.29281656871087791,0,0,3.2866279662709545,0.98492256513000342,-0.98156063424671924,0.75758474505440521,-0.9041172563704748,0.46227650381406482,-0.76990267419430469,0.21312410509371219,-0.58731795428661759,0.065049369670583182,-0.36783149899818013,0.0063136203332134688,-0.12523340851146897,0.0063136202653578397,0.12523340851146886,0.065049369473963697,0.36783149899818024,0.21312410480406774,0.58731795428661748,0.46227650347461602,0.76990267419430469,0.75758474469184667,0.9041172563704748,0.98492256476222451,0.98156063424671924
173,0.28825854733866191,0,0,3.3074494100611957,0.99116224603691605,-0.98156063424671924,0.76238419552562398,-0.9041172563704748,0.46520511767405204,-0.76990267419430469,0.21447428881160235,-0.58731795428661759,0.065461470405306324,-0.36783149899818013,0.0063536183819302454,-0.12523340851146897,0.0063536183150975853,0.12523340851146886,0.065461470211693143,0.36783149899818024,0.21447428852632353,0.58731795428661748,0.46520511733963232,0.76990267419430469,0.76238419516837408,0.9041172563704748,0.99116224567458344,0.98156063424671924
174,0.28391279686389537,0,0,3.3270664921886186,0.99704100900992321,-0.98156063424671924,0.76690603440518701,-0.9041172563704748,0.46796433356651468,-0.76990267419430469,0.2157463747028226,-0.58731795428661759,0.065849734256700307,-0.36783149899818013,0.0063913028487005002,-0.12523340851146897,0.0063913027828446465,0.12523340851146886,0.065849734065955512,0.36783149899818024,0.21574637442171263,0.58731795428661748,0.46796433323690001,0.76990267419430469,0.76690603405301161,0.9041172563704748,0.99704100865279732,0.98156063424671924
175,0.27978995207398499,0,0,3.3454628340593415,1.0025539457823192,-0.98156063424671924,0.77114648634251159,-0.9041172563704748,0.47055184778103754,-0.76990267419430469,0.2169393006839303,-0.58731795428661759,0.066213837057497449,-0.36783149899818013,0.006426642270201623,-0.12523340851146897,0.0064266422052737023,0.12523340851146886,0.066213836869475684,0.36783149899818024,0.2169393004067813,0.58731795428661748,0.47055184745599055,0.76990267419430469,0.77114648599516133,0.9041172563704748,1.0025539454301451,0.98156063424671924
176,0.27590010227172401,0,0,3.3626257305275393,1.007697248930544,-0.98156063424671924,0.77510262273578812,-0.9041172563704748,0.47296587329139866,-0.76990267419430469,0.21805224287925601,-0.58731795428661759,0.066553527345793881,-0.36783149899818013,0.0064596122398144799,-0.12523340851146897,0.0064596121757632009,0.12523340851146886,0.066553527160342865,0.36783149899818024,0.21805224260584921,0.58731795428661748,0.47296587297066944,0.76990267419430469,0.77510262239300021,0.9041172563704748,1.0076972485830498,0.98156063424671924
177,0.27225276658656039,0,0,3.3785457634672116,1.0124680960710297,-0.98156063424671924,0.7787722726582752,-0.9041172563704748,0.47520508540299478,-0.76990267419430469,0.21908459056264479,-0.58731795428661759,0.066868618716811462,-0.36783149899818013,0.0064901946652938924,-0.12523340851146897,0.0064901946020655549,0.12523340851146886,0.066868618533772309,0.36783149899818024,0.21908459029275149,0.58731795428661748,0.4752050850863212,0.76990267419430469,0.77877227231977386,0.9041172563704748,1.0124680957279322,0.98156063424671924
178,0.26885687068212616,0,0,3.39321639985251,1.0168645294146399,-0.98156063424671924,0.78215393021373703,-0.9041172563704748,0.4772685652213382,-0.76990267419430469,0.22003592009464415,-0.58731795428661759,0.06715898186805111,-0.36783149899818013,0.0065183769966797173,-0.12523340851146897,0.0065183769342185421,0.12523340851146886,0.06715898168725877,0.36783149899818024,0.22003591982802642,0.58731795428661748,0.47726856490844699,0.76990267419430469,0.78215392987923393,0.9041172563704748,1.0168645290756433,0.98156063424671924
179,0.26572072491779658,0,0,3.4066335816709286,1.0208853328736112,-0.98156063424671924,0.78524666000931154,-0.9041172563704748,0.4791557419718136,-0.76990267419430469,0.22090596833008558,-0.58731795428661759,0.067424536482801098,-0.36783149899818013,0.0065441514385192363,-0.12523340851146897,0.0065441513767672006,0.12523340851146886,0.067424536304084737,0.36783149899818024,0.22090596806649712,0.58731795428661748,0.47915574166242103,0.76990267419430469,0.78524665967850737,0.9041172563704748,1.0208853325384095,0.98156063424671924
180,0.26285200401926873,0,0,3.418795314981975,1.0245299089124227,-0.98156063424671924,0.7880500024314131,-0.9041172563704748,0.48086633519924754,-0.76990267419430469,0.2216946059702552,-0.58731795428661759,0.067665243096732608,-0.36783149899818013,0.0065675141604474704,-0.12523340851146897,0.0065675140993447434,0.12523340851146886,0.067665242919916102,0.36783149899818024,0.22169460570944058,0.58731795428661748,0.48086633489305936,0.76990267419430469,0.78805000210399578,0.9041172563704748,1.0245299085806989,0.98156063424671924
181,0.2602577283112148,0,0,3.4297012653074166,1.0277981572960808,-0.98156063424671924,0.79056388038108416,-0.9041172563704748,0.48240029785803201,-0.76990267419430469,0.22240181132563969,-0.58731795428661759,0.067881095089810509,-0.36783149899818013,0.0065884645199309685,-0.12523340851146897,0.0065884644594159276,0.12523340851146886,0.067881094914712753,0.36783149899818024,0.22240181106733539,0.58731795428661748,0.48240029755474462,0.76990267419430469,0.79056388005673317,0.9041172563704748,1.0277981569675068,0.98156063424671924
182,0.25794424656554571,0,0,3.4393523662846714,1.0306903578130464,-0.98156063424671924,0.79278850906658305,-0.9041172563704748,0.48375776126776232,-0.76990267419430469,0.22302764493873201,-0.58731795428661759,0.068072110940710223,-0.36783149899818013,0.0066070043104898045,-0.12523340851146897,0.0066070042504992555,0.12523340851146886,0.068072110767145769,0.36783149899818024,0.22302764468266761,0.58731795428661748,0.48375776096706474,0.76990267419430469,0.79278850874496953,0.9041172563704748,1.0306903574872852,0.98156063424671924
183,0.25591722052641713,0,0,3.4477504481376129,1.0332070589369606,-0.98156063424671924,0.79472431036398328,-0.9041172563704748,0.48493898285626852,-0.76990267419430469,0.22357222549191319,-0.58731795428661759,0.068238326873463345,-0.36783149899818013,0.0066231370479890818,-0.12523340851146897,0.0066231369884583238,0.12523340851146886,0.068238326701242691,0.36783149899818024,0.22357222523781306,0.58731795428661748,0.48493898255784229,0.76990267419430469,0.79472431004477018,0.9041172563704748,1.0332070586136668,0.98156063424671924
184,0.25418161120386262,0,0,3.4548978919458051,1.0353489742195334,-0.98156063424671924,0.79637183312444226,-0.9041172563704748,0.48594429753129209,-0.76990267419430469,0.22403570738825687,-0.58731795428661759,0.068379790014708994,-0.36783149899818013,0.0066368673064890731,-0.12523340851146897,0.0066368672473522614,0.12523340851146886,0.068379789843639294,0.36783149899818024,0.22403570713583984,0.58731795428661748,0.48594429723481214,0.76990267419430469,0.79637183280728663,0.9041172563704748,1.0353489738983543,0.98156063424671924
185,0.25274166714607549,0,0,3.4607973146910616,1.0371168879066459,-0.98156063424671924,0.79773168057580635,-0.9041172563704748,0.48677407338110529,-0.76990267419430469,0.22441826032811246,-0.58731795428661759,0.068496552160094315,-0.36783149899818013,0.0066482001132189879,-0.12523340851146897,0.0066482000544091395,0.12523340851146886,0.06849655198997974,0.36783149899818024,0.22441826007709248,0.58731795428661748,0.48677407308624104,0.76990267419430469,0.79773168026035879,0.9041172563704748,1.0371168875872228,0.98156063424671924
186,0.25160091542465746,0,0,3.4654512873303593,1.0385115704516537,-0.98156063424671924,0.79880444533695794,-0.9041172563704748,0.48742867202041529,-0.76990267419430469,0.22472005102731049,-0.58731795428661759,0.068588664194336638,-0.36783149899818013,0.0066571404069941187,-0.12523340851146897,0.0066571403484434197,0.12523340851146886,0.068588664024978901,0.36783149899818024,0.22472005077739779,0.58731795428661748,0.48742867172683157,0.76990267419430469,0.79880444502286452,0.9041172563704748,1.0385115701336214,0.98156063424671924
187,0.25076215916211786,0,0,3.4688620749506409,1.039533700646093,-0.98156063424671924,0.79959064952215253,-0.9041172563704748,0.48790841204216551,-0.76990267419430469,0.22494122636728642,-0.58731795428661759,0.068656170948333511,-0.36783149899818013,0.0066636925390526399,-0.12523340851146897,0.0066636924806925141,0.12523340851146886,0.06865617077953233,0.36783149899818024,0.22494122611818798,0.58731795428661748,0.48790841174952421,0.76990267419430469,0.79959064920905676,0.9041172563704748,1.0395337003290839,0.98156063424671924
188,0.25022751606222959,0,0,3.4710312632732885,1.040183753692145,-0.98156063424671924,0.80009065864837148,-0.9041172563704748,0.4882135164839948,-0.76990267419430469,0.22508188917545385,-0.58731795428661759,0.068699103806890233,-0.36783149899818013,0.006667859555569625,-0.12523340851146897,0.0066678594973309784,0.12523340851146886,0.068699103638443892,0.36783149899818024,0.22508188892687461,0.58731795428661748,0.48821351619195463,0.76990267419430469,0.80009065833591264,0.9041172563704748,1.0401837533757872,0.98156063424671924
189,0.25,0,0,3.4719531906758823,1.0404600329391049,-0.98156063424671924,0.8003031676823702,-0.9041172563704748,0.48834318901755863,-0.76990267419430469,0.22514167231923216,-0.58731795428661759,0.068717350714437034,-0.36783149899818013,0.0066696305805534484,-0.12523340851146897,0.0066696305223665261,0.12523340851146886,0.068717350546141726,0.36783149899818024,0.22514167207087385,0.58731795428661748,0.48834318872577492,0.76990267419430469,0.80030316737018248,0.9041172563704748,1.0404600326230244,0.98156063424671924
190,0.24977248393777041,0,0,3.472874421760717,1.0407361035165477,-0.98156063424671924,0.80051551621152395,-0.9041172563704748,0.488472763611428,-0.76990267419430469,0.22520141030971016,-0.58731795428661759,0.068735583840371803,-0.36783149899818013,0.0066714002679090041,-0.12523340851146897,0.0066714002097738086,0.12523340851146886,0.068735583672227471,0.36783149899818024,0.22520141006157277,0.58731795428661748,0.4884727633199008,0.76990267419430469,0.80051551589960757,0.9041172563704748,1.0407361032007445,0.98156063424671924
191,0.24923784083788214,0,0,3.4750364923821575,1.0413840235604519,-0.98156063424671924,0.80101388467080303,-0.9041172563704748,0.48877686692198852,-0.76990267419430469,0.22534161156466401,-0.58731795428661759,0.068778375824456311,-0.36783149899818013,0.0066755536113030445,-0.12523340851146897,0.0066755535532893586,0.12523340851146886,0.068778375656666835,0.36783149899818024,0.2253416113170455,0.58731795428661748,0.4887768666310644,0.76990267419430469,0.8010138843595247,0.9041172563704748,1.0413840232453011,0.98156063424671924
192,0.24839908457534254,0,0,3.4784206178298076,1.0423981637494313,-0.98156063424671924,0.80179394308731555,-0.9041172563704748,0.48925285680954084,-0.76990267419430469,0.22556105797403414,-0.58731795428661759,0.068845354877248813,-0.36783149899818013,0.0066820545252570069,-0.12523340851146897,0.0066820544674340218,0.12523340851146886,0.068845354710016168,0.36783149899818024,0.22556105772722967,0.58731795428661748,0.48925285651956291,0.76990267419430469,0.80179394277703786,0.9041172563704748,1.0423981634353043,0.98156063424671924
193,0.24725833285392451,0,0,3.4830079528620281,1.043772876622356,-0.98156063424671924,0.80285134753540432,-0.9041172563704748,0.48989808262043966,-0.76990267419430469,0.22585852750256241,-0.58731795428661759,0.068936148011265033,-0.36783149899818013,0.0066908668080116257,-0.12523340851146897,0.0066908667504481335,0.12523340851146886,0.068936147844789894,0.36783149899818024,0.22585852725686484,0.58731795428661748,0.4898980823317487,0.76990267419430469,0.80285134722648777,0.9041172563704748,1.0437728763096226,0.98156063424671924
194,0.2458183887961374,0,0,3.4887732743144046,1.045500603409572,-0.98156063424671924,0.80418028394522834,-0.9041172563704748,0.49070899662237216,-0.76990267419430469,0.22623238453332065,-0.58731795428661759,0.069050256006340072,-0.36783149899818013,0.0067019420058010764,-0.12523340851146897,0.006701941948565244,0.12523340851146886,0.06905025584082132,0.36783149899818024,0.22623238428902062,0.58731795428661748,0.49070899633530674,0.76990267419430469,0.80418028363803173,0.9041172563704748,1.0455006030985978,0.98156063424671924
195,0.24408277947358287,0,0,3.4956849472558145,1.0475718638906983,-0.98156063424671924,0.80577346030156183,-0.9041172563704748,0.49168114924408213,-0.76990267419430469,0.22668057767307259,-0.58731795428661759,0.069187052739784607,-0.36783149899818013,0.0067152193478385849,-0.12523340851146897,0.0067152192909979104,0.12523340851146886,0.06918705257541892,0.36783149899818024,0.22668057743045789,0.58731795428661748,0.49168114895897713,0.76990267419430469,0.80577345999644001,0.9041172563704748,1.0475718635818465,0.98156063424671924
196,0.24205575343445426,0,0,3.5037050903641611,1.0499753059537187,-0.98156063424671924,0.8076221447637566,-0.9041172563704748,0.49280921233608599,-0.76990267419430469,0.22720065047620067,-0.58731795428661759,0.069345788459523369,-0.36783149899818013,0.006730626064003784,-0.12523340851146897,0.0067306260076248096,0.12523340851146886,0.069345788296504729,0.36783149899818024,0.22720065023555538,0.58731795428661748,0.49280921205327244,0.76990267419430469,0.80762214446106007,0.9041172563704748,1.0499753056473471,0.98156063424671924
197,0.2397422716887852,0,0,3.512789801156778,1.0526977730910574,-0.98156063424671924,0.80971621758251355,-0.9041172563704748,0.49408701085016982,-0.76990267419430469,0.22778975604995716,-0.58731795428661759,0.069525594241884522,-0.36783149899818013,0.0067480778175107213,-0.12523340851146897,0.0067480777616591029,0.12523340851146886,0.069525594080403749,0.36783149899818024,0.22778975581156125,0.58731795428661748,0.49408701056997378,0.76990267419430469,0.80971621728258736,0.9041172563704748,1.0526977727875195,0.98156063424671924
198,0.23714799598073127,0,0,3.5228894257084917,1.0557243852275326,-0.98156063424671924,0.81204423327129149,-0.9041172563704748,0.49550756077624242,-0.76990267419430469,0.22844467454455492,-0.58731795428661759,0.069725487329894781,-0.36783149899818013,0.0067674792230372005,-0.12523340851146897,0.0067674791677773205,0.12523340851146886,0.069725487170139155,0.36783149899818024,0.22844467430868354,0.58731795428661748,0.49550756049898464,0.76990267419430469,0.81204423297447548,0.9041172563704748,1.0557243849271778,0.98156063424671924
199,0.23427927508220342,0,0,3.5339488698840613,1.0590386319891634,-0.98156063424671924,0.81459349234699652,-0.9041172563704748,0.49706311291834171,-0.76990267419430469,0.22916183333529216,-0.58731795428661759,0.069944377293232621,-0.36783149899818013,0.0067887244446029208,-0.12523340851146897,0.0067887243899978902,0.12523340851146886,0.069944377135385469,0.36783149899818024,0.22916183310221475,0.58731795428661748,0.4970631126443365,0.76990267419430469,0.81459349205362352,0.9041172563704748,1.0590386316923326,0.98156063424671924
200,0.23114312931787387,0,0,3.5459079510084406,1.0626224780901978,-0.98156063424671924,0.81735012239179161,-0.9041172563704748,0.49874520235837039,-0.76990267419430469,0.22993732982690071,-0.58731795428661759,0.070181072988531837,-0.36783149899818013,0.0068116978711291057,-0.12523340851146897,0.0068116978172405125,0.12523340851146886,0.070181072832771987,0.36783149899818024,0.22993732959688024,0.58731795428661748,0.498745202087925,0.76990267419430469,0.81735012210218727,0.9041172563704748,1.0626224777972246,0.98156063424671924
201,0.22774723341343964,0,0,3.5587017890853199,1.0664564805718104,-0.98156063424671924,0.82029916823099858,-0.9041172563704748,0.50054470348244562,-0.76990267419430469,0.23076695682243564,-0.58731795428661759,0.070434290302430203,-0.36783149899818013,0.0068362748679702302,-0.12523340851146897,0.0068362748148581617,0.12523340851146886,0.070434290148931628,0.36783149899818024,0.23076695659572838,0.58731795428661748,0.50054470321585931,0.76990267419430469,0.8202991679454803,0.9041172563704748,1.0664564802830205,0.98156063424671924
202,0.22409989772827602,0,0,3.5722612364271882,1.0705199175517921,-0.98156063424671924,0.82342469096504534,-0.9041172563704748,0.5024518904099714,-0.76990267419430469,0.23164623038299154,-0.58731795428661759,0.07070266065486383,-0.36783149899818013,0.0068623226022347592,-0.12523340851146897,0.0068623225499572877,0.12523340851146886,0.070702660503795131,0.36783149899818024,0.23164623015984623,0.58731795428661748,0.50245189014753577,0.76990267419430469,0.82342469068392266,0.9041172563704748,1.0705199172675028,0.98156063424671924
203,0.22021004792601501,0,0,3.5865133441604922,1.0747909280248173,-0.98156063424671924,0.82670987550131936,-0.9041172563704748,0.50445650260933528,-0.76990267419430469,0.23257042007861461,-0.58731795428661759,0.070984740232198168,-0.36783149899818013,0.006889700938942412,-0.12523340851146897,0.0068897008875558842,0.12523340851146886,0.070984740083722256,0.36783149899818024,0.23257041985927193,0.58731795428661748,0.5044565023513321,0.76990267419430469,0.82670987522489159,0.9041172563704748,1.0747909277453356,0.98156063424671924
204,0.21608720313610463,0,0,3.6013818635734958,1.0792466621042163,-0.98156063424671924,0.8301371461174426,-0.9041172563704748,0.50654781541435479,-0.76990267419430469,0.23353458149861892,-0.58731795428661759,0.071279019909970168,-0.36783149899818013,0.0069182634041150635,-0.12523340851146897,0.006918263353673711,0.12523340851146886,0.071279019764243903,0.36783149899818024,0.23353458128331087,0.58731795428661748,0.50654781516105618,0.76990267419430469,0.83013714584599863,0.9041172563704748,1.0792466618298386,0.98156063424671924
205,0.21174145266133809,0,0,3.6167877797270926,1.0838634409321755,-0.98156063424671924,0.83368828946132312,-0.9041172563704748,0.50871471507863286,-0.76990267419430469,0.23453359085401998,-0.58731795428661759,0.07158393581418343,-0.36783149899818013,0.0069478582098442968,-0.12523340851146897,0.006947858160400308,0.12523340851146886,0.071583935671357152,0.36783149899818024,0.23453359064296933,0.58731795428661748,0.50871471483030062,0.76990267419430469,0.83368828919514115,0.9041172563704748,1.0838634406631873,0.98156063424671924
206,0.20718343128912206,0,0,3.6326498741574014,1.088616925308034,-0.98156063424671924,0.83734458425701297,-0.9041172563704748,0.51094577792178042,-0.76990267419430469,0.23556218146644986,-0.58731795428661759,0.071897880458391489,-0.36783149899818013,0.0069783293352448129,-0.12523340851146897,0.0069783292868479761,0.12523340851146886,0.071897880318608581,0.36783149899818024,0.23556218125986952,0.58731795428661748,0.51094577767866534,0.76990267419430469,0.8373445839963598,0.9041172563704748,1.088616925044708,0.98156063424671924
207,0.20242429326730393,0,0,3.6488853128919763,1.0934822919024565,-0.98156063424671924,0.84108693684548552,-0.9041172563704748,0.51322935303609374,-0.76990267419430469,0.23661498189855384,-0.58731795428661759,0.072219214381791255,-0.36783149899818013,0.0070095176560348487,-0.12523340851146897,0.0070095176087327706,0.12523340851146886,0.072219214245188026,0.36783149899818024,0.23661498169664635,0.58731795428661748,0.5132293527984344,0.76990267419430469,0.84108693659061495,0.9041172563704748,1.0934822916450531,0.98156063424671924
208,0.1974756850084648,0,0,3.6654102553872026,1.0984344157411832,-0.98156063424671924,0.84489602154785526,-0.9041172563704748,0.51555364793587277,-0.76990267419430469,0.23768655544103814,-0.58731795428661759,0.072546278201391673,-0.36783149899818013,0.0070412621143069514,-0.12523340851146897,0.0070412620681444384,0.12523340851146886,0.072546278068096812,0.36783149899818024,0.23768655524399562,0.58731795428661748,0.51555364770389533,0.76990267419430469,0.84489602129900787,0.9041172563704748,1.0984344154899499,0.98156063424671924
209,0.19234971658960004,0,0,3.682140479402559,1.1034480574646659,-0.98156063424671924,0.8487524247021262,-0.9041172563704748,0.51790681644832259,-0.76990267419430469,0.23877144063315833,-0.58731795428661759,0.072877404979606666,-0.36783149899818013,0.0070734009189126505,-0.12523340851146897,0.007073400873932054,0.12523340851146886,0.072877404849741034,0.36783149899818024,0.23877144044116141,0.58731795428661748,0.51790681622223977,0.76990267419430469,0.84875242445952914,0.9041172563704748,1.1034480572198364,0.98156063424671924
210,0.18705893211700722,0,0,3.6989920162671521,1.1084980537020122,-0.98156063424671924,0.8526367910954129,-0.9041172563704748,0.52027704806616504,-0.76990267419430469,0.23986419245710208,-0.58731795428661759,0.073210932797533393,-0.36783149899818013,0.0071057727658115754,-0.12523340851146897,0.0071057727220522641,0.12523340851146886,0.073210932671209566,0.36783149899818024,0.23986419227031919,0.58731795428661748,0.52027704784617479,0.76990267419430469,0.85263679085927824,0.9041172563704748,1.1084980534638047,0.98156063424671924
211,0.18161627902894764,0,0,3.7158817904934796,1.1135595087476953,-0.98156063424671924,0.85652997139822007,-0.9041172563704748,0.52265265791170212,-0.76990267419430469,0.24095942381427216,-0.58731795428661759,0.07354521741427171,-0.36783149899818013,0.0071382180667708536,-0.12523340851146897,0.0071382180242694415,0.12523340851146886,0.073545217291593815,0.36783149899818024,0.24095942363285966,0.58731795428661748,0.5226526576979893,0.76990267419430469,0.85652997116874474,0.9041172563704748,1.1135595085163128,0.98156063424671924
212,0.17603507641123176,0,0,3.732728257264383,1.1186079856009086,-0.98156063424671924,0.86041316910848498,-0.9041172563704748,0.52502217640173954,-0.76990267419430469,0.24205184686365439,-0.58731795428661759,0.073878644884148983,-0.36783149899818013,0.0071705801739796208,-0.12523340851146897,0.0071705801327694666,0.12523340851146886,0.073878644765212304,0.36783149899818024,0.24205184668775576,0.58731795428661748,0.52502217619447422,0.76990267419430469,0.86041316888584951,0.9041172563704748,1.1186079853765378,0.98156063424671924
213,0.17032898240328273,0,0,3.749452030984628,1.123619694327203,-0.98156063424671924,0.86426808543596467,-0.9041172563704748,0.52737443765571401,-0.76990267419430469,0.24313631378076347,-0.58731795428661759,0.074209643997094954,-0.36783149899818013,0.0072027065874978582,-0.12523340851146897,0.0072027065476094098,0.12523340851146886,0.074209643881985726,0.36783149899818024,0.24313631361050889,0.58731795428661748,0.52737443745505086,0.76990267419430469,0.86426808522033449,0.9041172563704748,1.1236196941100172,0.98156063424671924
214,0.16451196077445324,0,0,3.7659764978579275,1.128571675632944,-0.98156063424671924,0.8680770605044088,-0.9041172563704748,0.52969866565694057,-0.76990267419430469,0.24420785648070661,-0.58731795428661759,0.074536698402846532,-0.36783149899818013,0.0072344501320189434,-0.12523340851146897,0.0072344500934792182,0.12523340851146886,0.074536698291641543,0.36783149899818024,0.24420785631621239,0.58731795428661748,0.5296986654630188,0.76990267419430469,0.86807706029593223,0.9041172563704748,1.1285716754230957,0.98156063424671924
215,0.15859824675239625,0,0,3.7822284053421402,1.1334419775107127,-0.98156063424671924,0.87182320922403023,-0.9041172563704748,0.53198455716168846,-0.76990267419430469,0.24526172484189251,-0.58731795428661759,0.074858358277521894,-0.36783149899818013,0.0072656700892142091,-0.12523340851146897,0.007265670052047226,0.12523340851146886,0.074858358170288519,0.36783149899818024,0.24526172468326124,0.58731795428661748,0.53198455697463054,0.76990267419430469,0.87182320902283861,0.9041172563704748,1.1334419773083377,0.98156063424671924
216,0.15260231218711917,0,0,3.798138421353209,1.1382098228191431,-0.98156063424671924,0.87549055019090682,-0.9041172563704748,0.53422236035330517,-0.76990267419430469,0.24629342296807297,-0.58731795428661759,0.075173251391458126,-0.36783149899818013,0.0072962332719657278,-0.12523340851146897,0.0072962332361919142,0.12523340851146886,0.075173251288254014,0.36783149899818024,0.24629342281539293,0.58731795428661748,0.53422236017321634,0.76990267419430469,0.8754905499971134,0.9041172563704748,1.1382098226243593,0.98156063424671924
217,0.14653883013597413,0,0,3.8136416562436111,1.1428557657071825,-0.98156063424671924,0.87906412600571093,-0.9041172563704748,0.53640294826043322,-0.76990267419430469,0.24729874303646546,-0.58731795428661759,0.075480093440276452,-0.36783149899818013,0.0073260150270878033,-0.12523340851146897,0.007326014992724391,0.12523340851146886,0.075480093341149551,0.36783149899818024,0.24729874288981032,0.58731795428661748,0.5364029480874023,0.76990267419430469,0.87906412581941118,0.9041172563704748,1.1428557655200884,0.98156063424671924
218,0.14042263895625351,0,0,3.8286781408714297,1.1473618348797805,-0.98156063424671924,0.88253011347110533,-0.9041172563704748,0.53851788599921391,-0.76990267419430469,0.24827379629853813,-0.58731795428661759,0.0757776975068883,-0.36783149899818013,0.007354900153699457,-0.12523340851146897,0.0073549001207599126,0.12523340851146886,0.07577769741187651,0.36783149899818024,0.2482737961579668,0.58731795428661748,0.53851788583331284,0.76990267419430469,0.88253011329237618,0.9041172563704748,1.1473618347004557,0.98156063424671924
219,0.13426870599326449,0,0,3.8431932545033476,1.1517116618300209,-0.98156063424671924,0.88587592222559453,-0.9041172563704748,0.54055949095944111,-0.76990267419430469,0.24921504082773238,-0.58731795428661759,0.076064982530606923,-0.36783149899818013,0.0073827837252267124,-0.12523340851146897,0.0073827836937212067,0.12523340851146886,0.076064982439738124,0.36783149899818024,0.24921504069328876,0.58731795428661748,0.54055949080072319,0.76990267419430469,0.8858759220544945,0.9041172563704748,1.1517116616585252,0.98156063424671924
220,0.12809209095274485,0,0,3.857138096850564,1.1558905923292473,-0.98156063424671924,0.88909028049972794,-0.9041172563704748,0.54252088513280283,-0.76990267419430469,0.25011930564443918,-0.58731795428661759,0.07634098067053105,-0.36783149899818013,0.0074095718040851355,-0.12523340851146897,0.0074095717740199516,0.12523340851146886,0.076340980583822882,0.36783149899818024,0.25011930551615175,0.58731795428661748,0.54252088498130291,0.76990267419430469,0.88909028033629645,0.9041172563704748,1.1558905921656208,0.98156063424671924
221,0.12190790904725515,0,0,3.8704697992138755,1.1598857796696858,-0.98156063424671924,0.89216330683665079,-0.9041172563704748,0.54439603887659871,-0.76990267419430469,0.25098381089245875,-0.58731795428661759,0.076604843463768987,-0.36783149899818013,0.0074351820393897504,-0.12523340851146897,0.0074351820107679129,0.12523340851146886,0.076604843381228721,0.36783149899818024,0.2509838107703406,0.58731795428661748,0.54439603873233433,0.76990267419430469,0.8921633066809076,0.9041172563704748,1.1598857795139501,0.98156063424671924
222,0.11573129400673551,0,0,3.8831517704979914,1.1636862583889598,-0.98156063424671924,0.89508656679967535,-0.9041172563704748,0.54617980551657375,-0.76990267419430469,0.25180618379200198,-0.58731795428661759,0.076855846694586061,-0.36783149899818013,0.0074595441395498268,-0.12523340851146897,0.0074595441123705367,0.12523340851146886,0.076855846616210519,0.36783149899818024,0.25180618367605107,0.58731795428661748,0.54617980537954436,0.76990267419430469,0.89508656665162045,0.9041172563704748,1.1636862582411143,0.98156063424671924
223,0.10957736104374649,0,0,3.8951538747308598,1.1672829974683199,-0.98156063424671924,0.89785311389140277,-0.9041172563704748,0.54786794631567426,-0.76990267419430469,0.25258447015107804,-0.58731795428661759,0.077093393907890106,-0.36783149899818013,0.0074826002132834428,-0.12523340851146897,0.0074826001875425959,0.12523340851146886,0.077093393833666021,0.36783149899818024,0.25258447004127699,0.58731795428661748,0.54786794618586054,0.76990267419430469,0.89785311375101717,0.9041172563704748,1.1672829973283467,0.98156063424671924
224,0.10346116986402587,0,0,3.9064525376726702,1.1706689322807706,-0.98156063424671924,0.90045751412765151,-0.9041172563704748,0.54945714546900171,-0.76990267419430469,0.25331714127864269,-0.58731795428661759,0.077317018519251088,-0.36783149899818013,0.0075043049744142228,-0.12523340851146897,0.0075043049501038071,0.12523340851146886,0.077317018449154756,0.36783149899818024,0.25331714117495885,0.58731795428661748,0.54945714534636669,0.76990267419430469,0.9004575139948966,0.9041172563704748,1.1706689321486317,0.98156063424671924
225,0.097397687812880801,0,0,3.9170307810996929,1.173838974865105,-0.98156063424671924,0.90289585394005822,-0.9041172563704748,0.55094501492596371,-0.76990267419430469,0.25400309620776268,-0.58731795428661759,0.07752638449345102,-0.36783149899818013,0.0075246258077301086,-0.12523340851146897,0.0075246257848388164,0.12523340851146886,0.077526384427448636,0.36783149899818024,0.25400309611014787,0.58731795428661748,0.55094501481045211,0.76990267419430469,0.90289585381487636,0.9041172563704748,1.1738389747407421,0.98156063424671924
226,0.091401753247603745,0,0,3.9268781843800573,1.1767900024111022,-0.98156063424671924,0.90516573131909528,-0.9041172563704748,0.55233008898576264,-0.76990267419430469,0.25464165920396525,-0.58731795428661759,0.077721285583986999,-0.36783149899818013,0.0075435426951708491,-0.12523340851146897,0.0075435426736836413,0.12523340851146886,0.077721285522034556,0.36783149899818024,0.25464165911235542,0.58731795428661748,0.55233008887730228,0.76990267419430469,0.90516573120141031,0.9041172563704748,1.1767900022944389,0.98156063424671924
227,0.085488039225546764,0,0,3.9359907739970779,1.1795208241523505,-0.98156063424671924,0.90726623034862741,-0.9041172563704748,0.55361180875843974,-0.76990267419430469,0.25523257260128623,-0.58731795428661759,0.077901643146502289,-0.36783149899818013,0.007561048003601533,-0.12523340851146897,0.0075610479835001481,0.12523340851146886,0.077901643088545719,0.36783149899818024,0.25523257251560277,0.58731795428661748,0.55361180865694026,0.76990267419430469,0.9072662302383433,0.9041172563704748,1.1795208240432864,0.98156063424671924
228,0.07967101759671727,0,0,3.9443708427013249,1.1820321271705052,-0.98156063424671924,0.90919787951952813,-0.9041172563704748,0.55479049672793856,-0.76990267419430469,0.25577598507503746,-0.58731795428661759,0.07806750255942059,-0.36783149899818013,0.0075771461374037523,-0.12523340851146897,0.0075771461186661991,0.12523340851146886,0.078067502505395819,0.36783149899818024,0.25577598499518694,0.58731795428661748,0.55479049663329172,0.76990267419430469,0.90919787941653041,0.9041172563704748,1.1820321270689245,0.98156063424671924
229,0.073964923588768244,0,0,3.9520267009603911,1.184326401910837,-0.98156063424671924,0.91096259443756677,-0.9041172563704748,0.55586732179258513,-0.76990267419430469,0.25627243552436085,-0.58731795428661759,0.078219028304607252,-0.36783149899818013,0.0075918530610094084,-0.12523340851146897,0.0075918530436105353,0.12523340851146886,0.078219028254440326,0.36783149899818024,0.25627243545023531,0.58731795428661748,0.55586732170466469,0.76990267419430469,0.91096259434172144,0.9041172563704748,1.1843264018166049,0.98156063424671924
230,0.068383720971052359,0,0,3.9589723643086319,1.1864078484885376,-0.98156063424671924,0.91256360575590278,-0.9041172563704748,0.55684425528966075,-0.76990267419430469,0.25672283279816538,-0.58731795428661759,0.07835649777935437,-0.36783149899818013,0.0076051956982992443,-0.12523340851146897,0.0076051956822102513,0.12523340851146886,0.078356497732961689,0.36783149899818024,0.25672283272964203,0.58731795428661748,0.55684425520832337,0.76990267419430469,0.91256360566705808,0.9041172563704748,1.186407848401499,0.98156063424671924
231,0.062941067882992779,0,0,3.9652271810559983,1.1882822651221006,-0.98156063424671924,0.91400537336005061,-0.9041172563704748,0.55772401863125731,-0.76990267419430469,0.25712843155359799,-0.58731795428661759,0.07848029392794531,-0.36783149899818013,0.0076172112174299738,-0.12523340851146897,0.0076172112026190114,0.12523340851146886,0.078480293885234226,0.36783149899818024,0.25712843149054004,0.58731795428661748,0.55772401855634302,0.76990267419430469,0.91400537327803755,0.9041172563704748,1.188282265042081,0.98156063424671924
232,0.057650283410399961,0,0,3.9708154055847809,1.189956920260719,-0.98156063424671924,0.91529348801057098,-0.9041172563704748,0.55851002328687094,-0.76990267419430469,0.25749080458611745,-0.58731795428661759,0.078590896796288306,-0.36783149899818013,0.0076279462111366551,-0.12523340851146897,0.0076279461975684408,0.12523340851146886,0.078590896757156886,0.36783149899818024,0.25749080452837481,0.58731795428661748,0.55851002321820375,0.76990267419430469,0.91529348793520282,0.9041172563704748,1.1899569201875264,0.98156063424671924
233,0.052524314991535204,0,0,3.9757657231269752,1.1914404101716092,-0.98156063424671924,0.9164345618017965,-0.9041172563704748,0.55920630394156423,-0.76990267419430469,0.25781181201329245,-0.58731795428661759,0.078688874126247949,-0.36783149899818013,0.0076374557838283195,-0.12523340851146897,0.0076374557714646244,0.12523340851146886,0.078688874090585351,0.36783149899818024,0.25781181196070135,0.58731795428661748,0.55920630387895254,0.76990267419430469,0.9164345617328693,0.9041172563704748,1.1914404101050344,0.98156063424671924
234,0.047575706732696066,0,0,3.9801107324712071,1.1927425039198403,-0.98156063424671924,0.91743610892309979,-0.9041172563704748,0.55981744573676062,-0.76990267419430469,0.25809356773050285,-0.58731795428661759,0.078774871117312781,-0.36783149899818013,0.0076458025578669368,-0.12523340851146897,0.0076458025466663521,0.12523340851146886,0.078774871084999573,0.36783149899818024,0.25809356768288683,0.58731795428661748,0.55981744567999736,0.76990267419430469,0.91743610886039373,0.9041172563704748,1.1927425038596573,0.98156063424671924
235,0.042816568710877939,0,0,3.9838863934821132,1.1938739778033145,-0.98156063424671924,0.91830641830925741,-0.9041172563704748,0.56034850656178259,-0.76990267419430469,0.25833840358487836,-0.58731795428661759,0.07884959949182696,-0.36783149899818013,0.0076530556122503144,-0.12523340851146897,0.0076530556021687166,0.12523340851146886,0.078849599462735495,0.36783149899818024,0.25833840354204834,0.58731795428661748,0.56034850651064594,0.76990267419430469,0.91830641825253645,0.9041172563704748,1.1938739777492806,0.98156063424671924
236,0.038258547338661908,0,0,3.9871314466331791,1.1948464414008595,-0.98156063424671924,0.91905441983976555,-0.9041172563704748,0.56080493540897502,-0.76990267419430469,0.25854883173442611,-0.58731795428661759,0.078913826006308155,-0.36783149899818013,0.0076592893675334998,-0.12523340851146897,0.0076592893585237538,0.12523340851146886,0.078913825980302874,0.36783149899818024,0.25854883169618081,0.58731795428661748,0.56080493536322895,0.76990267419430469,0.919054419788779,0.9041172563704748,1.1948464413527176,0.98156063424671924
237,0.033912796863895367,0,0,3.9898868119480384,1.195672157449535,-0.98156063424671924,0.91968954579170048,-0.9041172563704748,0.56119248783255438,-0.76990267419430469,0.25872750567188202,-0.58731795428661759,0.078968360555215264,-0.36783149899818013,0.0076645824311929681,-0.12523340851146897,0.007664582423205466,0.12523340851146886,0.078968360532152823,0.36783149899818024,0.25872750563800911,0.58731795428661748,0.5611924877919493,0.76990267419430469,0.91968954574618289,0.9041172563704748,1.195672157407013,0.98156063424671924
238,0.029789952073984993,0,0,3.9921949748275032,1.1963638577919165,-0.98156063424671924,0.92022158926967301,-0.9041172563704748,0.56151713956288629,-0.76990267419430469,0.25887718039815838,-0.58731795428661759,0.079014044015156756,-0.36783149899818013,0.007669016417799099,-0.12523340851146897,0.0076690164107815362,0.12523340851146886,0.079014043994886388,0.36783149899818024,0.2588771803684346,0.58731795428661748,0.56151713952715965,0.76990267419430469,0.92022158922934483,0.9041172563704748,1.196363857754728,0.98156063424671924
239,0.025900102271723985,0,0,3.9940993662069992,1.196934557624332,-0.98156063424671924,0.9206605613289095,-0.9041172563704748,0.56178499932331161,-0.76990267419430469,0.25900067222814038,-0.58731795428661759,0.079051735976885404,-0.36783149899818013,0.0076726747582966208,-0.12523340851146897,0.0076726747521943788,0.12523340851146886,0.079051735959249567,0.36783149899818024,0.25900067220233158,0.58731795428661748,0.56178499929218817,0.76990267419430469,0.92066056129348028,0.9041172563704748,1.1969345575921762,0.98156063424671924
240,0.022252766586560363,0,0,3.9956437443610806,1.1973973702386944,-0.98156063424671924,0.92101654847800318,-0.9041172563704748,0.56200222187864146,-0.76990267419430469,0.25910081870328827,-0.58731795428661759,0.079082302509892732,-0.36783149899818013,0.0076756415124496474,-0.12523340851146897,0.0076756415072057344,0.12523340851146886,0.07908230249472735,0.36783149899818024,0.25910081868115098,0.58731795428661748,0.5620022218518349,0.76990267419430469,0.92101654844716796,0.9041172563704748,1.1973973702112595,0.98156063424671924
241,0.018856870682126131,0,0,3.9968715854463901,1.1977653243830304,-0.98156063424671924,0.92129957219590652,-0.9041172563704748,0.56217492231274879,-0.76990267419430469,0.25918043907089339,-0.58731795428661759,0.07910660409995543,-0.36783149899818013,0.0076780001980728142,-0.12523340851146897,0.0076780001936282835,0.12523340851146886,0.079106604087090346,0.36783149899818024,0.25918043905217464,0.58731795428661748,0.56217492228996246,0.76990267419430469,0.92129957216934866,0.9041172563704748,1.1977653243599942,0.98156063424671924
242,0.01572072491779658,0,0,3.9978254895760514,1.1980511862764085,-0.98156063424671924,0.92151945202900964,-0.9041172563704748,0.56230909249071315,-0.76990267419430469,0.25924229577048097,-0.58731795428661759,0.079125483894082305,-0.36783149899818013,0.0076798326500989644,-0.12523340851146897,0.0076798326463926592,0.12523340851146886,0.079125483883341619,0.36783149899818024,0.25924229575491858,0.58731795428661748,0.56230909247163985,0.76990267419430469,0.92151945200640295,0.9041172563704748,1.1980511862574352,0.98156063424671924
243,0.012852004019268726,0,0,3.9985466088470036,1.1982672882026186,-0.98156063424671924,0.92168567374848354,-0.9041172563704748,0.56241052060872598,-0.76990267419430469,0.25928905734376967,-0.58731795428661759,0.079139756379956169,-0.36783149899818013,0.0076812179218176957,-0.12523340851146897,0.0076812179187867625,0.12523340851146886,0.079139756371158831,0.36783149899818024,0.25928905733109575,0.58731795428661748,0.56241052059304886,0.76990267419430469,0.92168567372949128,0.9041172563704748,1.1982672881873631,0.98156063424671924
244,0.010257728311214798,0,0,3.9990741033225481,1.1984253654813588,-0.98156063424671924,0.92180726395144374,-0.9041172563704748,0.56248471467600558,-0.76990267419430469,0.25932326315741361,-0.58731795428661759,0.079150196618669441,-0.36783149899818013,0.0076822312398166573,-0.12523340851146897,0.0076822312373965237,0.12523340851146886,0.079150196611629933,0.36783149899818024,0.2593232631473521,0.58731795428661748,0.56248471466339667,0.76990267419430469,0.92180726393571988,0.9041172563704748,1.1984253654694668,0.98156063424671924
245,0.0079442465655457373,0,0,3.9994446305027269,1.1985364034749113,-0.98156063424671924,0.92189267238122985,-0.9041172563704748,0.56253683070689575,-0.76990267419430469,0.25934729029728371,-0.58731795428661759,0.079157530140255741,-0.36783149899818013,0.0076829430232526232,-0.12523340851146897,0.0076829430213772422,0.12523340851146886,0.079157530134783827,0.36783149899818024,0.25934729028955167,0.58731795428661748,0.56253683069702265,0.76990267419430469,0.92189267236842087,0.9041172563704748,1.1985364034660184,0.98156063424671924
246,0.0059172205264171329,0,0,3.9996918733242453,1.1986104961411843,-0.98156063424671924,0.92194966312895044,-0.9041172563704748,0.56257160633229408,-0.76990267419430469,0.25936332296123399,-0.58731795428661759,0.07916242360180191,-0.36783149899818013,0.0076834179771382034,-0.12523340851146897,0.0076834179757400726,0.12523340851146886,0.079162423597703466,0.36783149899818024,0.2593633229555431,0.58731795428661748,0.56257160632481817,0.76990267419430469,0.9219496631186942,0.9041172563704748,1.1986104961349202,0.98156063424671924
247,0.0041816112038625952,0,0,3.9998461112105312,1.1986567174878329,-0.98156063424671924,0.92198521575829995,-0.9041172563704748,0.56259330046623834,-0.76990267419430469,0.25937332464348811,-0.58731795428661759,0.079165476297614876,-0.36783149899818013,0.0076837142683276712,-0.12523340851146897,0.0076837142673382257,0.12523340851146886,0.079165476294692491,0.36783149899818024,0.25937332463954527,0.58731795428661748,0.56259330046081513,0.76990267419430469,0.92198521575023007,0.9041172563704748,1.1986567174838221,0.98156063424671924
248,0.0027416671460754882,0,0,3.9999338381697029,1.1986830071255001,-0.98156063424671924,0.92200543727516904,-0.9041172563704748,0.56260563958996024,-0.76990267419430469,0.25937901336988772,-0.58731795428661759,0.07916721260056693,-0.36783149899818013,0.0076838827918823353,-0.12523340851146897,0.0076838827912319267,0.12523340851146886,0.07916721259862039,0.36783149899818024,0.25937901336739516,0.58731795428661748,0.56260563958623966,0.76990267419430469,0.92200543726891415,0.9041172563704748,1.1986830071233603,0.98156063424671924
249,0.0016009154246574564,0,0,3.999977431401105,1.1986960709572445,-0.98156063424671924,0.92201548573973446,-0.9041172563704748,0.56261177114015581,-0.76990267419430469,0.25938184020840865,-0.58731795428661759,0.079168075403113033,-0.36783149899818013,0.0076839665344626169,-0.12523340851146897,0.0076839665340808459,0.12523340851146886,0.079168075401939597,0.36783149899818024,0.2593818402070649,0.58731795428661748,0.5626117711377836,0.76990267419430469,0.9220154857349192,0.9041172563704748,1.1986960709565868,0.98156063424671924
250,0.00076215916211785917,0,0,3.99999487334959,1.198701297884962,-0.98156063424671924,0.92201950619853434,-0.9041172563704748,0.56261422441488063,-0.76990267419430469,0.25938297124554138,-0.58731795428661759,0.079168420616152521,-0.36783149899818013,0.0076840000403937446,-0.12523340851146897,0.0076840000402094719,0.12523340851146886,0.079168420615547574,0.36783149899818024,0.25938297124504228,0.58731795428661748,0.5626142244135004,0.76990267419430469,0.92201950619477913,0.9041172563704748,1.1987012978853924,0.98156063424671924
251,0.00022751606222959353,0,0,3.9999995296301898,1.1987026932588016,-0.98156063424671924,0.92202057949495608,-0.9041172563704748,0.56261487933782706,-0.76990267419430469,0.25938327318563315,-0.58731795428661759,0.079168512773685459,-0.36783149899818013,0.0076840089850583283,-0.12523340851146897,0.007684008984999921,0.12523340851146886,0.079168512773442917,0.36783149899818024,0.25938327318567295,0.58731795428661748,0.56261487933707954,0.76990267419430469,0.92202057949187644,0.9041172563704748,1.1987026932599223,0.98156063424671924
252,0,0,0,3.9999999851495454,1.1987028297667401,-0.98156063424671924,0.92202068449438002,-0.9041172563704748,0.56261494340819174,-0.76990267419430469,0.25938330272404736,-0.58731795428661759,0.079168521789306959,-0.36783149899818013,0.0076840098600854268,-0.12523340851146897,0.0076840098600806112,0.12523340851146886,0.079168521789218668,0.36783149899818024,0.25938330272431648,0.58731795428661748,0.56261494340771334,0.76990267419430469,0.92202068449158769,0.9041172563704748,1.1987028297681541,0.98156063424671924
253,-0.00022751606222959353,0,0,3.9999995296301858,1.1987026932585068,-0.98156063424671924,0.92202057949466787,-0.9041172563704748,0.56261487933755738,-0.76990267419430469,0.25938327318540372,-0.58731795428661759,0.079168512773531138,-0.36783149899818013,0.0076840089850047037,-0.12523340851146897,0.0076840089850534858,0.12523340851146886,0.079168512773597113,0.36783149899818024,0.25938327318590204,0.58731795428661748,0.56261487933734844,0.76990267419430469,0.92202057949216309,0.9041172563704748,1.1987026932602138,0.98156063424671924
254,-0.00076215916211784529,0,0,3.9999948733495745,1.1987012978839717,-0.98156063424671924,0.92201950619756834,-0.9041172563704748,0.56261422441397613,-0.76990267419430469,0.25938297124477255,-0.58731795428661759,0.079168420615635532,-0.36783149899818013,0.0076840000402141765,-0.12523340851146897,0.0076840000403888371,0.12523340851146886,0.07916842061606405,0.36783149899818024,0.25938297124580945,0.58731795428661748,0.56261422441440023,0.76990267419430469,0.92201950619573936,0.9041172563704748,1.1987012978863685,0.98156063424671924
255,-0.0016009154246574703,0,0,3.9999774314010628,1.1986960709551602,-0.98156063424671924,0.92201548573770353,-0.9041172563704748,0.56261177113825511,-0.76990267419430469,0.25938184020679317,-0.58731795428661759,0.079168075402026944,-0.36783149899818013,0.0076839665340854317,-0.12523340851146897,0.0076839665344576201,0.12523340851146886,0.079168075403024299,0.36783149899818024,0.25938184020867489,0.58731795428661748,0.56261177113967253,0.76990267419430469,0.92201548573693448,0.9041172563704748,1.1986960709586389,0.98156063424671924
256,-0.0027416671460754882,0,0,3.9999338381696243,1.1986830071219279,-0.98156063424671924,0.92200543727168904,-0.9041172563704748,0.56260563958670518,-0.76990267419430469,0.25937901336712077,-0.58731795428661759,0.079167212598706765,-0.36783149899818013,0.0076838827912363251,-0.12523340851146897,0.0076838827918772317,0.12523340851146886,0.079167212600477918,0.36783149899818024,0.25937901337015123,0.58731795428661748,0.56260563958947329,0.76990267419430469,0.92200543727236162,0.9041172563704748,1.1986830071268777,0.98156063424671924
257,-0.0041816112038625952,0,0,3.9998461112104247,1.1986567174823914,-0.98156063424671924,0.9219852157529953,-0.9041172563704748,0.56259330046127576,-0.76990267419430469,0.25937332463926904,-0.58731795428661759,0.079165476294777964,-0.36783149899818013,0.007683714267342396,-0.12523340851146897,0.0076837142683224956,0.12523340851146886,0.079165476297525877,0.36783149899818024,0.25937332464374913,0.58731795428661748,0.56259330046574907,0.76990267419430469,0.92198521575548797,0.9041172563704748,1.1986567174891962,0.98156063424671924
258,-0.0059172205264171329,0,0,3.9996918733241236,1.1986104961334965,-0.98156063424671924,0.9219496631214511,-0.9041172563704748,0.56257160632527548,-0.76990267419430469,0.25936332295526582,-0.58731795428661759,0.079162423597788051,-0.36783149899818013,0.007683417975743981,-0.12523340851146897,0.007683417977132981,0.12523340851146886,0.079162423601713314,0.36783149899818024,0.25936332296149323,0.58731795428661748,0.56257160633180425,0.76990267419430469,0.92194966312613713,0.9041172563704748,1.1986104961425368,0.98156063424671924
259,-0.0079442465655457373,0,0,3.9994446305025853,1.1985364034646011,-0.98156063424671924,0.92189267237116845,-0.9041172563704748,0.56253683069747618,-0.76990267419430469,0.25934729028927284,-0.58731795428661759,0.079157530134867274,-0.36783149899818013,0.0076829430213808366,-0.12523340851146897,0.0076829430232473496,0.12523340851146886,0.07915753014016759,0.36783149899818024,0.259347290297541,0.58731795428661748,0.56253683070640514,0.76990267419430469,0.92189267237841599,0.9041172563704748,1.1985364034762525,0.98156063424671924
260,-0.010257728311214798,0,0,3.9990741033223833,1.1984253654680557,-0.98156063424671924,0.92180726393845791,-0.9041172563704748,0.56248471466384586,-0.76990267419430469,0.2593232631470711,-0.58731795428661759,0.079150196611712034,-0.36783149899818013,0.0076822312373997486,-0.12523340851146897,0.0076822312398113534,0.12523340851146886,0.079150196618581678,0.36783149899818024,0.25932326315766835,0.58731795428661748,0.56248471467551386,0.76990267419430469,0.921807263948628,0.9041172563704748,1.1984253654826869,0.98156063424671924
261,-0.01285200401926874,0,0,3.9985466088468118,1.1982672881859593,-0.98156063424671924,0.92168567373221777,-0.9041172563704748,0.56241052059349317,-0.76990267419430469,0.25928905733081237,-0.58731795428661759,0.079139756371239392,-0.36783149899818013,0.0076812179187895494,-0.12523340851146897,0.0076812179218123926,0.12523340851146886,0.079139756379868878,0.36783149899818024,0.25928905734402152,0.58731795428661748,0.5624105206082326,0.76990267419430469,0.92168567374566512,0.9041172563704748,1.1982672882039309,0.98156063424671924
262,-0.015720724917796566,0,0,3.9978254895758352,1.1980511862560406,-0.98156063424671924,0.92151945200911745,-0.9041172563704748,0.56230909247208194,-0.76990267419430469,0.25924229575463253,-0.58731795428661759,0.079125483883420528,-0.36783149899818013,0.0076798326463949403,-0.12523340851146897,0.0076798326500937117,0.12523340851146886,0.079125483893996026,0.36783149899818024,0.25924229577072999,0.58731795428661748,0.56230909249021754,0.76990267419430469,0.92151945202618857,0.9041172563704748,1.1980511862777059,0.98156063424671924
263,-0.018856870682126131,0,0,3.9968715854461516,1.1977653243586102,-0.98156063424671924,0.92129957217205061,-0.9041172563704748,0.56217492229040333,-0.76990267419430469,0.25918043905188615,-0.58731795428661759,0.07910660408716752,-0.36783149899818013,0.0076780001936300052,-0.12523340851146897,0.0076780001980676664,0.12523340851146886,0.079106604099870428,0.36783149899818024,0.25918043907114097,0.58731795428661748,0.5621749223122513,0.76990267419430469,0.92129957219308312,0.9041172563704748,1.1977653243843132,0.98156063424671924
264,-0.022252766586560363,0,0,3.9956437443608315,1.1973973702098908,-0.98156063424671924,0.92101654844985859,-0.9041172563704748,0.562002221852275,-0.76990267419430469,0.25910081868086171,-0.58731795428661759,0.079082302494802803,-0.36783149899818013,0.007675641507206875,-0.12523340851146897,0.0076756415124446713,0.12523340851146886,0.079082302509809285,0.36783149899818024,0.25910081870353535,0.58731795428661748,0.56200222187814253,0.76990267419430469,0.92101654847517977,0.9041172563704748,1.1973973702399645,0.98156063424671924
265,-0.025900102271723985,0,0,3.994099366206743,1.1969345575908248,-0.98156063424671924,0.92066056129616114,-0.9041172563704748,0.56178499929262715,-0.76990267419430469,0.25900067220204198,-0.58731795428661759,0.079051735959323355,-0.36783149899818013,0.0076726747521949374,-0.12523340851146897,0.0076726747582918694,0.12523340851146886,0.079051735976803733,0.36783149899818024,0.25900067222838746,0.58731795428661748,0.56178499932281156,0.76990267419430469,0.92066056132608687,0.9041172563704748,1.1969345576255923,0.98156063424671924
266,-0.029789952073985007,0,0,3.9921949748272376,1.1963638577533937,-0.98156063424671924,0.92022158923201425,-0.9041172563704748,0.56151713952759741,-0.76990267419430469,0.25887718036814455,-0.58731795428661759,0.079014043994958358,-0.36783149899818013,0.0076690164107814946,-0.12523340851146897,0.0076690164177945983,0.12523340851146886,0.07901404401507689,0.36783149899818024,0.25887718039840546,0.58731795428661748,0.56151713956238503,0.76990267419430469,0.92022158926684938,0.9041172563704748,1.1963638577931663,0.98156063424671924
267,-0.033912796863895381,0,0,3.9898868119477582,1.1956721574056957,-0.98156063424671924,0.91968954574883954,-0.9041172563704748,0.5611924877923854,-0.76990267419430469,0.25872750563771846,-0.58731795428661759,0.078968360532222878,-0.36783149899818013,0.0076645824232048059,-0.12523340851146897,0.0076645824311887649,0.12523340851146886,0.078968360555137188,0.36783149899818024,0.2587275056721286,0.58731795428661748,0.56119248783205078,0.76990267419430469,0.91968954578887685,0.9041172563704748,1.1956721574507727,0.98156063424671924
268,-0.038258547338661894,0,0,3.9871314466328815,1.1948464413514162,-0.98156063424671924,0.91905441979142166,-0.9041172563704748,0.5608049353636626,-0.76990267419430469,0.25854883169588894,-0.58731795428661759,0.078913825980370902,-0.36783149899818013,0.0076592893585224406,-0.12523340851146897,0.0076592893675296678,0.12523340851146886,0.078913826006231855,0.36783149899818024,0.25854883173467197,0.58731795428661748,0.5608049354084681,0.76990267419430469,0.91905441983694092,0.9041172563704748,1.1948464414020836,0.98156063424671924
269,-0.042816568710877939,0,0,3.9838863934817952,1.193873977747995,-0.98156063424671924,0.91830641825516424,-0.9041172563704748,0.56034850651107726,-0.76990267419430469,0.25833840354175491,-0.58731795428661759,0.078849599462801442,-0.36783149899818013,0.0076530556021667156,-0.12523340851146897,0.0076530556122469508,0.12523340851146886,0.078849599491752492,0.36783149899818024,0.25833840358512367,0.58731795428661748,0.56034850656127222,0.76990267419430469,0.91830641830643123,0.9041172563704748,1.193873977804524,0.98156063424671924
270,-0.047575706732696052,0,0,3.9801107324708767,1.1927425038583876,-0.98156063424671924,0.91743610886300797,-0.9041172563704748,0.55981744568042768,-0.76990267419430469,0.25809356768259212,-0.58731795428661759,0.078774871085063508,-0.36783149899818013,0.0076458025466636347,-0.12523340851146897,0.0076458025578641847,0.12523340851146886,0.078774871117240478,0.36783149899818024,0.25809356773074837,0.58731795428661748,0.55981744573624814,0.76990267419430469,0.91743610892027361,0.9041172563704748,1.1927425039210351,0.98156063424671924
271,-0.05252431499153519,0,0,3.9757657231266386,1.1914404101037837,-0.98156063424671924,0.91643456173547244,-0.9041172563704748,0.55920630387938219,-0.76990267419430469,0.2578118119604057,-0.58731795428661759,0.07868887409064737,-0.36783149899818013,0.0076374557714611871,-0.12523340851146897,0.0076374557838263047,0.12523340851146886,0.078688874126178088,0.36783149899818024,0.25781181201353875,0.58731795428661748,0.55920630394104998,0.76990267419430469,0.91643456179897254,0.9041172563704748,1.1914404101727907,0.98156063424671924
272,-0.057650283410399947,0,0,3.9708154055844385,1.1899569201862956,-0.98156063424671924,0.91529348793779597,-0.9041172563704748,0.55851002321863208,-0.76990267419430469,0.25749080452807782,-0.58731795428661759,0.078590896757217019,-0.36783149899818013,0.0076279461975642801,-0.12523340851146897,0.0076279462111355023,0.12523340851146886,0.078590896796221013,0.36783149899818024,0.25749080458636453,0.58731795428661748,0.55851002328635468,0.76990267419430469,0.91529348800775012,0.9041172563704748,1.1899569202618876,0.98156063424671924
273,-0.062941067882992779,0,0,3.9652271810556559,1.1882822650408729,-0.98156063424671924,0.91400537328062226,-0.9041172563704748,0.55772401855677001,-0.76990267419430469,0.25712843149024212,-0.58731795428661759,0.078480293885292637,-0.36783149899818013,0.0076172112026141481,-0.12523340851146897,0.0076172112174298281,0.12523340851146886,0.078480293927880695,0.36783149899818024,0.25712843155384635,0.58731795428661748,0.55772401863073884,0.76990267419430469,0.91400537335723397,0.9041172563704748,1.1882822651232587,0.98156063424671924
274,-0.068383720971052359,0,0,3.9589723643082939,1.1864078484003155,-0.98156063424671924,0.91256360566963535,-0.9041172563704748,0.55684425520874958,-0.76990267419430469,0.25672283272934338,-0.58731795428661759,0.078356497733018504,-0.36783149899818013,0.0076051956822047262,-0.12523340851146897,0.0076051956983002366,0.12523340851146886,0.078356497779292572,0.36783149899818024,0.25672283279841568,0.58731795428661748,0.5568442552891405,0.76990267419430469,0.91256360575309137,0.9041172563704748,1.1864078484896865,0.98156063424671924
275,-0.073964923588768244,0,0,3.9520267009600722,1.1843264018154516,-0.98156063424671924,0.91096259434429583,-0.9041172563704748,0.55586732170509223,-0.76990267419430469,0.25627243544993666,-0.58731795428661759,0.078219028254495768,-0.36783149899818013,0.0075918530436044213,-0.12523340851146897,0.0075918530610116688,0.12523340851146886,0.078219028304548577,0.36783149899818024,0.25627243552461371,0.58731795428661748,0.55586732179206455,0.76990267419430469,0.91096259443476502,0.9041172563704748,1.1843264019119801,0.98156063424671924
276,-0.07967101759671727,0,0,3.9443708427010327,1.1820321270678043,-0.98156063424671924,0.90919787941910402,-0.9041172563704748,0.55479049663372115,-0.76990267419430469,0.25577598499488902,-0.58731795428661759,0.078067502505450206,-0.36783149899818013,0.0075771461186596046,-0.12523340851146897,0.0075771461374073701,0.12523340851146886,0.078067502559365107,0.36783149899818024,0.25577598507529342,0.58731795428661748,0.55479049672741765,0.76990267419430469,0.90919787951673836,0.9041172563704748,1.1820321271716434,0.98156063424671924
277,-0.085488039225546777,0,0,3.9359907739968092,1.1795208240421973,-0.98156063424671924,0.90726623024091402,-0.9041172563704748,0.55361180865737147,-0.76990267419430469,0.25523257251530579,-0.58731795428661759,0.077901643088599135,-0.36783149899818013,0.0075610479834931727,-0.12523340851146897,0.007561048003606575,0.12523340851146886,0.077901643146449776,0.36783149899818024,0.2552325726015453,0.58731795428661748,0.55361180875791793,0.76990267419430469,0.90726623034584697,0.9041172563704748,1.1795208241534829,0.98156063424671924
278,-0.091401753247603745,0,0,3.9268781843798108,1.1767900022933815,-0.98156063424671924,0.90516573120397825,-0.9041172563704748,0.55233008887773494,-0.76990267419430469,0.25464165911205933,-0.58731795428661759,0.077721285522087027,-0.36783149899818013,0.0075435426736763719,-0.12523340851146897,0.0075435426951774099,0.12523340851146886,0.077721285583937386,0.36783149899818024,0.25464165920422716,0.58731795428661748,0.55233008898523983,0.76990267419430469,0.90516573131632405,0.9041172563704748,1.1767900024122306,0.98156063424671924
279,-0.097397687812880815,0,0,3.9170307810994767,1.1738389747397175,-0.98156063424671924,0.90289585381744408,-0.9041172563704748,0.55094501481088809,-0.76990267419430469,0.25400309610985311,-0.58731795428661759,0.077526384427500428,-0.36783149899818013,0.007524625784831371,-0.12523340851146897,0.0075246258077382869,0.12523340851146886,0.077526384493404404,0.36783149899818024,0.25400309620802791,0.58731795428661748,0.55094501492544146,0.76990267419430469,0.90289585393729743,0.9041172563704748,1.1738389748662283,0.98156063424671924
280,-0.10346116986402587,0,0,3.9064525376725019,1.1706689321476431,-0.98156063424671924,0.90045751399746743,-0.9041172563704748,0.54945714534680856,-0.76990267419430469,0.25331714117466669,-0.58731795428661759,0.077317018449206437,-0.36783149899818013,0.0075043049500963651,-0.12523340851146897,0.0075043049744240777,0.12523340851146886,0.077317018519207761,0.36783149899818024,0.25331714127891208,0.58731795428661748,0.54945714546848301,0.76990267419430469,0.90045751412490482,0.9041172563704748,1.1706689322818937,0.98156063424671924
281,-0.1095773610437465,0,0,3.895153874730751,1.1672829973273997,-0.98156063424671924,0.89785311375359278,-0.9041172563704748,0.54786794618630996,-0.76990267419430469,0.25258447004098833,-0.58731795428661759,0.077093393833718035,-0.36783149899818013,0.0074826001875353716,-0.12523340851146897,0.0074826002132949553,0.12523340851146886,0.077093393907850319,0.36783149899818024,0.25258447015135227,0.58731795428661748,0.54786794631516089,0.76990267419430469,0.89785311388867106,0.9041172563704748,1.167282997469449,0.98156063424671924
282,-0.11573129400673551,0,0,3.8831517704979559,1.1636862582402132,-0.98156063424671924,0.89508656665420461,-0.9041172563704748,0.54617980538000332,-0.76990267419430469,0.25180618367576668,-0.58731795428661759,0.076855846616263254,-0.36783149899818013,0.0074595441123637878,-0.12523340851146897,0.0074595441395629274,0.12523340851146886,0.076855846694549923,0.36783149899818024,0.25180618379228215,0.58731795428661748,0.54617980551606726,0.76990267419430469,0.89508656679696141,0.9041172563704748,1.1636862583900993,0.98156063424671924
283,-0.12190790904725515,0,0,3.8704697992139154,1.1598857795130939,-0.98156063424671924,0.89216330668350219,-0.9041172563704748,0.5443960387328034,-0.76990267419430469,0.25098381077006066,-0.58731795428661759,0.076604843381282345,-0.36783149899818013,0.0074351820107619038,-0.12523340851146897,0.0074351820394043047,0.12523340851146886,0.076604843463736361,0.36783149899818024,0.25098381089274518,0.58731795428661748,0.54439603887609855,0.76990267419430469,0.89216330683395551,0.9041172563704748,1.1598857796708351,0.98156063424671924
284,-0.12809209095274485,0,0,3.857138096850671,1.1558905921648088,-0.98156063424671924,0.88909028033889992,-0.9041172563704748,0.54252088498178086,-0.76990267419430469,0.2501193055158758,-0.58731795428661759,0.076340980583877421,-0.36783149899818013,0.0074095717740148793,-0.12523340851146897,0.0074095718041009848,0.12523340851146886,0.076340980670501477,0.36783149899818024,0.2501193056447315,0.58731795428661748,0.5425208851323069,0.76990267419430469,0.88909028049704852,0.9041172563704748,1.1558905923304033,0.98156063424671924
285,-0.13426870599326449,0,0,3.8431932545035297,1.1517116616577581,-0.98156063424671924,0.88587592205710941,-0.9041172563704748,0.54055949080121113,-0.76990267419430469,0.24921504069301773,-0.58731795428661759,0.076064982439794024,-0.36783149899818013,0.0073827836937172603,-0.12523340851146897,0.0073827837252437162,0.12523340851146886,0.07606498253058043,0.36783149899818024,0.24921504082803109,0.58731795428661748,0.54055949095894962,0.76990267419430469,0.88587592222293343,0.9041172563704748,1.1517116618311849,0.98156063424671924
286,-0.14042263895625351,0,0,3.8286781408716855,1.1473618346997334,-0.98156063424671924,0.88253011329500264,-0.9041172563704748,0.53851788583381144,-0.76990267419430469,0.24827379615770037,-0.58731795428661759,0.075777697411933839,-0.36783149899818013,0.0073549001207572568,-0.12523340851146897,0.0073549001537174061,0.12523340851146886,0.075777697506864708,0.36783149899818024,0.24827379629884294,0.58731795428661748,0.53851788599872608,0.76990267419430469,0.88253011346846222,0.9041172563704748,1.1473618348809527,0.98156063424671924
287,-0.14653883013597413,0,0,3.8136416562439281,1.1428557655194072,-0.98156063424671924,0.87906412582204674,-0.9041172563704748,0.53640294808791045,-0.76990267419430469,0.24729874288954751,-0.58731795428661759,0.075480093341208157,-0.36783149899818013,0.0073260149927231264,-0.12523340851146897,0.0073260150271064759,0.12523340851146886,0.075480093440255303,0.36783149899818024,0.24729874303677538,0.58731795428661748,0.53640294825994739,0.76990267419430469,0.87906412600308292,0.9041172563704748,1.14285576570836,0.98156063424671924
288,-0.1526023121871192,0,0,3.7981384213535758,1.1382098226237152,-0.98156063424671924,0.87549054999975573,-0.9041172563704748,0.53422236017373148,-0.76990267419430469,0.24629342281513281,-0.58731795428661759,0.075173251288313758,-0.36783149899818013,0.0072962332361920963,-0.12523340851146897,0.0072962332719849346,0.12523340851146886,0.07517325139143903,0.36783149899818024,0.24629342296838735,0.58731795428661748,0.53422236035281978,0.76990267419430469,0.87549055018829147,0.9041172563704748,1.1382098228203237,0.98156063424671924
289,-0.15859824675239625,0,0,3.782228405342539,1.1334419773077256,-0.98156063424671924,0.87182320902548494,-0.9041172563704748,0.53198455697515012,-0.76990267419430469,0.24526172468300242,-0.58731795428661759,0.074858358170349193,-0.36783149899818013,0.0072656700520488176,-0.12523340851146897,0.007265670089233808,0.12523340851146886,0.074858358277504436,0.36783149899818024,0.24526172484221012,0.58731795428661748,0.5319845571612013,0.76990267419430469,0.87182320922142387,0.9041172563704748,1.1334419775118918,0.98156063424671924
290,-0.16451196077445324,0,0,3.7659764978583508,1.1285716754225124,-0.98156063424671924,0.86807706029858134,-0.9041172563704748,0.52969866546354183,-0.76990267419430469,0.24420785631595401,-0.58731795428661759,0.074536698291702994,-0.36783149899818013,0.0072344500934821412,-0.12523340851146897,0.0072344501320388555,0.12523340851146886,0.074536698402830379,0.36783149899818024,0.24420785648102677,0.58731795428661748,0.52969866565645041,0.76990267419430469,0.86807706050180933,0.9041172563704748,1.1285716756341195,0.98156063424671924
291,-0.17032898240328273,0,0,3.7494520309850756,1.1236196941094614,-0.98156063424671924,0.86426808522298704,-0.9041172563704748,0.52737443745557822,-0.76990267419430469,0.24313631361025093,-0.58731795428661759,0.074209643882047954,-0.36783149899818013,0.0072027065476135957,-0.12523340851146897,0.0072027065875180226,0.12523340851146886,0.074209643997079966,0.36783149899818024,0.2431363137810863,0.58731795428661748,0.52737443765522096,0.76990267419430469,0.86426808543337175,0.9041172563704748,1.1236196943283745,0.98156063424671924
292,-0.17603507641123176,0,0,3.7327282572648577,1.1186079853760109,-0.98156063424671924,0.86041316888850683,-0.9041172563704748,0.52502217619500624,-0.76990267419430469,0.24205184668749855,-0.58731795428661759,0.073878644765275558,-0.36783149899818013,0.0071705801327748668,-0.12523340851146897,0.0071705801739999873,0.12523340851146886,0.073878644884135133,0.36783149899818024,0.2420518468639801,0.58731795428661748,0.52502217640124438,0.76990267419430469,0.8604131691058986,0.9041172563704748,1.1186079856020779,0.98156063424671924
293,-0.18161627902894764,0,0,3.715881790493976,1.1135595085158096,-0.98156063424671924,0.85652997117140595,-0.9041172563704748,0.52265265769852498,-0.76990267419430469,0.24095942363260284,-0.58731795428661759,0.073545217291658069,-0.36783149899818013,0.0071382180242760013,-0.12523340851146897,0.0071382180667913433,0.12523340851146886,0.073545217414258804,0.36783149899818024,0.24095942381460039,0.58731795428661748,0.5226526579112043,0.76990267419430469,0.85652997139563869,0.9041172563704748,1.1135595087488612,0.98156063424671924
294,-0.18705893211700722,0,0,3.6989920162676637,1.1084980534633229,-0.98156063424671924,0.85263679086194333,-0.9041172563704748,0.52027704784671314,-0.76990267419430469,0.23986419227006209,-0.58731795428661759,0.073210932671274639,-0.36783149899818013,0.0071057727220598969,-0.12523340851146897,0.0071057727658321275,0.12523340851146886,0.073210932797521208,0.36783149899818024,0.23986419245743237,0.58731795428661748,0.52027704806566333,0.76990267419430469,0.85263679109283408,0.9041172563704748,1.1084980537031728,0.98156063424671924
295,-0.19234971658960004,0,0,3.6821404794030803,1.1034480572193741,-0.98156063424671924,0.84875242446219812,-0.9041172563704748,0.51790681622278034,-0.76990267419430469,0.23877144044090334,-0.58731795428661759,0.072877404849806857,-0.36783149899818013,0.0070734008739406851,-0.12523340851146897,0.0070734009189332278,0.12523340851146886,0.072877404979595065,0.36783149899818024,0.23877144063349051,0.58731795428661748,0.51790681644781633,0.76990267419430469,0.84875242469954926,0.9041172563704748,1.103448057465821,0.98156063424671924
296,-0.1974756850084648,0,0,3.6654102553877235,1.0984344154895034,-0.98156063424671924,0.84489602130167751,-0.9041172563704748,0.51555364770443757,-0.76990267419430469,0.23768655524373619,-0.58731795428661759,0.072546278068163314,-0.36783149899818013,0.0070412620681539638,-0.12523340851146897,0.0070412621143275244,0.12523340851146886,0.072546278201380501,0.36783149899818024,0.23768655544137163,0.58731795428661748,0.5155536479353604,0.76990267419430469,0.84489602154527688,0.9041172563704748,1.0984344157423294,0.98156063424671924
297,-0.20242429326730393,0,0,3.6488853128924985,1.0934822916446199,-0.98156063424671924,0.84108693659328504,-0.9041172563704748,0.51322935279897963,-0.76990267419430469,0.23661498169638559,-0.58731795428661759,0.072219214245255195,-0.36783149899818013,0.007009517608743087,-0.12523340851146897,0.0070095176560554216,0.12523340851146886,0.072219214381780417,0.36783149899818024,0.23661498189888885,0.58731795428661748,0.5132293530355766,0.76990267419430469,0.84108693684290403,0.9041172563704748,1.0934822919035916,0.98156063424671924
298,-0.20718343128912206,0,0,3.6326498741579183,1.0886169250442865,-0.98156063424671924,0.83734458399902856,-0.9041172563704748,0.51094577767921323,-0.76990267419430469,0.23556218125960676,-0.58731795428661759,0.07189788031867618,-0.36783149899818013,0.0069783292868589785,-0.12523340851146897,0.0069783293352653946,0.12523340851146886,0.071897880458380817,0.36783149899818024,0.2355621814667862,0.58731795428661748,0.5109457779212585,0.76990267419430469,0.83734458425442604,0.9041172563704748,1.0886169253091575,0.98156063424671924
299,-0.21174145266133809,0,0,3.6167877797275976,1.0838634406627776,-0.98156063424671924,0.83368828919780735,-0.9041172563704748,0.50871471483084985,-0.76990267419430469,0.23453359064270415,-0.58731795428661759,0.071583935671424875,-0.36783149899818013,0.0069478581604118786,-0.12523340851146897,0.0069478582098649096,0.12523340851146886,0.071583935814172814,0.36783149899818024,0.23453359085435699,0.58731795428661748,0.50871471507810495,0.76990267419430469,0.8336882894587313,0.9041172563704748,1.0838634409332879,0.98156063424671924
300,-0.21608720313610463,0,0,3.6013818635739989,1.0792466618294414,-0.98156063424671924,0.83013714584866205,-0.9041172563704748,0.50654781516160663,-0.76990267419430469,0.23353458128304375,-0.58731795428661759,0.071279019764311863,-0.36783149899818013,0.0069182633536857621,-0.12523340851146897,0.0069182634041357362,0.12523340851146886,0.071279019909959593,0.36783149899818024,0.23353458149895673,0.58731795428661748,0.50654781541382154,0.76990267419430469,0.8301371461148559,0.9041172563704748,1.0792466621053178,0.98156063424671924
301,-0.22021004792601501,0,0,3.5865133441609998,1.0747909277449512,-0.98156063424671924,0.8267098752275539,-0.9041172563704748,0.50445650235188388,-0.76990267419430469,0.23257041985900373,-0.58731795428661759,0.070984740083790618,-0.36783149899818013,0.006889700887568369,-0.12523340851146897,0.0068897009389631524,0.12523340851146886,0.070984740232187676,0.36783149899818024,0.23257042007895373,0.58731795428661748,0.50445650260879793,0.76990267419430469,0.82670987549873942,0.9041172563704748,1.0747909280259096,0.98156063424671924
302,-0.22409989772827602,0,0,3.5722612364277029,1.0705199172671322,-0.98156063424671924,0.82342469068658541,-0.9041172563704748,0.502451890148089,-0.76990267419430469,0.23164623015957739,-0.58731795428661759,0.070702660503863965,-0.36783149899818013,0.0068623225499701655,-0.12523340851146897,0.0068623226022555663,0.12523340851146886,0.07070266065485345,0.36783149899818024,0.23164623038333221,0.58731795428661748,0.50245189040943061,0.76990267419430469,0.82342469096247184,0.9041172563704748,1.0705199175528768,0.98156063424671924
303,-0.22774723341343964,0,0,3.5587017890858426,1.0664564802826626,-0.98156063424671924,0.82029916794814395,-0.9041172563704748,0.5005447032164142,-0.76990267419430469,0.23076695659545909,-0.58731795428661759,0.070434290149001016,-0.36783149899818013,0.0068362748148714054,-0.12523340851146897,0.0068362748679910981,0.12523340851146886,0.070434290302419919,0.36783149899818024,0.23076695682277798,0.58731795428661748,0.50054470348190117,0.76990267419430469,0.82029916822843252,0.9041172563704748,1.066456480572888,0.98156063424671924
304,-0.23114312931787387,0,0,3.5459079510089655,1.0626224777968762,-0.98156063424671924,0.81735012210484936,-0.9041172563704748,0.49874520208848083,-0.76990267419430469,0.22993732959661006,-0.58731795428661759,0.070181072832841793,-0.36783149899818013,0.0068116978172540815,-0.12523340851146897,0.0068116978711500048,0.12523340851146886,0.070181072988521498,0.36783149899818024,0.2299373298272443,0.58731795428661748,0.4987452023578226,0.76990267419430469,0.81735012238923133,0.9041172563704748,1.062622478091267,0.98156063424671924
305,-0.23427927508220342,0,0,3.5339488698845813,1.0590386316919906,-0.98156063424671924,0.81459349205628273,-0.9041172563704748,0.49706311264489222,-0.76990267419430469,0.22916183310194324,-0.58731795428661759,0.069944377135455454,-0.36783149899818013,0.0067887243900117298,-0.12523340851146897,0.0067887244446238372,0.12523340851146886,0.069944377293222101,0.36783149899818024,0.22916183333563675,0.58731795428661748,0.49706311291778982,0.76990267419430469,0.81459349234443956,0.9041172563704748,1.0590386319902221,0.98156063424671924
306,-0.23714799598073127,0,0,3.5228894257090051,1.0557243849268412,-0.98156063424671924,0.81204423297713202,-0.9041172563704748,0.4955075604995397,-0.76990267419430469,0.22844467430841128,-0.58731795428661759,0.069725487170209197,-0.36783149899818013,0.0067674791677913839,-0.12523340851146897,0.0067674792230581499,0.12523340851146886,0.069725487329884039,0.36783149899818024,0.22844467454490031,0.58731795428661748,0.49550756077568597,0.76990267419430469,0.81204423326873787,0.9041172563704748,1.0557243852285803,0.98156063424671924
307,-0.2397422716887852,0,0,3.5127898011572865,1.0526977727871878,-0.98156063424671924,0.80971621728524112,-0.9041172563704748,0.49408701057052873,-0.76990267419430469,0.22778975581128819,-0.58731795428661759,0.069525594080473777,-0.36783149899818013,0.0067480777616733484,-0.12523340851146897,0.006748077817531715,0.12523340851146886,0.069525594241873642,0.36783149899818024,0.22778975605030333,0.58731795428661748,0.49408701084960926,0.76990267419430469,0.80971621757996315,0.9041172563704748,1.0526977730920934,0.98156063424671924
308,-0.24205575343445426,0,0,3.503705090364666,1.0499753056470211,-0.98156063424671924,0.80762214446371217,-0.9041172563704748,0.49280921205382677,-0.76990267419430469,0.22720065023528135,-0.58731795428661759,0.069345788296574729,-0.36783149899818013,0.0067306260076392078,-0.12523340851146897,0.0067306260640248219,0.12523340851146886,0.069345788459512364,0.36783149899818024,0.22720065047654769,0.58731795428661748,0.492809212335522,0.76990267419430469,0.8076221447612103,0.9041172563704748,1.0499753059547459,0.98156063424671924
309,-0.24408277947358287,0,0,3.4956849472563154,1.0475718635815263,-0.98156063424671924,0.80577345999909,-0.9041172563704748,0.49168114895953074,-0.76990267419430469,0.2266805774301828,-0.58731795428661759,0.069187052575488919,-0.36783149899818013,0.0067152192910124222,-0.12523340851146897,0.0067152193478596583,0.12523340851146886,0.069187052739773464,0.36783149899818024,0.22668057767342051,0.58731795428661748,0.49168114924351519,0.76990267419430469,0.80577346029901886,0.9041172563704748,1.0475718638917186,0.98156063424671924
310,-0.2458183887961374,0,0,3.4887732743149038,1.0455006030982841,-0.98156063424671924,0.80418028364067928,-0.9041172563704748,0.4907089963358599,-0.76990267419430469,0.22623238428874454,-0.58731795428661759,0.069050255840891389,-0.36783149899818013,0.0067019419485798287,-0.12523340851146897,0.006701942005822175,0.12523340851146886,0.069050256006328845,0.36783149899818024,0.22623238453366973,0.58731795428661748,0.49070899662180295,0.76990267419430469,0.80418028394268815,0.9041172563704748,1.0455006034105867,0.98156063424671924
311,-0.24725833285392451,0,0,3.4830079528625135,1.043772876309311,-0.98156063424671924,0.80285134722913121,-0.9041172563704748,0.48989808233230042,-0.76990267419430469,0.22585852725658706,-0.58731795428661759,0.068936147844859852,-0.36783149899818013,0.0066908667504627477,-0.12523340851146897,0.0066908668080327303,0.12523340851146886,0.068936148011253487,0.36783149899818024,0.22585852750291141,0.58731795428661748,0.48989808261986612,0.76990267419430469,0.8028513475328638,0.9041172563704748,1.0437728766233636,0.98156063424671924
312,-0.24839908457534254,0,0,3.4784206178302721,1.0423981634349921,-0.98156063424671924,0.80179394277967542,-0.9041172563704748,0.4892528565201118,-0.76990267419430469,0.22556105772694982,-0.58731795428661759,0.068845354710085807,-0.36783149899818013,0.0066820544674486265,-0.12523340851146897,0.0066820545252781116,0.12523340851146886,0.068845354877236753,0.36783149899818024,0.22556105797438206,0.58731795428661748,0.48925285680896202,0.76990267419430469,0.80179394308477259,0.9041172563704748,1.0423981637504305,0.98156063424671924
313,-0.24923784083788214,0,0,3.4750364923826074,1.0413840232449878,-0.98156063424671924,0.8010138843621587,-0.9041172563704748,0.48877686663161135,-0.76990267419430469,0.22534161131676445,-0.58731795428661759,0.06877837565673621,-0.36783149899818013,0.0066755535533039485,-0.12523340851146897,0.0066755536113241578,0.12523340851146886,0.068778375824443905,0.36783149899818024,0.22534161156501098,0.58731795428661748,0.48877686692140587,0.76990267419430469,0.80101388466825862,0.9041172563704748,1.0413840235614449,0.98156063424671924
314,-0.24977248393777041,0,0,3.4728744217611589,1.040736103200431,-0.98156063424671924,0.80051551590224002,-0.9041172563704748,0.48847276332044703,-0.76990267419430469,0.22520141006129121,-0.58731795428661759,0.06873558367229668,-0.36783149899818013,0.0066714002097883899,-0.12523340851146897,0.0066714002679301295,0.12523340851146886,0.068735583840359257,0.36783149899818024,0.22520141031005669,0.58731795428661748,0.48847276361084352,0.76990267419430469,0.80051551620897887,0.9041172563704748,1.0407361035175375,0.98156063424671924
315,-0.25,0,0,3.4719531906763232,1.0404600326227109,-0.98156063424671924,0.80030316737281437,-0.9041172563704748,0.48834318872632104,-0.76990267419430469,0.22514167207059221,-0.58731795428661759,0.068717350546210879,-0.36783149899818013,0.0066696305223811073,-0.12523340851146897,0.0066696305805745851,0.12523340851146886,0.068717350714424488,0.36783149899818024,0.22514167231957852,0.58731795428661748,0.48834318901697382,0.76990267419430469,0.8003031676798249,0.9041172563704748,1.0404600329400944,0.98156063424671924
316,-0.25022751606222959,0,0,3.4710312632737268,1.0401837533754728,-0.98156063424671924,0.80009065833854365,-0.9041172563704748,0.48821351619250081,-0.76990267419430469,0.22508188892659292,-0.58731795428661759,0.06869910363851299,-0.36783149899818013,0.0066678594973455596,-0.12523340851146897,0.0066678595555907721,0.12523340851146886,0.068699103806877673,0.36783149899818024,0.2250818891758001,0.58731795428661748,0.48821351648340938,0.76990267419430469,0.80009065864582662,0.9041172563704748,1.0401837536931333,0.98156063424671924
317,-0.25076215916211786,0,0,3.4688620749510717,1.0395337003287648,-0.98156063424671924,0.79959064921168554,-0.9041172563704748,0.48790841175006888,-0.76990267419430469,0.22494122611790621,-0.58731795428661759,0.06865617077960115,-0.36783149899818013,0.0066636924807070841,-0.12523340851146897,0.0066636925390737966,0.12523340851146886,0.068656170948320855,0.36783149899818024,0.22494122636763217,0.58731795428661748,0.48790841204157848,0.76990267419430469,0.79959064951960868,0.9041172563704748,1.0395337006470766,0.98156063424671924
318,-0.25160091542465746,0,0,3.4654512873307737,1.038511570133295,-0.98156063424671924,0.79880444502548842,-0.9041172563704748,0.48742867172737303,-0.76990267419430469,0.22472005077711549,-0.58731795428661759,0.068588664025047166,-0.36783149899818013,0.0066571403484579636,-0.12523340851146897,0.0066571404070152893,0.12523340851146886,0.068588664194323856,0.36783149899818024,0.22472005102765497,0.58731795428661748,0.48742867201982532,0.76990267419430469,0.7988044453344153,0.9041172563704748,1.0385115704526284,0.98156063424671924
319,-0.25274166714607549,0,0,3.4607973146914524,1.0371168875868877,-0.98156063424671924,0.7977316802629747,-0.9041172563704748,0.48677407308677756,-0.76990267419430469,0.22441826007680946,-0.58731795428661759,0.068496551990047186,-0.36783149899818013,0.0066482000544236374,-0.12523340851146897,0.006648200113240188,0.12523340851146886,0.068496552160081353,0.36783149899818024,0.22441826032845458,0.58731795428661748,0.48677407338051176,0.76990267419430469,0.7977316805732656,0.9041172563704748,1.0371168879076098,0.98156063424671924
320,-0.25418161120386262,0,0,3.4548978919461799,1.0353489738980148,-0.98156063424671924,0.79637183280989421,-0.9041172563704748,0.48594429723534449,-0.76990267419430469,0.22403570713555673,-0.58731795428661759,0.068379789843706032,-0.36783149899818013,0.0066368672473667107,-0.12523340851146897,0.0066368673065103504,0.12523340851146886,0.068379790014696115,0.36783149899818024,0.22403570738859685,0.58731795428661748,0.48594429753069679,0.76990267419430469,0.79637183312190563,0.9041172563704748,1.0353489742204884,0.98156063424671924
321,-0.25591722052641713,0,0,3.4477504481379806,1.0332070586133264,-0.98156063424671924,0.79472431004737065,-0.9041172563704748,0.48493898255837181,-0.76990267419430469,0.2235722252375309,-0.58731795428661759,0.068238326701308749,-0.36783149899818013,0.0066231369884727272,-0.12523340851146897,0.0066231370480104813,0.12523340851146886,0.068238326873450744,0.36783149899818024,0.22357222549225167,0.58731795428661748,0.48493898285567322,0.76990267419430469,0.79472431036145419,0.9041172563704748,1.0332070589379094,0.98156063424671924
322,-0.25794424656554571,0,0,3.4393523662850338,1.0306903574869437,-0.98156063424671924,0.79278850874756202,-0.9041172563704748,0.48375776096759088,-0.76990267419430469,0.22302764468238637,-0.58731795428661759,0.06807211076721098,-0.36783149899818013,0.006607004250513606,-0.12523340851146897,0.0066070043105113619,0.12523340851146886,0.068072110940697886,0.36783149899818024,0.22302764493906885,0.58731795428661748,0.48375776126716696,0.76990267419430469,0.79278850906406317,0.9041172563704748,1.0306903578139881,0.98156063424671924
323,-0.2602577283112148,0,0,3.4297012653077696,1.027798156967163,-0.98156063424671924,0.79056388005931644,-0.9041172563704748,0.48240029755526737,-0.76990267419430469,0.22240181106705459,-0.58731795428661759,0.067881094914777035,-0.36783149899818013,0.0065884644594302157,-0.12523340851146897,0.0065884645199527211,0.12523340851146886,0.067881095089798324,0.36783149899818024,0.2224018113259745,0.58731795428661748,0.4824002978574371,0.76990267419430469,0.79056388037857284,0.9041172563704748,1.0277981572970138,0.98156063424671924
324,-0.26285200401926873,0,0,3.4187953149823143,1.0245299085803514,-0.98156063424671924,0.78805000210656817,-0.9041172563704748,0.48086633489357866,-0.76990267419430469,0.22169460570916005,-0.58731795428661759,0.067665242919979329,-0.36783149899818013,0.0065675140993589421,-0.12523340851146897,0.0065675141604694598,0.12523340851146886,0.06766524309672059,0.36783149899818024,0.22169460597058718,0.58731795428661748,0.48086633519865341,0.76990267419430469,0.78805000242891021,0.9041172563704748,1.0245299089133455,0.98156063424671924
325,-0.26572072491779658,0,0,3.4066335816712563,1.0208853325380589,-0.98156063424671924,0.78524665968106877,-0.9041172563704748,0.47915574166293734,-0.76990267419430469,0.2209059680662171,-0.58731795428661759,0.067424536304147048,-0.36783149899818013,0.0065441513767812848,-0.12523340851146897,0.0065441514385415154,0.12523340851146886,0.067424536482789482,0.36783149899818024,0.22090596833041434,0.58731795428661748,0.47915574197122046,0.76990267419430469,0.78524666000681853,0.9041172563704748,1.020885332874524,0.98156063424671924
326,-0.26885687068212616,0,0,3.3932163998528302,1.0168645290752902,-0.98156063424671924,0.78215392988178434,-0.9041172563704748,0.4772685649089608,-0.76990267419430469,0.22003591982774698,-0.58731795428661759,0.067158981687320152,-0.36783149899818013,0.0065183769342325049,-0.12523340851146897,0.0065183769967023537,0.12523340851146886,0.067158981868040063,0.36783149899818024,0.22003592009496975,0.58731795428661748,0.47726856522074673,0.76990267419430469,0.78215393021125368,0.9041172563704748,1.0168645294155443,0.98156063424671924
327,-0.27225276658656039,0,0,3.3785457634675304,1.0124680957275785,-0.98156063424671924,0.77877227232231461,-0.9041172563704748,0.4752050850868334,-0.76990267419430469,0.21908459029247226,-0.58731795428661759,0.066868618533832871,-0.36783149899818013,0.0064901946020794162,-0.12523340851146897,0.0064901946653169581,0.12523340851146886,0.066868618716801137,0.36783149899818024,0.2190845905629677,0.58731795428661748,0.47520508540240658,0.76990267419430469,0.77877227265580462,0.9041172563704748,1.0124680960719279,0.98156063424671924
328,-0.27590010227172401,0,0,3.3626257305278613,1.0076972485826974,-0.98156063424671924,0.77510262239553196,-0.9041172563704748,0.47296587297117981,-0.76990267419430469,0.21805224260557041,-0.58731795428661759,0.066553527160402706,-0.36783149899818013,0.0064596121757769971,-0.12523340851146897,0.0064596122398380279,0.12523340851146886,0.06655352734578443,0.36783149899818024,0.2180522428795767,0.58731795428661748,0.47296587329081424,0.76990267419430469,0.77510262273333208,0.9041172563704748,1.0076972489314369,0.98156063424671924
329,-0.27978995207398499,0,0,3.3454628340596648,1.0025539454297943,-0.98156063424671924,0.77114648599768221,-0.9041172563704748,0.47055184745649881,-0.76990267419430469,0.21693930040650286,-0.58731795428661759,0.066213836869534692,-0.36783149899818013,0.0064266422052874517,-0.12523340851146897,0.0064266422702256871,0.12523340851146886,0.066213837057488831,0.36783149899818024,0.21693930068424858,0.58731795428661748,0.47055184778045694,0.76990267419430469,0.7711464863400701,0.9041172563704748,1.002553945783206,0.98156063424671924
330,-0.28391279686389537,0,0,3.3270664921889401,0.9970410086524496,-0.98156063424671924,0.76690603405552005,-0.9041172563704748,0.46796433323740549,-0.76990267419430469,0.21574637442143432,-0.58731795428661759,0.065849734066013577,-0.36783149899818013,0.0063913027828583664,-0.12523340851146897,0.0063913028487251333,0.12523340851146886,0.06584973425669248,0.36783149899818024,0.21574637470313793,0.58731795428661748,0.46796433356593775,0.76990267419430469,0.76690603440275995,0.9041172563704748,0.99704100901080261,0.98156063424671924
331,-0.28825854733866191,0,0,3.3074494100615119,0.99116224567423805,-0.98156063424671924,0.76238419517086897,-0.9041172563704748,0.46520511734013431,-0.76990267419430469,0.21447428852604494,-0.58731795428661759,0.065461470211750195,-0.36783149899818013,0.0063536183151112827,-0.12523340851146897,0.0063536183819555107,0.12523340851146886,0.065461470405299232,0.36783149899818024,0.2144742888119143,0.58731795428661748,0.46520511767347866,0.76990267419430469,0.76238419552321068,0.9041172563704748,0.9911622460377868,0.98156063424671924
332,-0.29281656871087791,0,0,3.2866279662712614,0.98492256476188078,-0.98156063424671924,0.75758474469432613,-0.9041172563704748,0.4622765034751144,-0.76990267419430469,0.21312410480378868,-0.58731795428661759,0.065049369474019667,-0.36783149899818013,0.0063136202653715093,-0.12523340851146897,0.0063136203332394497,0.12523340851146886,0.065049369670576798,0.36783149899818024,0.21312410509402049,0.58731795428661748,0.46227650381349533,0.76990267419430469,0.75758474505200568,0.9041172563704748,0.98492256513086496,0.98156063424671924
333,-0.29757570673269607,0,0,3.264622576590579,0.97832808402642624,-0.98156063424671924,0.75251238856701463,-0.9041172563704748,0.45918136319701575,-0.76990267419430469,0.21169714713229465,-0.58731795428661759,0.064613835924461863,-0.36783149899818013,0.006271347852395092,-0.12523340851146897,0.0062713479213304469,0.12523340851146886,0.064613836124157442,0.36783149899818024,0.21169714742707388,0.58731795428661748,0.45918136354064354,0.76990267419430469,0.75251238893025307,0.9041172563704748,0.97832808440107055,0.98156063424671924
334,-0.3025243149915352,0,0,3.2414580280350762,0.97138623153433157,-0.98156063424671924,0.74717284032422704,-0.9041172563704748,0.45592318289219991,-0.76990267419430469,0.21019502284606945,-0.58731795428661759,0.064155360150933885,-0.36783149899818013,0.0062268486921083057,-0.12523340851146897,0.0062268487621517463,0.12523340851146886,0.064155360353890314,0.36783149899818024,0.2101950231455689,0.58731795428661748,0.45592318324127012,0.76990267419430469,0.74717284069322987,0.9041172563704748,0.97138623191484497,0.98156063424671924
335,-0.30765028341039996,0,0,3.2171637766656218,0.96410583455149679,-0.98156063424671924,0.74157288974033386,-0.9041172563704748,0.45250610566568827,-0.76990267419430469,0.20861964204771583,-0.58731795428661759,0.063674525151646913,-0.36783149899818013,0.0061801793696857881,-0.12523340851146897,0.0061801794408752097,0.12523340851146886,0.063674525357978268,0.36783149899818024,0.20861964235209562,0.58731795428661748,0.45250610602038138,0.76990267419430469,0.74157289011529037,0.9041172563704748,0.96410583493807178,0.98156063424671924
336,-0.31294106788299281,0,0,3.1917742030208545,0.95649719609018591,-0.98156063424671924,0.73572046170729877,-0.9041172563704748,0.4489349672687003,-0.76990267419430469,0.20697323417166549,-0.58731795428661759,0.063172011390719846,-0.36783149899818013,0.0061314059302373771,-0.12523340851146897,0.0061314060026075269,0.12523340851146886,0.063172011600531583,0.36783149899818024,0.20697323448107238,0.58731795428661748,0.44893496762918106,0.76990267419430469,0.73572046208838093,0.9041172563704748,0.95649719648299636,0.98156063424671924
337,-0.31838372097105239,0,0,3.1653288196881117,0.94857215711298803,-0.98156063424671924,0.72962466408085103,-0.9041172563704748,0.44521532529427921,-0.76990267419430469,0.2052583614442865,-0.58731795428661759,0.062648600906449969,-0.36783149899818013,0.0060806042775521365,-0.12523340851146897,0.006080604351134773,0.12523340851146886,0.062648601119838859,0.36783149899818024,0.2052583617588542,0.58731795428661748,0.44521532566069655,0.76990267419430469,0.72962466446821417,0.9041172563704748,0.94857215751219126,0.98156063424671924
338,-0.32396492358876827,0,0,3.1378724262435771,0.94034414296461932,-0.98156063424671924,0.72329582339499332,-0.9041172563704748,0.44135348097020277,-0.76990267419430469,0.20347792893110594,-0.58731795428661759,0.062105180377908936,-0.36783149899818013,0.006027860471739057,-0.12523340851146897,0.0060278605465625655,0.12523340851146886,0.062105180594962735,0.36783149899818024,0.20347792925095448,0.58731795428661748,0.44135348134268954,0.76990267419430469,0.72329582378877488,0.9041172563704748,0.9403441433703551,0.98156063424671924
339,-0.32967101759671724,0,0,3.109455207620675,0.93182819285053897,-0.98156063424671924,0.71674550753642141,-0.9041172563704748,0.43735649299486584,-0.76990267419430469,0.20163519091558926,-0.58731795428661759,0.061542743071862693,-0.36783149899818013,0.005973270918192641,-0.12523340851146897,0.0059732709942823172,0.12523340851146886,0.061542743292659956,0.36783149899818024,0.20163519124082471,0.58731795428661748,0.43735649337353849,0.76990267419430469,0.71674550793674163,0.9041172563704748,0.9318281932629281,0.98156063424671924
340,-0.33548803922554676,0,0,3.0801327728776711,0.92304097145465869,-0.98156063424671924,0.70998653468065864,-0.9041172563704748,0.4332321829900882,-0.76990267419430469,0.19973375341305746,-0.58731795428661759,0.060962389610064872,-0.36783149899818013,0.0059169424420658862,-0.12523340851146897,0.0059169425194435486,0.12523340851146886,0.060962389834674745,0.36783149899818024,0.19973375374377164,0.58731795428661748,0.43323218337504626,0.76990267419430469,0.70998653508761966,0.9041172563704748,0.92304097187380452,0.98156063424671924
341,-0.34140175324760375,0,0,3.0499661323226532,0.91400076208425662,-0.98156063424671924,0.70303296801924731,-0.9041172563704748,0.42898913228365748,-0.76990267419430469,0.19777757268733759,-0.58731795428661759,0.060365327516511399,-0.36783149899818013,0.0058589922443269072,-0.12523340851146897,0.0058589923230112848,0.12523340851146886,0.060365327744993508,0.36783149899818024,0.19777757302360788,0.58731795428661748,0.42898913267498301,0.76990267419430469,0.70303296843293317,0.9041172563704748,0.91400076251024398,0.98156063424671924
342,-0.34739768781288083,0,0,3.0190216119896869,0.90472744104055536,-0.98156063424671924,0.69590009604605729,-0.9041172563704748,0.42463666988008009,-0.76990267419430469,0.19577094970489781,-0.58731795428661759,0.059752869524741327,-0.36783149899818013,0.0057995477374677877,-0.12523340851146897,0.0057995478174740723,0.12523340851146886,0.059752869757145714,0.36783149899818024,0.19577095004678746,0.58731795428661748,0.42463667027783858,0.76990267419430469,0.69590009646653384,0.9041172563704748,0.90472744147345063,0.98156063424671924
343,-0.35346116986402587,0,0,2.9873707055300986,0.89524243323413999,-0.98156063424671924,0.68860439841746268,-0.9041172563704748,0.42018485162853786,-0.76990267419430469,0.19371852053061631,-0.58731795428661759,0.059126430646449755,-0.36783149899818013,0.0057387462609869346,-0.12523340851146897,0.005738746342327114,0.12523340851146886,0.059126430882816813,0.36783149899818024,0.19371852087817398,0.58731795428661748,0.42018485203277844,0.76990267419430469,0.68860439884477809,0.9041172563704748,0.89524243367399181,0.98156063424671924
344,-0.35957736104374649,0,0,2.9550898646585502,0.88556864938673696,-0.98156063424671924,0.68116349764907713,-0.9041172563704748,0.41564443074834573,-0.76990267419430469,0.19162524273908327,-0.58731795428661759,0.058487524023969062,-0.36783149899818013,0.0056767346788357204,-0.12523340851146897,0.0056767347615182115,0.12523340851146886,0.058487524264329419,0.36783149899818024,0.19162524309234269,0.58731795428661748,0.41564443115909999,0.76990267419430469,0.68116349808326171,0.9041172563704748,0.88556864983357508,0.98156063424671924
345,-0.36573129400673554,0,0,2.922260230356422,0.87573040547939551,-0.98156063424671924,0.67359609715674484,-0.9041172563704748,0.41102682002170288,-0.76990267419430469,0.18949637798426222,-0.58731795428661759,0.057837755610211088,-0.36783149899818013,0.0056136688630591194,-0.12523340851146897,0.005613668947089109,0.12523340851146886,0.057837755854585643,0.36783149899818024,0.18949637834324279,0.58731795428661748,0.41102682043898559,0.76990267419430469,0.67359609759781092,0.9041172563704748,0.87573040593323104,0.98156063424671924
346,-0.37190790904725513,0,0,2.8889673080562535,0.86575332541315608,-0.98156063424671924,0.66592190638487403,-0.9041172563704748,0.40634404610717018,-0.76990267419430469,0.18733747093655692,-0.58731795428661759,0.057178817739875439,-0.36783149899818013,0.0055497130698244626,-0.12523340851146897,0.0055497131552035223,0.12523340851146886,0.057178817988275003,0.36783149899818024,0.18733747130126346,0.58731795428661748,0.40634404653097977,0.76990267419430469,0.6659219068328156,0.9041172563704748,0.86575332587398224,0.98156063424671924
347,-0.37809209095274487,0,0,2.8553005909913596,0.85566422813608234,-0.98156063424671924,0.65816155398657439,-0.9041172563704748,0.40160869656238696,-0.76990267419430469,0.18515432485860595,-0.58731795428661759,0.05651248167473534,-0.36783149899818013,0.0054850392158745454,-0.12523340851146897,0.0054850393026011565,0.12523340851146886,0.056512481927161073,0.36783149899818024,0.185154325229029,0.58731795428661748,0.40160869699270485,0.76990267419430469,0.6581615544413677,0.9041172563704748,0.85566422860387503,0.98156063424671924
348,-0.38426870599326446,0,0,2.8213531367671543,0.84549100075196992,-0.98156063424671924,0.65033649022115925,-0.9041172563704748,0.39683386028724565,-0.76990267419430469,0.18295297414770062,-0.58731795428661759,0.055840589223082257,-0.36783149899818013,0.0054198260651204533,-0.12523340851146897,0.0054198261531896458,0.12523340851146886,0.055840589479525499,0.36783149899818024,0.18295297452381629,0.58731795428661748,0.39683386072403692,0.76990267419430469,0.65033649068276345,0.9041172563704748,0.8454910012266873,0.98156063424671924
349,-0.39042263895625351,0,0,2.7872211029782208,0.83526245935606591,-0.98156063424671924,0.64246887991147617,-0.9041172563704748,0.39203306220669826,-0.76990267419430469,0.18073965422249014,-0.58731795428661759,0.055165043548597935,-0.36783149899818013,0.005354258336560302,-0.12523340851146897,0.0053542584259640572,0.12523340851146886,0.055165043809040366,0.36783149899818024,0.18073965460426061,0.58731795428661748,0.392033062649912,0.76990267419430469,0.64246888037983396,0.9041172563704748,0.83526245983764791,0.98156063424671924
350,-0.39653883013597413,0,0,2.7530032483361255,0.82500819953518956,-0.98156063424671924,0.63458148745128928,-0.9041172563704748,0.38722019310251843,-0.76990267419430469,0.17852076917320292,-0.58731795428661759,0.054487799296611246,-0.36783149899818013,0.005288525745944783,-0.12523340851146897,0.0052885258366716387,0.12523340851146886,0.054487799561024813,0.36783149899818024,0.1785207695605763,0.58731795428661748,0.38722019355208781,0.76990267419430469,0.63458148792632829,0.9041172563704748,0.82500820002356001,0.98156063424671924
351,-0.40260231218711917,0,0,2.7188004062742754,0.81475843861989872,-0.98156063424671924,0.62669755546847983,-0.9041172563704748,0.38240943557385748,-0.76990267419430469,0.17630285762711842,-0.58731795428661759,0.053810852175616458,-0.36783149899818013,0.0052228219945702498,-0.12523340851146897,0.0052228220866058347,0.12523340851146886,0.053810852443963594,0.36783149899818024,0.17630285802002948,0.58731795428661748,0.38240943602970029,0.76990267419430469,0.62669755595011034,0.9041172563704748,0.81475843911496315,0.98156063424671924
352,-0.40859824675239625,0,0,2.6847149383440918,0.8045438518805984,-0.98156063424671924,0.61884067883003357,-0.9041172563704748,0.37761518715537662,-0.76990267419430469,0.17409255730359066,-0.58731795428661759,0.05313622813881877,-0.36783149899818013,0.0051573437192516756,-0.12523340851146897,0.0051573438125783796,0.12523340851146886,0.053136228411052505,0.36783149899818024,0.17409255770196089,0.58731795428661748,0.37761518761739554,0.76990267419430469,0.61884067931814879,0.9041172563704748,0.80454385238224735,0.98156063424671924
353,-0.41451196077445324,0,0,2.6508501749048281,0.79439540491586658,-0.98156063424671924,0.61103467571815073,-0.9041172563704748,0.37285198164817768,-0.76990267419430469,0.17189656874511752,-0.58731795428661759,0.052465972314194302,-0.36783149899818013,0.0050922894178859236,-0.12523340851146897,0.0050922895124833273,0.12523340851146886,0.05246597259025846,0.36783149899818024,0.17189656914885543,0.58731795428661748,0.37285198211626108,0.76990267419430469,0.61103467621262941,0.9041172563704748,0.7943954054239758,0.98156063424671924
354,-0.42032898240328276,0,0,2.6173098506329935,0.78434418448834342,-0.98156063424671924,0.60330345751225201,-0.9041172563704748,0.3681344097220951,-0.76990267419430469,0.16972161871248323,-0.58731795428661759,0.051802137832018903,-0.36783149899818013,0.0050278583650642155,-0.12523340851146897,0.0050278584609087552,0.12523340851146886,0.05180213811184807,0.36783149899818024,0.16972161912148465,0.58731795428661748,0.36813441019611709,0.76990267419430469,0.60330345801295837,0.9041172563704748,0.78434418500277403,0.98156063424671924
355,-0.42603507641123173,0,0,2.5841975422378094,0.77442123002170971,-0.98156063424671924,0.59567089917948057,-0.9041172563704748,0.36347703982827362,-0.76990267419430469,0.16757442372295217,-0.58731795428661759,0.051146774696058696,-0.36783149899818013,0.0049642495319216062,-0.12523340851146897,0.0049642496289870356,0.12523340851146886,0.051146774979578591,0.36783149899818024,0.16757442413710066,0.58731795428661748,0.36347704030809502,0.76990267419430469,0.59567089968626497,0.9041172563704748,0.77442123054230816,0.98156063424671924
356,-0.43161627902894761,0,0,2.5516161154712558,0.76465736788303329,-0.98156063424671924,0.58816071180766016,-0.9041172563704748,0.35889434041906654,-0.76990267419430469,0.16546165419117925,-0.58731795428661759,0.050501918838720954,-0.36783149899818013,0.0049016605238422217,-0.12523340851146897,0.0049016606220992796,0.12523340851146886,0.050501919125848505,0.36783149899818024,0.16546165461034659,0.58731795428661748,0.35889434090453509,0.76990267419430469,0.58816071232035927,0.9041172563704748,0.76465736840963316,0.98156063424671924
357,-0.43705893211700719,0,0,2.5196671880745924,0.75508305044088586,-0.98156063424671924,0.58079631881168803,-0.9041172563704748,0.35440060440945592,-0.76990267419430469,0.16338989960353306,-0.58731795428661759,0.049869581491621087,-0.36783149899818013,0.0048402865487776683,-0.12523340851146897,0.0048402866481945528,0.12523340851146886,0.049869581782264763,0.36783149899818024,0.16338990002757955,0.58731795428661748,0.35440060490040698,0.76990267419430469,0.58079631933012643,0.9041172563704748,0.75508305097330752,0.98156063424671924
358,-0.44234971658960004,0,0,2.488450614721569,0.74572820171533616,-0.98156063424671924,0.57360073721028471,-0.9041172563704748,0.35000987673239176,-0.76990267419430469,0.16136563511881305,-0.58731795428661759,0.049251738991511744,-0.36783149899818013,0.0047803194278219583,-0.12523340851146897,0.0047803195283640677,0.12523340851146886,0.049251739285571534,0.36783149899818024,0.16136563554758807,0.58731795428661748,0.35000987722864907,0.76990267419430469,0.57360073773427411,0.9041172563704748,0.74572820225338821,0.98156063424671924
359,-0.4474756850084648,0,0,2.4580639993177966,0.73662207122591639,-0.98156063424671924,0.56659646520847351,-0.9041172563704748,0.34573588574187547,-0.76990267419430469,0.15939518994289917,-0.58731795428661759,0.048650323127647936,-0.36783149899818013,0.0047219466583369668,-0.12523340851146897,0.0047219467599673047,0.12523340851146886,0.04865032342501574,0.36783149899818024,0.15939519037624156,0.58731795428661748,0.34573588624325158,0.76990267419430469,0.5665964657378143,0.9041172563704748,0.73662207176939587,0.98156063424671924
360,-0.45242429326730393,0,0,2.4286022392179478,0.72779309740459142,-0.98156063424671924,0.55980537713729062,-0.9041172563704748,0.34159197910540734,-0.76990267419430469,0.1574847177731403,-0.58731795428661759,0.048067212120874558,-0.36783149899818013,0.0046653505383927717,-0.12523340851146897,0.0046653506410717976,0.12523340851146886,0.048067212421434413,0.36783149899818024,0.15748471821087895,0.58731795428661748,0.34159197961170429,0.76990267419430469,0.55980537767177152,0.9041172563704748,0.72779309795328528,0.98156063424671924
361,-0.45718343128912209,0,0,2.4001571050475508,0.71926878167855679,-0.98156063424671924,0.55324862660053364,-0.9041172563704748,0.33759106470435057,-0.76990267419430469,0.15564016955155086,-0.58731795428661759,0.047504222307404295,-0.36783149899818013,0.0046107073596039624,-0.12523340851146897,0.0046107074632899614,0.12523340851146886,0.047504222611032834,0.36783149899818024,0.15564016999350544,0.58731795428661748,0.33759106521536053,0.76990267419430469,0.55324862713993395,0.9041172563704748,0.71926878223224133,0.98156063424671924
362,-0.46174145266133809,0,0,2.3728168588914178,0.71107557405058552,-0.98156063424671924,0.54694655846521889,-0.9041172563704748,0.33374555693070834,-0.76990267419430469,0.1538672687059246,-0.58731795428661759,0.046963100581953243,-0.36783149899818013,0.0045581866736689198,-0.12523340851146897,0.0045581867783177814,0.12523340851146886,0.046963100888519786,0.36783149899818024,0.15386726915190571,0.58731795428661748,0.33374555744621376,0.76990267419430469,0.54694655900931,0.9041172563704748,0.71107557460902671,0.98156063424671924
363,-0.46608720313610463,0,0,2.3466659126586737,0.70323877071932583,-0.98156063424671924,0.54091863011295427,-0.9041172563704748,0.33006732863488852,-0.76990267419430469,0.15217148899623262,-0.58731795428661759,0.046445517636057004,-0.36783149899818013,0.0045079506360878284,-0.12523340851146897,0.0045079507416534974,0.12523340851146886,0.046445517945423842,0.36783149899818024,0.1521714894460425,0.58731795428661748,0.3300673291546633,0.76990267419430469,0.54091863066150214,0.9041172563704748,0.70323877128228185,0.98156063424671924
364,-0.47021004792601501,0,0,2.3217845274837865,0.69578242399708934,-0.98156063424671924,0.5351833421503297,-0.9041172563704748,0.32656766884533395,-0.76990267419430469,0.15055803502203427,-0.58731795428661759,0.045953062008576254,-0.36783149899818013,0.0044601534287115859,-0.12523340851146897,0.004460153535145883,0.12523340851146886,0.045953062320599022,0.36783149899818024,0.15055803547546742,0.58731795428661748,0.326567669369144,0.76990267419430469,0.53518334270308676,0.9041172563704748,0.69578242456430917,0.98156063424671924
365,-0.47409989772827599,0,0,2.2982485540955033,0.68872926450473149,-0.98156063424671924,0.52975817856260377,-0.9041172563704748,0.3232572462504455,-0.76990267419430469,0.1490318253864876,-0.58731795428661759,0.045487234947045249,-0.36783149899818013,0.004414940760989681,-0.12523340851146897,0.0044149408682425915,0.12523340851146886,0.045487235261573264,0.36783149899818024,0.14903182584333066,0.58731795428661748,0.32325724677804912,0.76990267419430469,0.52975817911931544,0.9041172563704748,0.68872926507595544,0.98156063424671924
366,-0.47774723341343961,0,0,2.2761292132104645,0.682100635360953,-0.98156063424671924,0.5246595560932984,-0.9041172563704748,0.32014607831012137,-0.76990267419430469,0.14759747845579047,-0.58731795428661759,0.045049446061193356,-0.36783149899818013,0.0043724494481059365,-0.12523340851146897,0.0043724495561255636,0.12523340851146886,0.045049446378069957,0.36783149899818024,0.14759747891582312,0.58731795428661748,0.32014607884126972,0.76990267419430469,0.52465955665370412,0.9041172563704748,0.68210063593591519,0.98156063424671924
367,-0.48114312931787384,0,0,2.2554929142021356,0.67591643784178135,-0.98156063424671924,0.5199027824464526,-0.9041172563704748,0.31724350575086629,-0.76990267419430469,0.14625930060061862,-0.58731795428661759,0.044641009734017009,-0.36783149899818013,0.0043328070626409273,-0.12523340851146897,0.0043328071713737972,0.12523340851146886,0.044641010053079903,0.36783149899818024,0.14625930106361432,0.58731795428661748,0.31724350628530434,0.76990267419430469,0.51990278301028525,0.9041172563704748,0.67591643842021065,0.98156063424671924
368,-0.48427927508220342,0,0,2.2364011095854766,0.67019508777316084,-0.98156063424671924,0.51550202274458334,-0.9041172563704748,0.31455817209851611,-0.76990267419430469,0.14502127676006391,-0.58731795428661759,0.044263142241721225,-0.36783149899818013,0.0042961316550369213,-0.12523340851146897,0.0042961317644278386,0.12523340851146886,0.044263142562802858,0.36783149899818024,0.14502127722578959,0.58731795428661748,0.31455817263598251,0.76990267419430469,0.5155020233115698,0.9041172563704748,0.67019508835478026,0.98156063424671924
369,-0.48714799598073127,0,0,2.2189101822557951,0.66495348173917657,-0.98156063424671924,0.51147027353665964,-0.9041172563704748,0.31209800781796027,-0.76990267419430469,0.14388706312954386,-0.58731795428661759,0.043916959521936361,-0.36783149899818013,0.0042625315369832157,-0.12523340851146897,0.0042625316469756258,0.12523340851146886,0.043916959844864364,0.36783149899818024,0.14388706359776185,0.58731795428661748,0.31209800835818857,0.76990267419430469,0.51147027410652202,0.9041172563704748,0.66495348232370444,0.98156063424671924
370,-0.4897422716887852,0,0,2.2030713619502031,0.66020697204758205,-0.98156063424671924,0.50781934354203639,-0.9041172563704748,0.30987021856313424,-0.76990267419430469,0.14285998174367653,-0.58731795428661759,0.043603475520312469,-0.36783149899818013,0.0042321051209386175,-0.12523340851146897,0.0042321052314745903,0.12523340851146886,0.043603475844909895,0.36783149899818024,0.14285998221414439,0.58731795428661748,0.30987021910585377,0.76990267419430469,0.50781934411449148,0.9041172563704748,0.66020697263473171,0.98156063424671924
371,-0.49205575343445429,0,0,2.1889306670741275,0.65596934929661888,-0.98156063424671924,0.50455984024116296,-0.9041172563704748,0.30788127699470164,-0.76990267419430469,0.14194301670397216,-0.58731795428661759,0.043323601039141652,-0.36783149899818013,0.0042049408083799479,-0.12523340851146897,0.0042049409194003795,0.12523340851146886,0.043323601365227768,0.36783149899818024,0.14194301717644311,0.58731795428661748,0.3078812775396374,0.76990267419430469,0.50455984081592364,0.9041172563704748,0.65596934988609845,0.98156063424671924
372,-0.49408277947358287,0,0,2.1765288678977588,0.6522528313458823,-0.98156063424671924,0.50170116139217336,-0.9041172563704748,0.30613691760349576,-0.76990267419430469,0.14113881179227686,-0.58731795428661759,0.043078143008937843,-0.36783149899818013,0.0041811169191024733,-0.12523340851146897,0.0041811170305471046,0.12523340851146886,0.043078143336328235,0.36783149899818024,0.14113881226650038,0.58731795428661748,0.30613691815036925,0.76990267419430469,0.50170116196894932,0.9041172563704748,0.6522528319373978,0.98156063424671924
373,-0.49581838879613738,0,0,2.1659014672688173,0.64906805753640973,-0.98156063424671924,0.49925149058508206,-0.9041172563704748,0.30464213399769918,-0.76990267419430469,0.14044966922007604,-0.58731795428661759,0.042867804106701192,-0.36783149899818013,0.0041607016541689952,-0.12523340851146897,0.0041607017659766972,0.12523340851146886,0.042867804435208309,0.36783149899818024,0.14044966969579825,0.58731795428661748,0.30464213454622896,0.76990267419430469,0.49925149116357959,0.9041172563704748,0.6490680581296645,0.98156063424671924
374,-0.49725833285392451,0,0,2.1570786958113368,0.64642408725187062,-0.98156063424671924,0.497217796135076,-0.9041172563704748,0.30340117822753404,-0.76990267419430469,0.13987754931715507,-0.58731795428661759,0.04269318266089181,-0.36783149899818013,0.0041437530866868626,-0.12523340851146897,0.0041437531987956553,0.12523340851146886,0.04269318299032538,0.36783149899818024,0.13987754979411932,0.58731795428661748,0.30340117877743561,0.76990267419430469,0.49721779671499899,0.9041172563704748,0.64642408784656569,0.98156063424671924
375,-0.49839908457534254,0,0,2.1500855220252029,0.6443284029451537,-0.98156063424671924,0.49560583341051162,-0.9041172563704748,0.30241756220580002,-0.76990267419430469,0.13942407118651262,-0.58731795428661759,0.042554772851321206,-0.36783149899818013,0.0041303191812091661,-0.12523340851146897,0.0041303192935564408,0.12523340851146886,0.042554773181488696,0.36783149899818024,0.13942407166446,0.58731795428661748,0.30241756275678666,0.76990267419430469,0.49560583399156188,0.9041172563704748,0.64432840354098764,0.98156063424671924
376,-0.49923784083788214,0,0,2.1449416970515593,0.642786923553471,-0.98156063424671924,0.49442015515157184,-0.9041172563704748,0.30169406400429571,-0.76990267419430469,0.13909051560721036,-0.58731795428661759,0.042452965595155018,-0.36783149899818013,0.0041204378797293105,-0.12523340851146897,0.0041204379922518772,0.12523340851146886,0.042452965925862195,0.36783149899818024,0.13909051608587999,0.58731795428661748,0.30169406455607956,0.76990267419430469,0.49442015573345005,0.9041172563704748,0.6427869241501416,0.98156063424671924
377,-0.49977248393777041,0,0,2.1416620422743926,0.64180409068556665,-0.98156063424671924,0.49366417776391902,-0.9041172563704748,0.30123276830605666,-0.76990267419430469,0.138877843684135,-0.58731795428661759,0.042388054239161324,-0.36783149899818013,0.0041141376541643845,-0.12523340851146897,0.0041141377667986588,0.12523340851146886,0.042388054570212531,0.36783149899818024,0.13887784416326476,0.58731795428661748,0.30123276885834832,0.76990267419430469,0.4936641783463247,0.9041172563704748,0.64180409128277027,0.98156063424671924
378,-0.5,0,0,2.1402661928914775,0.64138578853324102,-0.98156063424671924,0.4933424272621893,-0.9041172563704748,0.30103643687501358,-0.76990267419430469,0.13878732867790491,-0.58731795428661759,0.042360427405740184,-0.36783149899818013,0.0041114562237809498,-0.12523340851146897,0.0041114563364627738,0.12523340851146886,0.042360427736937808,0.36783149899818024,0.13878732915723038,0.58731795428661748,0.30103643742752123,0.76990267419430469,0.49334242784481941,0.9041172563704748,0.64138578913067146,0.98156063424671924
379,-0.50022751606222959,0,0,2.1388702248424756,0.64096745081957174,-0.98156063424671924,0.49302064940731261,-0.9041172563704748,0.30084008875314211,-0.76990267419430469,0.13869680597667444,-0.58731795428661759,0.042332798223664404,-0.36783149899818013,0.0041087745654397176,-0.12523340851146897,0.0041087746781690885,0.12523340851146886,0.042332798555008481,0.36783149899818024,0.13869680645619559,0.58731795428661748,0.30084008930586564,0.76990267419430469,0.49302064999016743,0.9041172563704748,0.64096745141722899,0.98156063424671924
380,-0.50076215916211786,0,0,2.1355893570721887,0.63998425444709339,-0.98156063424671924,0.49226439241847081,-0.9041172563704748,0.30037862244288838,-0.76990267419430469,0.13848405539605876,-0.58731795428661759,0.042267862859952966,-0.36783149899818013,0.0041024720097124949,-0.12523340851146897,0.0041024721225535526,0.12523340851146886,0.042267863191641226,0.36783149899818024,0.13848405587603954,0.58731795428661748,0.30037862299611917,0.76990267419430469,0.49226439300185337,0.9041172563704748,0.63998425504528333,0.98156063424671924
381,-0.50160091542465746,0,0,2.130440988367345,0.63844141340953886,-0.98156063424671924,0.49107766680598575,-0.9041172563704748,0.29965448514861315,-0.76990267419430469,0.13815020517475529,-0.58731795428661759,0.042165965673667379,-0.36783149899818013,0.0040925819797155896,-0.12523340851146897,0.0040925820927318621,0.12523340851146886,0.04216596600589563,0.36783149899818024,0.13815020565545671,0.58731795428661748,0.29965448570263908,0.76990267419430469,0.49107766739019559,0.9041172563704748,0.63844141400856369,0.98156063424671924
382,-0.50274166714607549,0,0,2.123436458402614,0.63634232593194318,-0.98156063424671924,0.48946308642351299,-0.9041172563704748,0.2986692718379268,-0.76990267419430469,0.13769599064333532,-0.58731795428661759,0.042027331101131701,-0.36783149899818013,0.0040791262589952903,-0.12523340851146897,0.0040791263722498488,0.12523340851146886,0.042027331434094393,0.36783149899818024,0.13769599112501596,0.58731795428661748,0.29866927239303326,0.76990267419430469,0.48946308700884672,0.9041172563704748,0.63634232653210199,0.98156063424671924
383,-0.50418161120386262,0,0,2.1145908342922777,0.63369150726244616,-0.98156063424671924,0.48742412431881565,-0.9041172563704748,0.29742510175674802,-0.76990267419430469,0.13712238884127081,-0.58731795428661759,0.041852257352642357,-0.36783149899818013,0.0040621337915197082,-0.12523340851146897,0.0040621339050749645,0.12523340851146886,0.041852257686532064,0.36783149899818024,0.13712238932418627,0.58731795428661748,0.29742510231321712,0.76990267419430469,0.48742412490556625,0.9041172563704748,0.63369150786403361,0.98156063424671924
384,-0.50591722052641708,0,0,2.1039232567188577,0.63049469339863307,-0.98156063424671924,0.48496519251820336,-0.9041172563704748,0.29592466711358845,-0.76990267419430469,0.13643064096193122,-0.58731795428661759,0.041641123263091009,-0.36783149899818013,0.0040416413465927331,-0.12523340851146897,0.0040416414605103359,0.12523340851146886,0.041641123598098066,0.36783149899818024,0.13643064144633338,0.58731795428661748,0.29592466767169728,0.76990267419430469,0.48496519310665864,0.9041172563704748,0.63049469400193936,0.98156063424671924
385,-0.50794424656554571,0,0,2.0914570583900716,0.62675887658620844,-0.98156063424671924,0.48209166933147279,-0.9041172563704748,0.29417124974096626,-0.76990267419430469,0.13562226003402253,-0.58731795428661759,0.041394390636480254,-0.36783149899818013,0.0040176937464102098,-0.12523340851146897,0.0040176938607508214,0.12523340851146886,0.041394390972792253,0.36783149899818024,0.13562226052015877,0.58731795428661748,0.2941712503009864,0.76990267419430469,0.48209166992191455,0.9041172563704748,0.62675887719151768,0.98156063424671924
386,-0.51025772831121485,0,0,2.0772198626249332,0.62249233486285427,-0.98156063424671924,0.47880992207651368,-0.9041172563704748,0.29216873496190937,-0.76990267419430469,0.13469903731448457,-0.58731795428661759,0.041112606197152561,-0.36783149899818013,0.0039903440554440095,-0.12523340851146897,0.0039903441702672559,0.12523340851146886,0.041112606534953924,0.36783149899818024,0.13469903780259707,0.58731795428661748,0.29216873552410605,0.76990267419430469,0.47880992266921663,0.9041172563704748,0.62249233547044336,0.98156063424671924
387,-0.51285200401926878,0,0,2.0612436813295916,0.6177046614192091,-0.98156063424671924,0.47512732966324644,-0.9041172563704748,0.28992162537062283,-0.76990267419430469,0.13366304864181525,-0.58731795428661759,0.04079640352894081,-0.36783149899818013,0.0039596537686539569,-0.12523340851146897,0.0039596538840181751,0.12523340851146886,0.040796403868412302,0.36783149899818024,0.13366304913214005,0.58731795428661748,0.289921625935254,0.76990267419430469,0.4751273302584777,0.9041172563704748,0.61770466202934626,0.98156063424671924
388,-0.51572072491779652,0,0,2.0435650121269764,0.61240679370626383,-0.98156063424671924,0.47105230498250816,-0.9041172563704748,0.28743505449413687,-0.76990267419430469,0.1325166607345222,-0.58731795428661759,0.040446504997570909,-0.36783149899818013,0.0039256929980740389,-0.12523340851146897,0.0039256931140361955,0.12523340851146886,0.040446505338889292,0.36783149899818024,0.13251666122728872,0.58731795428661748,0.28743505506145234,0.76990267419430469,0.47105230558052608,0.9041172563704748,0.61240679431920919,0.98156063424671924
389,-0.51885687068212616,0,0,2.024224930774885,0.60661104113081799,-0.98156063424671924,0.46659431620889913,-0.9041172563704748,0.28471479979125647,-0.76990267419430469,0.13126253718405054,-0.58731795428661759,0.040063723579812631,-0.36783149899818013,0.0038885406503478335,-0.12523340851146897,0.0038885407669633507,0.12523340851146886,0.040063723923150198,0.36783149899818024,0.13126253767948073,0.58731795428661748,0.28471480036149721,0.76990267419430469,0.46659431680995256,0.9041172563704748,0.6066110417468219,0.98156063424671924
390,-0.52225276658656039,0,0,2.0032691739885542,0.60033110987539084,-0.98156063424671924,0.46176390589181432,-0.9041172563704748,0.28176729430186459,-0.76990267419430469,0.12990364382548031,-0.58731795428661759,0.039648964502714712,-0.36783149899818013,0.0038482845858307997,-0.12523340851146897,0.003848284703153499,0.12523340851146886,0.039648964848238849,0.36783149899818024,0.12990364432378812,0.58731795428661748,0.28176729487526175,0.76990267419430469,0.46176390649614135,0.9041172563704748,0.60033111049469312,0.98156063424671924
391,-0.52590010227172401,0,0,1.9807482074179819,0.59358212326937443,-0.98156063424671924,0.45657270662456745,-0.9041172563704748,0.27859963620818673,-0.76990267419430469,0.12844325314557264,-0.58731795428661759,0.03920322658902102,-0.36783149899818013,0.0038050217491749877,-0.12523340851146897,0.0038050218672568076,0.12523340851146886,0.039203226936893799,0.36783149899818024,0.12844325364696321,0.58731795428661748,0.2785996367849613,0.76990267419430469,0.45657270723239507,0.9041172563704748,0.59358212389220311,0.98156063424671924
392,-0.52978995207398505,0,0,1.9567172734413258,0.58638063611155422,-0.98156063424671924,0.45103345206101625,-0.9041172563704748,0.27521959555711195,-0.76990267419430469,0.12688494738197154,-0.58731795428661759,0.038727603203103526,-0.36783149899818013,0.0037588582611400734,-0.12523340851146897,0.0037588583800311575,0.12523340851146886,0.038727603553481448,0.36783149899818024,0.12688494788664087,0.58731795428661748,0.27521959613747365,0.76990267419430469,0.45103345267255979,0.9041172563704748,0.58638063673812557,0.98156063424671924
393,-0.53391279686389537,0,0,1.9312364135187547,0.57874464136901582,-0.98156063424671924,0.44515998206824148,-0.9041172563704748,0.27163561740434444,-0.76990267419430469,0.12523261997275817,-0.58731795428661759,0.038223282693392729,-0.36783149899818013,0.0037099094615352748,-0.12523340851146897,0.0037099095812837815,0.12523340851146886,0.038223283046426249,0.36783149899818024,0.12523262048089248,0.58731795428661748,0.27163561798849128,0.76990267419430469,0.44515998268370355,0.9041172563704748,0.57874464199953313,0.98156063424671924
394,-0.53825854733866185,0,0,1.9043704600894003,0.57069356774885749,-0.98156063424671924,0.43896724085875166,-0.9041172563704748,0.26785682067467964,-0.76990267419430469,0.12349047503100201,-0.58731795428661759,0.037691548232000882,-0.36783149899818013,0.0036582998936532563,-0.12523340851146897,0.0036583000143053422,0.12523340851146886,0.037691548587834182,0.36783149899818024,0.12349047554277708,0.58731795428661748,0.26785682126279753,0.76990267419430469,0.43896724147832172,0.9041172563704748,0.57069356838351093,0.98156063424671924
395,-0.54281656871087791,0,0,1.8761889933684344,0.56224826675132489,-0.98156063424671924,0.43247126703198741,-0.9041172563704748,0.26389299208535277,-0.76990267419430469,0.12166302454323144,-0.58731795428661759,0.037133776959644212,-0.36783149899818013,0.0036041632212772336,-0.12523340851146897,0.0036041633428768906,0.12523340851146886,0.037133777318414905,0.36783149899818024,0.12166302505881231,0.58731795428661748,0.26389299267761451,0.76990267419430469,0.43247126765584104,0.9041172563704748,0.56224826739029055,0.98156063424671924
396,-0.54757570673269607,0,0,1.8467662589118117,0.5534309879659649,-0.98156063424671924,0.42568917457256655,-0.9041172563704748,0.25975457455121054,-0.76990267419430469,0.11975508302385135,-0.58731795428661759,0.036551438354073443,-0.36783149899818013,0.0035476420703224728,-0.12523340851146897,0.0035476421929115914,0.12523340851146886,0.036551438715912238,0.36783149899818024,0.11975508354339189,0.58731795428661748,0.25975457514777572,0.76990267419430469,0.42568917520086519,0.9041172563704748,0.5534309886094041,0.98156063424671924
397,-0.5525243149915352,0,0,1.8161810424470444,0.54426534156145179,-0.98156063424671924,0.41863912399813202,-0.9041172563704748,0.25545264957919267,-0.76990267419430469,0.11777175939844155,-0.58731795428661759,0.035946091752708159,-0.36783149899818013,0.0034888877883859884,-0.12523340851146897,0.0034888879120041094,0.12523340851146886,0.035946092117738505,0.36783149899818024,0.11777175992208409,0.58731795428661748,0.25545265018020724,0.76990267419430469,0.41863912463102237,0.9041172563704748,0.54426534220951084,0.98156063424671924
398,-0.55765028341039991,0,0,1.7845164992163167,0.53477624714386329,-0.98156063424671924,0.41134028302205594,-0.9041172563704748,0.25099891326480345,-0.76990267419430469,0.11571844593736987,-0.58731795428661759,0.035319382974973224,-0.36783149899818013,0.0034280601169139682,-0.12523340851146897,0.003428060241598422,0.12523340851146886,0.035319383343311153,0.36783149899818024,0.11571844646524478,0.58731795428661748,0.25099891387039902,0.76990267419430469,0.41134028365966974,0.9041172563704748,0.53477624779667299,0.98156063424671924
399,-0.56294106788299281,0,0,1.7518599359220521,0.52498986841106365,-0.98156063424671924,0.40381277629076578,-0.9041172563704748,0.24640564562194067,-0.76990267419430469,0.11360080411587233,-0.58731795428661759,0.034673040006536961,-0.36783149899818013,0.0033653267723187221,-0.12523340851146897,0.0033653268981044646,0.12523340851146886,0.03467304037829079,0.36783149899818024,0.11360080464809758,0.58731795428661748,0.24640564623223452,0.76990267419430469,0.40381277693321976,0.9041172563704748,0.52498986906873979,0.98156063424671924
400,-0.56838372097105239,0,0,1.7183025442952229,0.51493353330960023,-0.98156063424671924,0.39607762396986201,-0.9041172563704748,0.24168567310828318,-0.76990267419430469,0.11142474733707013,-0.58731795428661759,0.034008867726060328,-0.36783149899818013,0.0033008629341625371,-0.12523340851146897,0.0033008630610822354,0.12523340851146886,0.03400886810133049,0.36783149899818024,0.11142474787375128,0.58731795428661748,0.24168567372337807,0.76990267419430469,0.39607762461725743,0.9041172563704748,0.51493353397224273,0.98156063424671924
401,-0.57396492358876827,0,0,1.6839390862981389,0.50463563969762448,-0.98156063424671924,0.38815666918173325,-0.9041172563704748,0.23685232434788678,-0.76990267419430469,0.10919642051868461,-0.58731795428661759,0.03332874167468932,-0.36783149899818013,0.0032348506404314488,-0.12523340851146897,0.0032348507685153174,0.12523340851146886,0.033328742053568054,0.36783149899818024,0.10919642105991437,0.58731795428661748,0.23685232496787079,0.76990267419430469,0.38815666983415559,0.9041172563704748,0.50463564036531738,0.98156063424671924
402,-0.57967101759671724,0,0,1.6488675320101338,0.49412554682802884,-0.98156063424671924,0.38007249453633385,-0.9041172563704748,0.23191937919845346,-0.76990267419430469,0.10692217661143502,-0.58731795428661759,0.032634600889041035,-0.36783149899818013,0.0031674780919124577,-0.12523340851146897,0.0031674782211884313,0.12523340851146886,0.032634601271612253,0.36783149899818024,0.10692217715729342,0.58731795428661748,0.23191937982339977,0.76990267419430469,0.38007249519385289,0.9041172563704748,0.4941255475008402,0.98156063424671924
403,-0.58548803922554682,0,0,1.6131886522978647,0.4834334532816309,-0.98156063424671924,0.37184832823958097,-0.9041172563704748,0.22690101145888708,-0.76990267419430469,0.10460855018540798,-0.58731795428661759,0.031928439839281009,-0.36783149899818013,0.0030989388697122006,-0.12523340851146897,0.0030989390002057748,0.12523340851146886,0.031928440225620101,0.36783149899818024,0.10460855073596201,0.58731795428661748,0.22690101208885405,0.76990267419430469,0.37184832890225072,0.9041172563704748,0.48343345395961351,0.98156063424671924
404,-0.59140175324760369,0,0,1.5770055694224991,0.47259026229506523,-0.98156063424671924,0.36350794050598834,-0.9041172563704748,0.22181172566051469,-0.76990267419430469,0.10226222828880922,-0.58731795428661759,0.031212299534681749,-0.36783149899818013,0.0030294310719718976,-0.12523340851146897,0.0030294312037063738,0.12523340851146886,0.031212299924855559,0.36783149899818024,0.10226222884411282,0.58731795428661748,0.22181172629554577,0.76990267419430469,0.36350794117384722,0.9041172563704748,0.47259026297825574,0.98156063424671924
405,-0.59739768781288083,0,0,1.540423269753006,0.46162743573279191,-0.98156063424671924,0.35507553123655933,-0.9041172563704748,0.21666628852839104,-0.76990267419430469,0.099890018849454573,-0.58731795428661759,0.030488257879180677,-0.36783149899818013,0.0029591563777884495,-0.12523340851146897,0.0029591565107847358,0.12523340851146886,0.030488258273247214,0.36783149899818024,0.099890019409548558,0.58731795428661748,0.2166662891685151,0.76990267419430469,0.3550755319096302,0.9041172563704748,0.4616274364212119,0.98156063424671924
406,-0.60346116986402587,0,0,1.5035480837175668,0.45057683824116945,-0.98156063424671924,0.34657561014489718,-0.9041172563704748,0.21147965583452086,-0.76990267419430469,0.097498816951789108,-0.58731795428661759,0.029758419378510276,-0.36783149899818013,0.0028883190481994525,-0.12523340851146897,0.0028883191824762701,0.12523340851146886,0.029758419776518632,0.36783149899818024,0.097498817516701489,0.58731795428661748,0.21147965647975234,0.76990267419430469,0.346575610823188,0.9041172563704748,0.45057683893482503,0.98156063424671924
407,-0.60957736104374649,0,0,1.466487139003998,0.43947057338590395,-0.98156063424671924,0.33803287071707583,-0.9041172563704748,0.20626689548845575,-0.76990267419430469,0.095095569379217704,-0.58731795428661759,0.029024904317869527,-0.36783149899818013,0.0028171248757798764,-0.12523340851146897,0.0028171250113535992,0.12523340851146886,0.029024904719859728,0.36783149899818024,0.095095569948963482,0.58731795428661748,0.20626689613879481,0.76990267419430469,0.3380328714005793,0.9041172563704748,0.43947057408478535,0.98156063424671924
408,-0.61573129400673554,0,0,1.4293477937955144,0.42834081380657391,-0.98156063424671924,0.32947205956955117,-0.9041172563704748,0.20104310781978699,-0.76990267419430469,0.092687237861809435,-0.58731795428661759,0.028289837544451815,-0.36783149899818013,0.0027457800958862197,-0.12523340851146897,0.0027457802327710969,0.12523340851146886,0.028289837950454848,0.36783149899818024,0.092687238436390845,0.58731795428661748,0.20104310847521958,0.76990267419430469,0.32947206025824621,0.9041172563704748,0.42834081451065653,0.98156063424671924
409,-0.62190790904725513,0,0,1.3922370574744125,0.41721962761559706,-0.98156063424671924,0.32091784291836473,-0.9041172563704748,0.19582334409795379,-0.76990267419430469,0.090280761511349533,-0.58731795428661759,0.027555337001936662,-0.36783149899818013,0.0026744902738268868,-0.12523340851146897,0.0026744904120348527,0.12523340851146886,0.027555337411974263,0.36783149899818024,0.090280762090756098,0.58731795428661748,0.19582334475845184,0.76990267419430469,0.32091784361221598,0.9041172563704748,0.41721962832484255,0.98156063424671924
410,-0.62809209095274487,0,0,1.3552610067280493,0.40613880341937741,-0.98156063424671924,0.31239467198855231,-0.9041172563704748,0.1906225244053682,-0.76990267419430469,0.087883018958249237,-0.58731795428661759,0.0268235021739829,-0.36783149899818013,0.0026034591831999355,-0.12523340851146897,0.0026034593227408872,0.12523340851146886,0.026823502588067431,0.36783149899818024,0.087883019542458224,0.58731795428661748,0.19062252507089009,0.76990267419430469,0.31239467268751075,0.9041172563704748,0.40613880413373393,0.98156063424671924
411,-0.63426870599326446,0,0,1.3185242053293065,0.39512967644060415,-0.98156063424671924,0.30392664927054069,-0.9041172563704748,0.18545535602736857,-0.76990267419430469,0.085500790726730891,-0.58731795428661759,0.026096402600447689,-0.36783149899818013,0.0025328876912899829,-0.12523340851146897,0.0025328878321716065,0.12523340851146886,0.026096403018582084,0.36783149899818024,0.085500791315707259,0.58731795428661748,0.18545535669785998,0.76990267419430469,0.30392664997454377,0.9041172563704748,0.39512967716000591,0.98156063424671924
412,-0.64042263895625351,0,0,1.2821291360289295,0.3842229582701861,-0.98156063424671924,0.29553739756839276,-0.9041172563704748,0.18033625354575528,-0.76990267419430469,0.083140722395417282,-0.58731795428661759,0.025376066633325468,-0.36783149899818013,0.002462972667731688,-0.12523340851146897,0.0024629728099596201,0.12523340851146886,0.025376067055503299,0.36783149899818024,0.083140722989114235,0.58731795428661748,0.18033625422114957,0.76990267419430469,0.29553739827736553,0.9041172563704748,0.38422295899455527,0.98156063424671924
413,-0.64653883013597413,0,0,1.2461756529790611,0.37344857277188692,-0.98156063424671924,0.28724993378060065,-0.9041172563704748,0.17527926182011483,-0.76990267419430469,0.080809289089283393,-0.58731795428661759,0.024664470599042979,-0.36783149899818013,0.0023939059326140394,-0.12523340851146897,0.002393906076191651,0.12523340851146886,0.024664471025248314,0.36783149899818024,0.080809289687642588,0.58731795428661748,0.17527926250033352,0.76990267419430469,0.2872499344944564,0.9041172563704748,0.37344857350113397,0.98156063424671924
414,-0.65260231218711917,0,0,1.2107604629051336,0.3628355006021442,-0.98156063424671924,0.27908654930752436,-0.9041172563704748,0.17029798301270765,-0.76990267419430469,0.078512761835819317,-0.58731795428661759,0.023963528529745495,-0.36783149899818013,0.0023258732598099583,-0.12523340851146897,0.0023258734047385478,0.12523340851146886,0.023963528959952938,0.36783149899818024,0.0785127624387712,0.58731795428661748,0.17029798369766094,0.76990267419430469,0.27908655002616489,0.9041172563704748,0.36283550133616832,0.98156063424671924
415,-0.65859824675239631,0,0,1.1759766428563134,0.35241163469159298,-0.98156063424671924,0.27106869889037449,-0.9041172563704748,0.16540550875826668,-0.76990267419430469,0.076257176293159409,-0.58731795428661759,0.023275082618550672,-0.36783149899818013,0.0022590534505738131,-0.12523340851146897,0.002259053596852374,0.12523340851146886,0.023275083052725239,0.36783149899818024,0.07625717690062371,0.58731795428661748,0.16540550944785387,0.76990267419430469,0.27106869961369051,0.9041172563704748,0.35241163543028237,0.98156063424671924
416,-0.66451196077445318,0,0,1.1419132018010674,0.34220364886590626,-0.98156063424671924,0.26321689955672306,-0.9041172563704748,0.16061435850077582,-0.76990267419430469,0.074048304321384747,-0.58731795428661759,0.022600894542590653,-0.36783149899818013,0.0021936174913651592,-0.12523340851146897,0.0021936176389904852,0.12523340851146886,0.022600894980687871,0.36783149899818024,0.074048304933270914,0.58731795428661748,0.16061435919488595,0.76990267419430469,0.26321690028459538,0.9041172563704748,0.34220364960913924,0.98156063424671924
417,-0.67032898240328276,0,0,1.1086546926030603,0.33223688156439735,-0.98156063424671924,0.25555064117894122,-0.9041172563704748,0.15593642491642995,-0.76990267419430469,0.071891628820779749,-0.58731795428661759,0.021942637783188397,-0.36783149899818013,0.0021297278084536019,-0.12523340851146897,0.0021297279574199919,0.12523340851146886,0.021942638225154208,0.36783149899818024,0.071891629436987139,0.58731795428661748,0.15593642561494242,0.76990267419430469,0.25555064191124122,0.9041172563704748,0.33223688231204312,0.98156063424671924
418,-0.67603507641123173,0,0,1.0762808800301915,0.32253523635039288,-0.98156063424671924,0.24808830994856534,-0.9041172563704748,0.15138292721786548,-0.76990267419430469,0.06979232220360379,-0.58731795428661759,0.021301891055049097,-0.36783149899818013,0.00206753763016311,-0.12523340851146897,0.0020675377804624264,0.12523340851146886,0.021301891500819958,0.36783149899818024,0.069792322824022326,0.58731795428661748,0.15138292792065078,0.76990267419430469,0.24808831068515566,0.9041172563704748,0.32253523710231169,0.98156063424671924
419,-0.68161627902894761,0,0,1.0448664694336047,0.31312110060292236,-0.98156063424671924,0.24084712583540543,-0.9041172563704748,0.14696437299184958,-0.76990267419430469,0.067755228800057632,-0.58731795428661759,0.020680132936239815,-0.36783149899818013,0.0020071904656638914,-0.12523340851146897,0.0020071906172852202,0.12523340851146886,0.02068013338574266,0.36783149899818024,0.06775522942456827,0.58731795428661748,0.14696437369876972,0.76990267419430469,0.2408471265761411,0.9041172563704748,0.3131211013589672,0.98156063424671924
420,-0.68705893211700719,0,0,1.0144808996076833,0.30401528344189155,-0.98156063424671924,0.2338430948407027,-0.9041172563704748,0.14269052906426391,-0.76990267419430469,0.065784851426118812,-0.58731795428661759,0.020078737768447347,-0.36783149899818013,0.0019488197070557593,-0.12523340851146897,0.0019488198599854126,0.12523340851146886,0.020078738221599765,0.36783149899818024,0.065784852054593876,0.58731795428661748,0.14269052977517363,0.76990267419430469,0.23384309558543132,0.9041172563704748,0.30401528420190849,0.98156063424671924
421,-0.69234971658959998,0,0,0.9851882021304349,0.29523697357581147,-0.98156063424671924,0.22709097657436061,-0.9041172563704748,0.13857040171580484,-0.76990267419430469,0.063885342262352485,-0.58731795428661759,0.019498972873024888,-0.36783149899818013,0.0018925483591608642,-0.12523340851146897,0.0018925485133820042,0.12523340851146886,0.019498973329735096,0.36783149899818024,0.063885342894656319,0.58731795428661748,0.13857040243055205,0.76990267419430469,0.22709097732292338,0.9041172563704748,0.29523697433964058,0.98156063424671924
422,-0.6974756850084648,0,0,0.95704692821433879,0.28680371738077448,-0.98156063424671924,0.22060426739368671,-0.9041172563704748,0.13461222639328155,-0.76990267419430469,0.062060498110494328,-0.58731795428661759,0.018941997103214446,-0.36783149899818013,0.0018384888990038858,-0.12523340851146897,0.001838489054496459,0.12523340851146886,0.01894199756338142,0.36783149899818024,0.062060498746483721,0.58731795428661748,0.13461222711170798,0.76990267419430469,0.22060426814591963,0.9041172563704748,0.2868037181482504,0.98156063424671924
423,-0.70242429326730393,0,0,0.93011014279892124,0.27873141713014277,-0.98156063424671924,0.21439519904170079,-0.9041172563704748,0.13082346687871466,-0.76990267419430469,0.060313760010378747,-0.58731795428661759,0.018408860727226421,-0.36783149899818013,0.0017867432644640717,-0.12523340851146897,0.0017867434212044465,0.12523340851146886,0.01840886119074002,0.36783149899818024,0.060313760649903542,0.58731795428661748,0.13082346760065655,0.76990267419430469,0.21439519979743465,0.9041172563704748,0.2787314179010949,0.98156063424671924
424,-0.70718343128912209,0,0,0.90442548431740133,0.27103434890515904,-0.98156063424671924,0.20847475242365579,-0.9041172563704748,0.12721082369573819,-0.76990267419430469,0.058648217115556338,-0.58731795428661759,0.017900506611148871,-0.36783149899818013,0.0017374029690870832,-0.12523340851146897,0.0017374031270479334,0.12523340851146886,0.017900507077890079,0.36783149899818024,0.058648217758459978,0.58731795428661748,0.12721082442102671,0.76990267419430469,0.20847475318271685,0.9041172563704748,0.27103434967941331,0.98156063424671924
425,-0.71174145266133815,0,0,0.88003528729991454,0.26372519933615551,-0.98156063424671924,0.20285268586771424,-0.9041172563704748,0.12378025135420083,-0.76990267419430469,0.057066614643601341,-0.58731795428661759,0.017417772645526693,-0.36783149899818013,0.001690549337606358,-0.12523340851146897,0.0016905494967562524,0.12523340851146886,0.017417773115367734,0.36783149899818024,0.05706661528972122,0.58731795428661748,0.12378025208266277,0.76990267419430469,0.20285268662992512,0.9041172563704748,0.2637252001135339,0.98156063424671924
426,-0.71608720313610463,0,0,0.85697676376323895,0.25681511996064671,-0.98156063424671924,0.1975375769362176,-0.9041172563704748,0.12053698386330883,-0.76990267419430469,0.055571365638478115,-0.58731795428661759,0.016961395335450768,-0.36783149899818013,0.0016462538543931989,-0.12523340851146897,0.0016462540146965202,0.12523340851146886,0.016961395808255383,0.36783149899818024,0.055571366287646147,0.58731795428661748,0.12053698459476712,0.76990267419430469,0.19753757770139857,0.9041172563704748,0.25681512074096857,0.98156063424671924
427,-0.72021004792601495,0,0,0.83528223820844683,0.25031379764641792,-0.98156063424671924,0.19253687659386196,-0.9041172563704748,0.11748556778492346,-0.76990267419430469,0.054164566209158098,-0.58731795428661759,0.016532014451662348,-0.36783149899818013,0.0016045786148881536,-0.12523340851146897,0.0016045787763047294,0.12523340851146886,0.016532014927285992,0.36783149899818024,0.054164566861201212,0.58731795428661748,0.1174855685191977,0.76990267419430469,0.19253687736183001,0.9041172563704748,0.25031379842950019,0.98156063424671924
428,-0.72409989772827599,0,0,0.8149794300276676,0.24422953922197141,-0.98156063424671924,0.18785697430391571,-0.9041172563704748,0.11462990195512708,-0.76990267419430469,0.052848013842519449,-0.58731795428661759,0.016130178619984673,-0.36783149899818013,0.0015655768681051537,-0.12523340851146897,0.0015655770305901531,0.12523340851146886,0.016130179098274865,0.36783149899818024,0.052848014497260114,0.58731795428661748,0.11462990269203399,0.76990267419430469,0.18785697507448545,0.9041172563704748,0.24422954000762861,0.98156063424671924
429,-0.72774723341343961,0,0,0.79609177623181693,0.23856936819018593,-0.98156063424671924,0.18350327241862974,-0.9041172563704748,0.11197328287708415,-0.76990267419430469,0.051623228330893403,-0.58731795428661759,0.015756351708792429,-0.36783149899818013,0.0015292936365925559,-0.12523340851146897,0.0015292938000962333,0.12523340851146886,0.015756352189589089,0.36783149899818024,0.051623228988149993,0.58731795428661748,0.11197328361643802,0.76990267419430469,0.18350327319161452,0.9041172563704748,0.23856936897823189,0.98156063424671924
430,-0.73114312931787384,0,0,0.77863878667035935,0.23333913117905097,-0.98156063424671924,0.17948026805923006,-0.9041172563704748,0.10951845468402784,-0.76990267419430469,0.050491474806583204,-0.58731795428661759,0.015410919859567763,-0.36783149899818013,0.0014957663988112802,-0.12523340851146897,0.0014957665632789575,0.12523340851146886,0.015410920342703617,0.36783149899818024,0.050491475466170409,0.58731795428661748,0.10951845542564108,0.76990267419430469,0.17948026883444196,0.9041172563704748,0.23333913196929859,0.98156063424671924
431,-0.73427927508220336,0,0,0.76263642333879345,0.22854361161090589,-0.98156063424671924,0.1757916405482545,-0.9041172563704748,0.10726766249027482,-0.76990267419430469,0.049453788338371156,-0.58731795428661759,0.01509419899420378,-0.36783149899818013,0.0014650258177857389,-0.12523340851146897,0.0014650259831576271,0.12523340851146886,0.015094199479504716,0.36783149899818024,0.049453789000100314,0.58731795428661748,0.10726766323395842,0.76990267419430469,0.17579164132550462,0.9041172563704748,0.22854361240316748,0.98156063424671924
432,-0.73714799598073122,0,0,0.74809749497067268,0.22418664795208207,-0.98156063424671924,0.17244034236505401,-0.9041172563704748,0.10522270789206759,-0.76990267419430469,0.048510999519164162,-0.58731795428661759,0.014806442624821441,-0.36783149899818013,0.0014370964991161637,-0.12523340851146897,0.0014370966653274827,0.12523340851146886,0.014806443112106943,0.36783149899818024,0.048511000182843857,0.58731795428661748,0.10522270863763111,0.76990267419430469,0.17244034314415271,0.9041172563704748,0.22418664874616956,0.98156063424671924
433,-0.73974227168878515,0,0,0.73503205790022541,0.22027125384169222,-0.98156063424671924,0.1694286915466991,-0.9041172563704748,0.10338500535039913,-0.76990267419430469,0.047663760460261495,-0.58731795428661759,0.014547849787694984,-0.36783149899818013,0.0014119977610369757,-0.12523340851146897,0.0014119979280179731,0.12523340851146886,0.014547850276778568,0.36783149899818024,0.047663761125697826,0.58731795428661748,0.10338500609765101,0.76990267419430469,0.16942869232745641,0.9041172563704748,0.2202712546374174,0.98156063424671924
434,-0.74205575343445429,0,0,0.72344781416815274,0.21679973739426736,-0.98156063424671924,0.16675846345342524,-0.9041172563704748,0.1017556381860807,-0.76990267419430469,0.046912570606854026,-0.58731795428661759,0.014318572922613895,-0.36783149899818013,0.0013897443991791423,-0.12523340851146897,0.001389744566855311,0.12523340851146886,0.0143185734133037,0.36783149899818024,0.046912571273851032,0.58731795428661748,0.10175563893482893,0.76990267419430469,0.16675846423565099,0.9041172563704748,0.21679973819144213,0.98156063424671924
435,-0.74408277947358292,0,0,0.71335049805198736,0.21377381703351506,-0.98156063424671924,0.16443097986587901,-0.9041172563704748,0.10033541294668116,-0.76990267419430469,0.046257801802904654,-0.58731795428661759,0.014118725523142465,-0.36783149899818013,0.0013703474290961805,-0.12523340851146897,0.0013703475973884697,0.12523340851146886,0.014118726015241768,0.36783149899818024,0.046257802471264563,0.58731795428661748,0.1003354136967332,0.76990267419430469,0.16443098064938308,0.9041172563704748,0.2137738178319514,0.98156063424671924
436,-0.74581838879613738,0,0,0.70474424270479386,0.21119473136503142,-0.98156063424671924,0.16244719349723474,-0.9041172563704748,0.099124910975629713,-0.76990267419430469,0.045699722066137705,-0.58731795428661759,0.013948389393180894,-0.36783149899818013,0.001353814790578126,-0.12523340851146897,0.0013538149594033561,0.12523340851146886,0.01394838988648868,0.36783149899818024,0.04569972273566112,0.58731795428661748,0.099124911726792733,0.76990267419430469,0.16244719428182708,0.9041172563704748,0.21119473216454157,0.98156063424671924
437,-0.74725833285392451,0,0,0.6976319196914984,0.2090633409270905,-0.98156063424671924,0.16080776625807397,-0.9041172563704748,0.098124536169269291,-0.76990267419430469,0.045238517605552607,-0.58731795428661759,0.013807621367112784,-0.36783149899818013,0.0013401519999018733,-0.12523340851146897,0.0013401521691731165,0.12523340851146886,0.013807621861424322,0.36783149899818024,0.045238518276038892,0.58731795428661748,0.098124536921350258,0.76990267419430469,0.16080776704356495,0.9041172563704748,0.20906334172748714,0.98156063424671924
438,-0.74839908457534254,0,0,0.69201544746714072,0.20738022063408307,-0.98156063424671924,0.159513140362218,-0.9041172563704748,0.097334558365475041,-0.76990267419430469,0.044874312824950961,-0.58731795428661759,0.013696459415247032,-0.36783149899818013,0.0013293627424187579,-0.12523340851146897,0.0013293629120458934,0.12523340851146886,0.013696459910354501,0.36783149899818024,0.044874313496198463,0.58731795428661748,0.097334559118280817,0.76990267419430469,0.15951314114841825,0.9041172563704748,0.20738022143517898,0.98156063424671924
439,-0.74923784083788214,0,0,0.68789608083293885,0.20614574651946735,-0.98156063424671924,0.15856360504784744,-0.9041172563704748,0.096755154056731435,-0.76990267419430469,0.044607189092954136,-0.58731795428661759,0.013614928372770141,-0.36783149899818013,0.0013214494286005276,-0.12523340851146897,0.0013214495984907911,0.12523340851146886,0.013614928868463253,0.36783149899818024,0.044607189764760448,0.58731795428661748,0.096755154810068786,0.76990267419430469,0.15856360583456761,0.9041172563704748,0.20614574732107563,0.98156063424671924
440,-0.74977248393777041,0,0,0.68527484435037145,0.20536022561944092,-0.98156063424671924,0.15795939648168972,-0.9041172563704748,0.096386467351442212,-0.76990267419430469,0.04443721284809745,-0.58731795428661759,0.0135630485179344,-0.36783149899818013,0.001316414026628955,-0.12523340851146897,0.0013164141966875923,0.12523340851146886,0.013563049014001011,0.36783149899818024,0.044437213520259582,0.58731795428661748,0.096386468105117751,0.76990267419430469,0.1579593972687405,0.9041172563704748,0.205360226421375,0.98156063424671924
441,-0.75,0,0,0.68416045976698447,0.20502627162988571,-0.98156063424671924,0.1577025250716674,-0.9041172563704748,0.096229724995989974,-0.76990267419430469,0.044364949659304674,-0.58731795428661759,0.013540992472704932,-0.36783149899818013,0.0013142732910011059,-0.12523340851146897,0.0013142734611315545,0.12523340851146886,0.013540992968930543,0.36783149899818024,0.044364950331618129,0.58731795428661748,0.096229725749809245,0.76990267419430469,0.15770252585885877,0.9041172563704748,0.20502627243195834,0.98156063424671924
442,-0.75022751606222959,0,0,0.68304671872432254,0.20469251049385248,-0.98156063424671924,0.15744580200111,-0.9041172563704748,0.096073073156945049,-0.76990267419430469,0.044292728201441776,-0.58731795428661759,0.013518949164517709,-0.36783149899818013,0.0013121337916168676,-0.12523340851146897,0.0013121339618192209,0.12523340851146886,0.013518949660902351,0.36783149899818024,0.04429272887390652,0.58731795428661748,0.096073073910907941,0.76990267419430469,0.15744580278844195,0.9041172563704748,0.20469251129606367,0.98156063424671924
443,-0.75076215916211786,0,0,0.68043206046434901,0.20390896092733476,-0.98156063424671924,0.15684310974927673,-0.9041172563704748,0.095705311703240328,-0.76990267419430469,0.044123178526862851,-0.58731795428661759,0.013467199506724349,-0.36783149899818013,0.001307111026430093,-0.12523340851146897,0.0013071111968017731,0.12523340851146886,0.013467200003482812,0.36783149899818024,0.044123179199682866,0.58731795428661748,0.095705312457540354,0.76990267419430469,0.1568431105369387,0.9041172563704748,0.20390896172987111,0.98156063424671924
444,-0.75160091542465746,0,0,0.67633733520790262,0.20268187123502765,-0.98156063424671924,0.15589925439990249,-0.9041172563704748,0.095129373296339581,-0.76990267419430469,0.043857652685360515,-0.58731795428661759,0.013386156169620527,-0.36783149899818013,0.0012992450487704324,-0.12523340851146897,0.001299245219408813,0.12523340851146886,0.013386156666965755,0.36783149899818024,0.043857653358737231,0.58731795428661748,0.095129374051167517,0.76990267419430469,0.15589925518808104,0.9041172563704748,0.20268187203807295,0.98156063424671924
445,-0.75274166714607549,0,0,0.67078245021500438,0.20101720713917137,-0.98156063424671924,0.1546188246793741,-0.9041172563704748,0.094348057966742935,-0.76990267419430469,0.043497441579654315,-0.58731795428661759,0.013276213160299099,-0.36783149899818013,0.0012885741005386599,-0.12523340851146897,0.0012885742715418626,0.12523340851146886,0.013276213658442957,0.36783149899818024,0.043497442253786892,0.58731795428661748,0.094348058722286979,0.76990267419430469,0.15461882546825298,0.9041172563704748,0.20101720794290664,0.98156063424671924
446,-0.75418161120386262,0,0,0.66379406625980919,0.19892295822613495,-0.98156063424671924,0.15300796603401223,-0.9041172563704748,0.093365115651945912,-0.76990267419430469,0.043044274049666126,-0.58731795428661759,0.013137898152287577,-0.36783149899818013,0.0012751493971546702,-0.12523340851146897,0.0012751495686218652,0.12523340851146886,0.013137898651440499,0.36783149899818024,0.043044274724750815,0.58731795428661748,0.093365116408390916,0.76990267419430469,0.15300796682377152,0.9041172563704748,0.19892295903073737,0.98156063424671924
447,-0.75591722052641708,0,0,0.65540571863771024,0.19640917420930634,-0.98156063424671924,0.15107440852283519,-0.9041172563704748,0.092185263216541191,-0.76990267419430469,0.042500324719325994,-0.58731795428661759,0.012971874880536529,-0.36783149899818013,0.0012590353600123825,-0.12523340851146897,0.0012590355320441311,0.12523340851146886,0.012971875380907147,0.36783149899818024,0.042500325395555288,0.58731795428661748,0.092185263974067455,0.76990267419430469,0.15107440931365029,0.9041172563704748,0.19640917501494837,0.98156063424671924
448,-0.75794424656554571,0,0,0.64565771648655768,0.19348793475810735,-0.98156063424671924,0.14882744361057901,-0.9041172563704748,0.090814170291371635,-0.76990267419430469,0.041868207467973206,-0.58731795428661759,0.012778941148771971,-0.36783149899818013,0.0012403094230755234,-0.12523340851146897,0.0012403095957741049,0.12523340851146886,0.012778941650566736,0.36783149899818024,0.041868208145535123,0.58731795428661748,0.090814171050154199,0.76990267419430469,0.14882744440261986,0.9041172563704748,0.19348793556495592,0.98156063424671924
449,-0.76025772831121485,0,0,0.63459698734218117,0.19017330291505982,-0.98156063424671924,0.14627788833694158,-0.9041172563704748,0.089258437409683838,-0.76990267419430469,0.04115096535043087,-0.58731795428661759,0.012560025752917913,-0.36783149899818013,0.0012190617342683113,-0.12523340851146897,0.0012190619077381338,0.12523340851146886,0.012560026256340728,0.36783149899818024,0.041150966029508192,0.58731795428661748,0.089258438169891652,0.76990267419430469,0.14627788913037165,0.9041172563704748,0.19017330372327546,0.98156063424671924
450,-0.76285200401926878,0,0,0.62227688363164313,0.18648126710651411,-0.98156063424671924,0.14343804071227689,-0.9041172563704748,0.087525568789681041,-0.76990267419430469,0.040352058048901011,-0.58731795428661759,0.012316184651185485,-0.36783149899818013,0.0011953947837484657,-0.12523340851146897,0.0011953949580964564,0.12523340851146886,0.012316185156437351,0.36783149899818024,0.040352058729670535,0.58731795428661748,0.087525569551476112,0.76990267419430469,0.1434380415072522,0.9041172563704748,0.18648126791625008,0.98156063424671924
451,-0.76572072491779652,0,0,0.6087569525332589,0.1824296721752888,-0.98156063424671924,0.1403216266691395,-0.9041172563704748,0.08562393996447544,-0.76990267419430469,0.039475346949347415,-0.58731795428661759,0.01204859640911239,-0.36783149899818013,0.0011694229618076266,-0.12523340851146897,0.0011694231371437065,0.12523340851146886,0.012048596916391019,0.36783149899818024,0.039475347631979359,0.58731795428661748,0.085623940728012063,0.76990267419430469,0.14032162746580812,0.9041172563704748,0.18242967298669002,0.98156063424671924
452,-0.76885687068212616,0,0,0.59410266804777812,0.17803813908891139,-0.98156063424671924,0.13694373830330606,-0.9041172563704748,0.083562760096898628,-0.76990267419430469,0.038525077767430138,-0.58731795428661759,0.011758556896680606,-0.36783149899818013,0.0011412720441793406,-0.12523340851146897,0.001141272220616928,0.12523340851146886,0.011758557406180047,0.36783149899818024,0.03852507845208742,0.58731795428661748,0.083562760862322616,0.76990267419430469,0.13694373910180724,0.9041172563704748,0.17803813990211378,0.98156063424671924
453,-0.77225276658656039,0,0,0.57838512364210382,0.17332797283240725,-0.98156063424671924,0.13332076302656357,-0.9041172563704748,0.081352028748692379,-0.76990267419430469,0.037505860617733568,-0.58731795428661759,0.011447473205080716,-0.36783149899818013,0.0011110786016067565,-0.12523340851146897,0.0011110787792633463,0.12523340851146886,0.011447473716990975,0.36783149899818024,0.037505861304571217,0.58731795428661748,0.081352029516140401,0.76990267419430469,0.13332076382702696,0.9041172563704748,0.17332797364753719,0.98156063424671924
454,-0.77590010227172401,0,0,0.56168068388540515,0.16832205801210562,-0.98156063424671924,0.12947030326703154,-0.9041172563704748,0.079002486881826275,-0.76990267419430469,0.036422647423822473,-0.58731795428661759,0.011116856751848246,-0.36783149899818013,0.0010789893306346356,-0.12523340851146897,0.0010789895096323793,0.12523340851146886,0.011116857266354913,0.36783149899818024,0.036422648112986906,0.58731795428661748,0.079002487651425257,0.76990267419430469,0.12947030406957649,0.9041172563704748,0.16832205882927931,0.98156063424671924
455,-0.77978995207398505,0,0,0.54407059378793132,0.16304474178397221,-0.98156063424671924,0.12541108641973833,-0.9041172563704748,0.076525561910542453,-0.76990267419430469,0.035280706585494558,-0.58731795428661759,0.01076831554884636,-0.36783149899818013,0.0010451603031480577,-0.12523340851146897,0.0010451604836144994,0.12523340851146886,0.010768316066130251,0.36783149899818024,0.035280707277123083,0.58731795428661748,0.076525562682408926,0.76990267419430469,0.12541108722447342,0.9041172563704748,0.1630447426032948,0.98156063424671924
456,-0.78391279686389537,0,0,0.52564054499128676,0.1575217038513729,-0.98156063424671924,0.12116286485123615,-0.9041172563704748,0.07393330668439696,-0.76990267419430469,0.034085594848030545,-0.58731795428661759,0.010403545616247055,-0.36783149899818013,0.0010097561330227472,-0.12523340851146897,0.0010097563150915554,0.12523340851146886,0.01040354613648381,0.36783149899818024,0.034085595542250845,0.58731795428661748,0.073933307458636535,0.76990267419430469,0.12116286565825858,0.9041172563704748,0.15752170467293808,0.98156063424671924
457,-0.78825854733866185,0,0,0.50648019852030379,0.1517798134454032,-0.98156063424671924,0.11674630589143986,-0.9041172563704748,0.071238332361527601,-0.76990267419430469,0.032843126354645188,-0.58731795428661759,0.01002432153677377,-0.36783149899818013,0.00097294905933005473,-0.12523340851146897,0.00097294924314185894,0.12523340851146886,0.010024322060133492,0.36783149899818024,0.032843127051574807,0.58731795428661748,0.071238333138234439,0.76990267419430469,0.11674630670083506,0.9041172563704748,0.15177981426929277,0.98156063424671924
458,-0.79281656871087791,0,0,0.48668266447167968,0.14584697340021224,-0.98156063424671924,0.11218287189916683,-0.9041172563704748,0.068453735224916629,-0.76990267419430469,0.031559338906467095,-0.58731795428661759,0.0096324861576308606,-0.36783149899818013,0.00093491794681738118,-0.12523340851146897,0.00093491813252063669,0.12523340851146886,0.00963248668427771,0.36783149899818024,0.031559339606212954,0.58731795428661748,0.068453736004173121,0.76990267419430469,0.11218287271100812,0.9041172563704748,0.14584697422649587,0.98156063424671924
459,-0.79757570673269607,0,0,0.46634393977083194,0.13975195166239071,-0.98156063424671924,0.10749469066218466,-0.9041172563704748,0.06559301760079192,-0.76990267419430469,0.030240457503417632,-0.58731795428661759,0.0092299394625137091,-0.36783149899818013,0.00089584720583748569,-0.12523340851146897,0.00089584739358946762,0.12523340851146886,0.0092299399926055042,0.36783149899818024,0.030240458206075675,0.58731795428661748,0.065593018382668344,0.76990267419430469,0.10749469147653277,0.9041172563704748,0.13975195249112554,0.98156063424671924
460,-0.8025243149915352,0,0,0.44556230595710139,0.13352420082182551,-0.98156063424671924,0.10270441658358617,-0.9041172563704748,0.062670003154865775,-0.76990267419430469,0.028892855293094957,-0.58731795428661759,0.0088186266524947314,-0.36783149899818013,0.00085592563549221354,-0.12523340851146897,0.00085592582545998661,0.12523340851146886,0.0088186271861825215,0.36783149899818024,0.028892855998749779,0.58731795428661748,0.062670003939419974,0.76990267419430469,0.10270441740048912,0.9041172563704748,0.1335242016530559,0.98156063424671924
461,-0.80765028341039991,0,0,0.42443768984235675,0.12719366651661421,-0.98156063424671924,0.09783508331029124,-0.9041172563704748,0.059698746966578932,-0.76990267419430469,0.027523012112153068,-0.58731795428661759,0.0084005254920948152,-0.36783149899818013,0.00081534519545582826,-0.12523340851146897,0.00081534538781738463,0.12523340851146886,0.0084005260295224662,0.36783149899818024,0.027523012820877595,0.58731795428661748,0.059698747753856064,0.76990267419430469,0.097835084129784131,0.9041172563704748,0.12719366735037171,0.98156063424671924
462,-0.81294106788299281,0,0,0.40307099080580849,0.12079058583966266,-0.98156063424671924,0.092909948671022799,-0.9041172563704748,0.056693440910603014,-0.76990267419430469,0.026137470864178468,-0.58731795428661759,0.0079776329950143367,-0.36783149899818013,0.00077429971370651727,-0.12523340851146897,0.00077429990865186869,0.12523340851146886,0.0079776335363180729,0.36783149899818024,0.026137471576033657,0.58731795428661748,0.056693441700635401,0.76990267419430469,0.092909949493127753,0.9041172563704748,0.12079058667596584,0.98156063424671924
463,-0.81838372097105239,0,0,0.38156337941793,0.1143452771533118,-0.98156063424671924,0.087952333005493225,-0.9041172563704748,0.053668315005674268,-0.76990267419430469,0.024742792038378938,-0.58731795428661759,0.0075519515424060614,-0.36783149899818013,0.00073298353918094554,-0.12523340851146897,0.00073298373691333112,0.12523340851146886,0.0075519520877140242,0.36783149899818024,0.024742792753413588,0.58731795428661748,0.053668315798481463,0.76990267419430469,0.087952333830219401,0.9041172563704748,0.11434527799216629,0.98156063424671924
464,-0.82396492358876827,0,0,0.36001557300239673,0.10788792299284931,-0.98156063424671924,0.082985452177685298,-0.9041172563704748,0.050637535519673808,-0.76990267419430469,0.023345506732799098,-0.58731795428661759,0.0071254745447023116,-0.36783149899818013,0.00069159015012675018,-0.12523340851146897,0.00069159035086380346,0.12523340851146886,0.007125475094134066,0.36783149899818024,0.023345507451049637,0.58731795428661748,0.050637536315262514,0.76990267419430469,0.082985453005028839,0.9041172563704748,0.10788792383424793,0.98156063424671924
465,-0.82967101759671724,0,0,0.33852709462372249,0.10144834800310484,-0.98156063424671924,0.078032246768670016,-0.9041172563704748,0.047615100743470216,-0.76990267419430469,0.021952068602761575,-0.58731795428661759,0.0067001717754013755,-0.36783149899818013,0.00065031073061568815,-0.12523340851146897,0.00065031093459068205,0.12523340851146886,0.0067001723290674182,0.36783149899818024,0.021952069324251984,0.58731795428661748,0.047615101541834397,0.76990267419430469,0.078032247598614463,0.9041172563704748,0.10144834884702771,0.98156063424671924
466,-0.83548803922554682,0,0,0.31719552280254171,0.095055794096346444,-0.98156063424671924,0.073115209132099179,-0.9041172563704748,0.044614735460570758,-0.76990267419430469,0.020568805208034772,-0.58731795428661759,0.0062779745213342444,-0.36783149899818013,0.00060933272924464511,-0.12523340851146897,0.00060933293670763201,0.12523340851146886,0.0062779750793354808,0.36783149899818024,0.020568805932776515,0.58731795428661748,0.044614736261691712,0.76990267419430469,0.073115209964615707,0.9041172563704748,0.095055794942761493,0.98156063424671924
467,-0.84140175324760369,0,0,0.29611573998737678,0.088738695237525422,-0.98156063424671924,0.068256210163061479,-0.9041172563704748,0.041649785241867451,-0.76990267419430469,0.019201869279363869,-0.58731795428661759,0.005860760708319538,-0.36783149899818013,0.00056883841544776278,-0.12523340851146897,0.00056883862666675235,0.12523340851146886,0.0058607612707467834,0.36783149899818024,0.019201870007355838,0.58731795428661748,0.041649786045714079,0.76990267419430469,0.06825621099810901,0.9041172563704748,0.088738696086388583,0.98156063424671924
468,-0.84739768781288083,0,0,0.27537918842575559,0.082524454446926951,-0.98156063424671924,0.063476327772526681,-0.9041172563704748,0.038733111781129842,-0.76990267419430469,0.017857190464818817,-0.58731795428661759,0.0054503401732674235,-0.36783149899818013,0.00052900345002284072,-0.12523340851146897,0.0005290036652847818,0.12523340851146886,0.0054503407402008604,0.36783149899818024,0.017857191196047454,0.58731795428661748,0.038733112587658935,0.76990267419430469,0.063476328610052396,0.9041172563704748,0.082524455298182586,0.98156063424671924
469,-0.85346116986402587,0,0,0.25507314255894226,0.076439225754546078,-0.98156063424671924,0.05879567917056832,-0.9041172563704748,0.035876990554605283,-0.76990267419430469,0.016540428147629634,-0.58731795428661759,0.0050484402633209557,-0.36783149899818013,0.0004899954873995514,-0.12523340851146897,0.00048999570701125663,0.12523340851146886,0.0050484408348295921,0.36783149899818024,0.016540428882069049,0.58731795428661748,0.035876991363762004,0.76990267419430469,0.058795680010508083,0.9041172563704748,0.076439226608127506,0.98156063424671924
470,-0.85957736104374649,0,0,0.23528000739256613,0.070507703938809216,-0.98156063424671924,0.054233259137165313,-0.9041172563704748,0.033093012134226572,-0.76990267419430469,0.015256925948450349,-0.58731795428661759,0.004656691949115839,-0.36783149899818013,0.00045197282780750611,-0.12523340851146897,0.00045197305209630946,0.12523340851146886,0.0046566925252569426,0.36783149899818024,0.01525692668606248,0.58731795428661748,0.033093012945944855,0.76990267419430469,0.054233259979444275,0.9041172563704748,0.070507704794639317,0.98156063424671924
471,-0.86573129400673554,0,0,0.2160766524559854,0.064752924930375294,-0.98156063424671924,0.04980678649639101,-0.9041172563704748,0.030391988506508056,-0.76990267419430469,0.014011668535403849,-0.58731795428661759,0.0042766166424170636,-0.36783149899818013,0.00041508313781031341,-0.12523340851146897,0.00041508336712454589,0.12523340851146886,0.0042766172232356495,0.36783149899818024,0.014011669276138762,0.58731795428661748,0.030391989320711126,0.76990267419430469,0.049806787340924336,0.9041172563704748,0.064752925788367194,0.98156063424671924
472,-0.87190790904725513,0,0,0.19753379094280832,0.059196079755631993,-0.98156063424671924,0.045532561005092564,-0.9041172563704748,0.027783865746340369,-0.76990267419430469,0.012809241363936148,-0.58731795428661759,0.0039096139079869627,-0.36783149899818013,0.00037946225763283722,-0.12523340851146897,0.00037946249234189605,0.12523340851146886,0.0039096144935152405,0.36783149899818024,0.012809242107732311,0.58731795428661748,0.027783866562941389,0.76990267419430469,0.045532561851786009,0.9041172563704748,0.059196080615689893,0.98156063424671924
473,-0.87809209095274487,0,0,0.17971541341737438,0.053856344832284832,-0.98156063424671924,0.041425332819306396,-0.9041172563704748,0.025277644365691312,-0.76990267419430469,0.011653793955045429,-0.58731795428661759,0.0035569502554298458,-0.36783149899818013,0.00034523311330973184,-0.12523340851146897,0.00034523335380384946,0.12523340851146886,0.0035569508456867365,0.36783149899818024,0.011653794701830124,0.58731795428661748,0.025277645184594005,0.76990267419430469,0.041425333668057167,0.9041172563704748,0.053856345694304711,0.98156063424671924
474,-0.88426870599326446,0,0,0.16267828507253546,0.048750731309727083,-0.98156063424671924,0.037498186609577051,-0.9041172563704748,0.022881308601034472,-0.76990267419430469,0.010549007294547689,-0.58731795428661759,0.0032197491888523023,-0.36783149899818013,0.00031250475091629737,-0.12523340851146897,0.00031250499760573241,0.12523340851146886,0.0032197497838429567,0.36783149899818024,0.010549008044237484,0.58731795428661748,0.022881309422133889,0.76990267419430469,0.037498187460274592,0.9041172563704748,0.0487507321735976,0.98156063424671924
475,-0.89042263895625351,0,0,0.14647151493566482,0.043893955970545698,-0.98156063424671924,0.033762442260714398,-0.9041172563704748,0.02060176582056494,-0.76990267419430469,0.009498065897884574,-0.58731795428661759,0.0028989826805322148,-0.36783149899818013,0.00028137150901198121,-0.12523340851146897,0.00028137176232575123,0.12523340851146886,0.0028989832802476128,0.36783149899818024,0.0094980666503858974,0.58731795428661748,0.020601766643748382,0.76990267419430469,0.033762443113241385,0.9041172563704748,0.043893956836149182,0.98156063424671924
476,-0.89653883013597413,0,0,0.13113620464742851,0.039298335978051234,-0.98156063424671924,0.030227573913484334,-0.9041172563704748,0.018444797123621459,-0.76990267419430469,0.0085036350348928029,-0.58731795428661759,0.0025954642195023339,-0.36783149899818013,0.00025191234394347588,-0.12523340851146897,0.00025191260432734546,0.12523340851146886,0.002595464823918911,0.36783149899818024,0.0085036357901025639,0.58731795428661748,0.018444797948769326,0.76990267419430469,0.030227574767717692,0.9041172563704748,0.039298336845264667,0.98156063424671924
477,-0.90260231218711917,0,0,0.11670518349358237,0.034973709471744309,-0.98156063424671924,0.026901148888067952,-0.9041172563704748,0.016415020071918755,-0.76990267419430469,0.0075678435477222221,-0.58731795428661759,0.0023098435672649735,-0.36783149899818013,0.00022419032084001358,-0.12523340851146897,0.00022419058875387498,0.12523340851146886,0.0023098441763443724,0.36783149899818024,0.0075678443055285666,0.58731795428661748,0.016415020898905518,0.76990267419430469,0.026901149743879797,0.9041172563704748,0.034973710340440327,0.98156063424671924
478,-0.90859824675239631,0,0,0.10320283526802725,0.030927383682379329,-0.98156063424671924,0.023788787775100493,-0.9041172563704748,0.014515864337189535,-0.76990267419430469,0.0066922726236276833,-0.58731795428661759,0.0020426033310430134,-0.36783149899818013,0.00019825228101686714,-0.12523340851146897,0.00019825255693122165,0.12523340851146886,0.0020426039447318934,0.36783149899818024,0.0066922733839108002,0.58731795428661748,0.014515865165884793,0.76990267419430469,0.023788788632359212,0.9041172563704748,0.030927384552427342,0.98156063424671924
479,-0.91451196077445318,0,0,0.090645021305927914,0.027164111866860144,-0.98156063424671924,0.02089414669440743,-0.9041172563704748,0.012749560875505252,-0.76990267419430469,0.0058779508039881693,-0.58731795428661759,0.0017940574404413591,-0.36783149899818013,0.00017412869412171213,-0.12523340851146897,0.00017412897851339378,0.12523340851146886,0.0017940580586713474,0.36783149899818024,0.0058779515666211937,0.58731795428661748,0.012749561705774794,0.76990267419430469,0.020894147552978866,0.9041172563704748,0.027164112738127476,0.98156063424671924
480,-0.92032898240328276,0,0,0.079039102670579522,0.023686099957105185,-0.98156063424671924,0.018218922409192102,-0.9041172563704748,0.011117145047941845,-0.76990267419430469,0.0051253554230325429,-0.58731795428661759,0.0015643515865723582,-0.36783149899818013,0.00015183370075570827,-0.12523340851146897,0.00015183399410260994,0.12523340851146886,0.0015643522092600997,0.36783149899818024,0.0051253561878825378,0.58731795428661748,0.011117145879648814,0.76990267419430469,0.018218923268940736,0.9041172563704748,0.023686100829458278,0.98156063424671924
481,-0.92603507641123173,0,0,0.068384063033503251,0.020493043384227413,-0.98156063424671924,0.01576288065053346,-0.9041172563704748,0.0096184739041244739,-0.76990267419430469,0.0044344205761009279,-0.58731795428661759,0.0013534656541147568,-0.36783149899818013,0.00013136534852646524,-0.12523340851146897,0.00013136565130142643,0.12523340851146886,0.0013534662811621365,0.36783149899818024,0.0044344213430299612,0.58731795428661748,0.0096184747371305546,0.76990267419430469,0.015762881511323625,0.9041172563704748,0.020493044257532927,0.98156063424671924
482,-0.93161627902894761,0,0,0.058670732280844726,0.017582194087940137,-0.98156063424671924,0.013523907659817442,-0.9041172563704748,0.0082522576333029733,-0.76990267419430469,0.0038045516195863963,-0.58731795428661759,0.0011612181469608407,-0.36783149899818013,0.00011270602159660778,-0.12523340851146897,0.00011270633426028427,0.12523340851146886,0.0011612187782553255,0.36783149899818024,0.0038045523884526833,0.58731795428661748,0.0082522584674696378,0.76990267419430469,0.013523908521514501,0.9041172563704748,0.017582194962066203,0.98156063424671924
483,-0.93705893211700719,0,0,0.049882109340703563,0.014948457260065768,-0.98156063424671924,0.011498084602106043,-0.9041172563704748,0.0070161049712220347,-0.76990267419430469,0.0032346461049398965,-0.58731795428661759,0.00098727257765719311,-0.36783149899818013,9.582306083594584e-05,-0.12523340851146897,9.5823383828865956e-05,0.12523340851146886,0.00098727321307236411,0.36783149899818024,0.0032346468755990276,0.58731795428661748,0.0070161058064118218,0.76990267419430469,0.011498085464577663,0.9041172563704748,0.014948458134883234,0.98156063424671924
484,-0.94234971658959998,0,0,0.041993781184656437,0.012584516909113906,-0.98156063424671924,0.0096797841481553876,-0.9041172563704748,0.0059065821342509754,-0.76990267419430469,0.0027231209491701668,-0.58731795428661759,0.00083114576033769703,-0.36783149899818013,8.0669568724627461e-05,-0.12523340851146897,8.0669902458335664e-05,0.12523340851146886,0.00083114639973391117,0.36783149899818024,0.0027231217214763685,0.58731795428661748,0.0059065829703287545,0.76990267419430469,0.0096797850112727533,0.9041172563704748,0.012584517784497498,0.98156063424671924
485,-0.9474756850084648,0,0,0.034974433443133078,0.010480988879305648,-0.98156063424671924,0.0080617881739005852,-0.9041172563704748,0.0049192846393441934,-0.76990267419430469,0.0022679455461196213,-0.58731795428661759,0.00069221791688986749,-0.36783149899818013,6.7185390246691449e-05,-0.12523340851146897,6.7185735094244713e-05,0.12523340851146886,0.00069221856011511085,0.36783149899818024,0.002267946319927092,0.58731795428661748,0.004919285476178455,0.76990267419430469,0.0080617890375396448,0.9041172563704748,0.010480989755135143,0.98156063424671924
486,-0.95242429326730393,0,0,0.028786446616813455,0.0086265995206460024,-0.98156063424671924,0.0066354251902660793,-0.9041172563704748,0.0040489211634017553,-0.76990267419430469,0.0018666804282849267,-0.58731795428661759,0.00056974447724885812,-0.36783149899818013,5.5298258213902373e-05,-0.12523340851146897,5.5298614499718286e-05,0.12523340851146886,0.00056974512413972527,0.36783149899818024,0.0018666812034491712,0.58731795428661748,0.0040489220008658672,0.76990267419430469,0.0066354260543087049,0.9041172563704748,0.0086266003968073959,0.98156063424671924
487,-0.95718343128912209,0,0,0.023386570493111068,0.0070083877951607684,-0.98156063424671924,0.0053907257996526773,-0.9041172563704748,0.003289408402467487,-0.76990267419430469,0.0015165209999109446,-0.58731795428661759,0.00046286942753673272,-0.36783149899818013,4.4925088821717397e-05,-0.12523340851146897,4.4925456811115371e-05,0.12523340851146886,0.0004628700779195727,0.36783149899818024,0.001516521776290134,0.58731795428661748,0.0032894092404409212,0.76990267419430469,0.0053907266639878233,0.9041172563704748,0.0070083886715473628,0.98156063424671924
488,-0.96174145266133815,0,0,0.018726668112940784,0.0056119282256640434,-0.98156063424671924,0.0043165941841247979,-0.9041172563704748,0.002633975713434402,-0.76990267419430469,0.0012143457801303277,-0.58731795428661759,0.00037064003475009293,-0.36783149899818013,3.5973410811633283e-05,-0.12523340851146897,3.5973790700163645e-05,0.12523340851146886,0.00037064068844224905,0.36783149899818024,0.0012143465575866241,0.58731795428661748,0.0026339765518038991,0.76990267419430469,0.0043165950486495491,0.9041172563704748,0.0056119291021774348,0.98156063424671924
489,-0.96608720313610463,0,0,0.014754519501795469,0.0044215717544370779,-0.98156063424671924,0.0034009933695797992,-0.9041172563704748,0.0020752781618233614,-0.76990267419430469,0.00095676852156903805,-0.58731795428661759,0.00029202275431069465,-0.36783149899818013,2.834290944088974e-05,-0.12523340851146897,2.8343301343865571e-05,0.12523340851146886,0.00029202341112186255,0.36783149899818024,0.00095676929996988758,0.58731795428661748,0.0020752790004840297,0.76990267419430469,0.0034009942342003449,0.9041172563704748,0.0044215726309880929,0.98156063424671924
490,-0.97021004792601495,0,0,0.01141467439990948,0.0034207012857430676,-0.98156063424671924,0.0026311417844601518,-0.9041172563704748,0.0016055164614663291,-0.76990267419430469,0.00074019350633811867,-0.58731795428661759,0.00022592010741242643,-0.36783149899818013,2.192706457964283e-05,-0.12523340851146897,2.1927468522056711e-05,0.12523340851146886,0.00022592076714605418,0.36783149899818024,0.00074019428555746039,0.58731795428661748,0.0016055173003226228,0.76990267419430469,0.0026311426490926537,0.9041172563704748,0.0034207021622525771,0.98156063424671924
491,-0.97409989772827599,0,0,0.0086493424159180179,0.002591998443254355,-0.98156063424671924,0.0019937184447747793,-0.9041172563704748,0.0012165621779440449,-0.76990267419430469,0.00056087326878292531,-0.58731795428661759,0.00017118829905899132,-0.36783149899818013,1.6614860698743641e-05,-0.12523340851146897,1.6615276606024587e-05,0.12523340851146886,0.00017118896151372686,0.36783149899818024,0.00056087404870230071,0.58731795428661748,0.0012165630169106258,0.76990267419430469,0.0019937193093461196,0.9041172563704748,0.0025919993196539572,0.98156063424671924
492,-0.97774723341343961,0,0,0.0063993083992950634,0.0019177178849348131,-0.98156063424671924,0.0014750739521791944,-0.9041172563704748,0.00090008647913906092,-0.76990267419430469,0.00041496795356486582,-0.58731795428661759,0.00012665533523497225,-0.36783149899818013,1.2292545302940369e-05,-0.12523340851146897,1.2292972992792449e-05,0.12523340851146886,0.00012665600020608157,0.36783149899818024,0.00041496873407438617,0.58731795428661748,0.000900087318141507,0.76990267419430469,0.0014750748166275534,0.9041172563704748,0.0019177187611673539,0.98156063424671924
493,-0.98114312931787384,0,0,0.0046048603885655267,0.001379965386576079,-0.98156063424671924,0.0010614443908364703,-0.9041172563704748,0.00064769065461833266,-0.76990267419430469,0.0002986054892295647,-0.58731795428661759,9.1139388978248506e-05,-0.36783149899818013,8.8454115221520239e-06,-0.12523340851146897,8.8458506979262319e-06,0.12523340851146886,9.1140056258995751e-05,0.36783149899818024,0.00029860627022872219,0.58731795428661748,0.00064769149359367498,0.76990267419430469,0.0010614452551117408,0.9041172563704748,0.0013799662625960196,0.98156063424671924
494,-0.98427927508220336,0,0,0.0032067172499290067,0.00096097583255751217,-0.98156063424671924,0.00073916515291637603,-0.9041172563704748,0.00045103659147097911,-0.76990267419430469,0.00020794174169949821,-0.58731795428661759,6.3467160325015031e-05,-0.36783149899818013,6.1595801080914047e-06,-0.12523340851146897,6.1600303539335521e-06,0.12523340851146886,6.3467829707932765e-05,0.36783149899818024,0.00020794252309777196,0.58731795428661748,0.00045103743036803396,0.76990267419430469,0.00073916601698038517,0.9041172563704748,0.00096097670833111023,0.98156063424671924
495,-0.98714799598073122,0,0,0.0021469430767569182,0.00064338723916138063,-0.98156063424671924,0.00049488171240725241,-0.9041172563704748,0.00030197538801334846,-0.76990267419430469,0.00013921980926449301,-0.58731795428661759,4.2491974224262037e-05,-0.36783149899818013,4.1237559984664628e-06,-0.12523340851146897,4.1242167766309888e-06,0.12523340851146886,4.2492645502300014e-05,0.36783149899818024,0.00013922059098174465,0.58731795428661748,0.00030197622679284424,0.76990267419430469,0.00049488257623378495,0.9041172563704748,0.00064338811466667476,0.98156063424671924
496,-0.98974227168878515,0,0,0.0013698355725873083,0.00041050698137418265,-0.98156063424671924,0.0003157544019894766,-0.9041172563704748,0.00019267230817578769,-0.76990267419430469,8.8827630510629108e-05,-0.58731795428661759,2.7111363530250629e-05,-0.36783149899818013,2.6309349034616001e-06,-0.12523340851146897,2.6314055539728403e-06,0.12523340851146886,2.7112036497741814e-05,0.36783149899818024,8.882841247725069e-05,0.58731795428661748,0.00019267314681025829,0.76990267419430469,0.00031575526556408377,0.9041172563704748,0.00041050785660077252,0.98156063424671924
497,-0.99205575343445429,0,0,0.00082277598432314641,0.00024656649721790144,-0.98156063424671924,0.00018965432703192233,-0.9041172563704748,0.00011572632778183348,-0.76990267419430469,5.3353098940305075e-05,-0.58731795428661759,1.6283890991574875e-05,-0.36783149899818013,1.580036030029896e-06,-0.12523340851146897,1.5805157729503678e-06,0.12523340851146886,1.6284565445011098e-05,0.36783149899818024,5.3353881097119828e-05,0.58731795428661748,0.0001157271662552815,0.76990267419430469,0.0001896551903515135,0.9041172563704748,0.00024656737216652123,0.98156063424671924
498,-0.99408277947358292,0,0,0.00045702868047706841,0.00013696090192488085,-0.98156063424671924,0.00010534767251119297,-0.9041172563704748,6.4282598215037652e-05,-0.76990267419430469,2.9635912283745112e-05,-0.58731795428661759,9.044974608405783e-06,-0.36783149899818013,8.7743807421156226e-07,-0.12523340851146897,8.7792601457585473e-07,0.12523340851146886,9.0456503469818278e-06,0.36783149899818024,2.9636694581640751e-05,0.58731795428661748,6.4283436522354526e-05,0.76990267419430469,0.00010534853558340444,0.9041172563704748,0.00013696177660675962,0.98156063424671924
499,-0.99581838879613738,0,0,0.00022847917149571102,6.8470154699337867e-05,-0.98156063424671924,5.2665820511858887e-05,-0.9041172563704748,3.2136251734294094e-05,-0.76990267419430469,1.4815430036303242e-05,-0.58731795428661759,4.5214946273129794e-06,-0.36783149899818013,4.3839696048744157e-07,-0.12523340851146897,4.3889209597777387e-07,0.12523340851146886,4.5221714532430521e-06,0.36783149899818024,1.4816212435609439e-05,0.58731795428661748,3.213708988044958e-05,0.76990267419430469,5.2666683354209787e-05,0.9041172563704748,6.8471029135357107e-05,0.98156063424671924
500,-0.99725833285392451,0,0,9.8300232712793714e-05,2.9458679583314906e-05,-0.98156063424671924,2.2658895010851404e-05,-0.9041172563704748,1.3826094155304145e-05,-0.76990267419430469,6.3738687513522563e-06,-0.58731795428661759,1.944977533914869e-06,-0.36783149899818013,1.8832546609068775e-07,-0.12523340851146897,1.8882669734298096e-07,0.12523340851146886,1.9456552525053612e-06,0.36783149899818024,6.3746512209626959e-06,0.58731795428661748,1.3826932154309392e-05,0.76990267419430469,2.2659757649693246e-05,0.9041172563704748,2.9459553802970449e-05,0.98156063424671924
501,-0.99839908457534254,0,0,3.3536800721660017e-05,1.0050644689730344e-05,-0.98156063424671924,7.7305835150650383e-06,-0.9041172563704748,4.7168727100569316e-06,-0.76990267419430469,2.1742301284756881e-06,-0.58731795428661759,6.6317239841282564e-07,-0.36783149899818013,6.3916808792887485e-08,-0.12523340851146897,6.4422952194901916e-08,0.12523340851146886,6.6385081791122693e-07,0.36783149899818024,2.1750126447394056e-06,0.58731795428661748,4.7177105837238757e-06,0.76990267419430469,7.7314459843461563e-06,0.9041172563704748,1.0051518729918395e-05,0.98156063424671924
502,-0.99923784083788214,0,0,7.6014525754342217e-06,2.2784452811952833e-06,-0.98156063424671924,1.7523475784500599e-06,-0.9041172563704748,1.0689670470158233e-06,-0.76990267419430469,4.9243077128488096e-07,-0.58731795428661759,1.4985746474956336e-07,-0.36783149899818013,1.4096464029762976e-08,-0.12523340851146897,1.4606266699979025e-08,0.12523340851146886,1.5053639597809033e-07,0.36783149899818024,4.9321331668760771e-07,0.58731795428661748,1.0698048235341279e-06,0.76990267419430469,1.7532099183148625e-06,0.9041172563704748,2.2793191848424421e-06,0.98156063424671924
503,-0.99977248393777041,0,0,6.7350589126970998e-07,2.0230437551093556e-07,-0.98156063424671924,1.5541743941899374e-07,-0.9041172563704748,9.4524151557226817e-08,-0.76990267419430469,4.3182163194114023e-08,-0.58731795428661759,1.2739192046721981e-08,-0.36783149899818013,7.8883739911741735e-10,-0.12523340851146897,1.3009938378961865e-09,0.12523340851146886,1.3418447833862301e-08,0.36783149899818024,4.3964724866474572e-08,0.58731795428661748,9.5361863927035365e-08,0.76990267419430469,1.5627969467895868e-07,0.9041172563704748,2.0317819008353523e-07,0.98156063424671924
504,-1,0,0,-4.4823774176562897e-09,-8.7376503867532433e-10,-0.98156063424671924,-8.6347167561044764e-10,-0.9041172563704748,-8.3799038187573922e-10,-0.76990267419430469,-7.826243587910132e-10,-0.58731795428661759,-6.7940454195534972e-10,-0.36783149899818013,-5.1316314486208207e-10,-0.12523340851146897,-7.1786464186183612e-18,0.12523340851146886,-1.1028992755779438e-14,0.36783149899818024,-5.6310286518923225e-14,0.58731795428661748,-3.0583791499161068e-13,0.76990267419430469,-1.2529198579866782e-12,0.9041172563704748,1.1144722055829052e-14,0.98156063424671924
